2026-07-02T14:51:52.642+08:00  INFO 33804 --- [gateway-server] [main] c.a.nacos.client.logging.NacosLogging    : Nacos Logging Adapter Builder: com.alibaba.nacos.logger.adapter.logback12.LogbackNacosLoggingAdapterBuilder
2026-07-02T14:51:52.653+08:00  INFO 33804 --- [gateway-server] [main] c.a.nacos.client.logging.NacosLogging    : Nacos Logging Adapter Builder: com.alibaba.nacos.logger.adapter.logback14.LogbackNacosLoggingAdapterBuilder
2026-07-02T14:51:52.654+08:00  INFO 33804 --- [gateway-server] [main] c.a.nacos.client.logging.NacosLogging    : Nacos Logging Adapter: com.alibaba.nacos.logger.adapter.logback14.LogbackNacosLoggingAdapter match ch.qos.logback.classic.Logger success.
2026-07-02T14:51:52.669+08:00  INFO 33804 --- [gateway-server] [main] c.a.nacos.client.logging.NacosLogging    : Nacos Logging Adapter Builder: com.alibaba.nacos.logger.adapter.log4j2.Log4j2NacosLoggingAdapterBuilder
2026-07-02T14:51:52.970+08:00  INFO 33804 --- [gateway-server] [main] o.g.tms.GatewayServiceMainApplication80  : Starting GatewayServiceMainApplication80 using Java 21.0.9 with PID 33804 (D:\java\microservices\tms-parent\service-gateway-80\target\classes started by 86134 in D:\java\microservices\tms-parent)
2026-07-02T14:51:52.972+08:00  INFO 33804 --- [gateway-server] [main] o.g.tms.GatewayServiceMainApplication80  : The following 1 profile is active: "dev"
2026-07-02T14:51:53.980+08:00  INFO 33804 --- [gateway-server] [main] o.s.cloud.context.scope.GenericScope     : BeanFactory id=6fb23242-8e06-3f76-9f52-4e4c9422f9bb
2026-07-02T14:51:55.529+08:00  INFO 33804 --- [gateway-server] [main] o.s.cloud.commons.util.InetUtils         : Cannot determine local hostname
2026-07-02T14:51:56.564+08:00  INFO 33804 --- [gateway-server] [main] o.s.cloud.commons.util.InetUtils         : Cannot determine local hostname
2026-07-02T14:51:57.577+08:00  INFO 33804 --- [gateway-server] [main] o.s.cloud.commons.util.InetUtils         : Cannot determine local hostname
2026-07-02T14:51:57.916+08:00  INFO 33804 --- [gateway-server] [main] o.s.c.g.r.RouteDefinitionRouteLocator    : Loaded RoutePredicateFactory [After]
2026-07-02T14:51:57.917+08:00  INFO 33804 --- [gateway-server] [main] o.s.c.g.r.RouteDefinitionRouteLocator    : Loaded RoutePredicateFactory [Before]
2026-07-02T14:51:57.917+08:00  INFO 33804 --- [gateway-server] [main] o.s.c.g.r.RouteDefinitionRouteLocator    : Loaded RoutePredicateFactory [Between]
2026-07-02T14:51:57.917+08:00  INFO 33804 --- [gateway-server] [main] o.s.c.g.r.RouteDefinitionRouteLocator    : Loaded RoutePredicateFactory [Cookie]
2026-07-02T14:51:57.917+08:00  INFO 33804 --- [gateway-server] [main] o.s.c.g.r.RouteDefinitionRouteLocator    : Loaded RoutePredicateFactory [Header]
2026-07-02T14:51:57.917+08:00  INFO 33804 --- [gateway-server] [main] o.s.c.g.r.RouteDefinitionRouteLocator    : Loaded RoutePredicateFactory [Host]
2026-07-02T14:51:57.917+08:00  INFO 33804 --- [gateway-server] [main] o.s.c.g.r.RouteDefinitionRouteLocator    : Loaded RoutePredicateFactory [Method]
2026-07-02T14:51:57.917+08:00  INFO 33804 --- [gateway-server] [main] o.s.c.g.r.RouteDefinitionRouteLocator    : Loaded RoutePredicateFactory [Path]
2026-07-02T14:51:57.917+08:00  INFO 33804 --- [gateway-server] [main] o.s.c.g.r.RouteDefinitionRouteLocator    : Loaded RoutePredicateFactory [Query]
2026-07-02T14:51:57.918+08:00  INFO 33804 --- [gateway-server] [main] o.s.c.g.r.RouteDefinitionRouteLocator    : Loaded RoutePredicateFactory [ReadBody]
2026-07-02T14:51:57.918+08:00  INFO 33804 --- [gateway-server] [main] o.s.c.g.r.RouteDefinitionRouteLocator    : Loaded RoutePredicateFactory [RemoteAddr]
2026-07-02T14:51:57.918+08:00  INFO 33804 --- [gateway-server] [main] o.s.c.g.r.RouteDefinitionRouteLocator    : Loaded RoutePredicateFactory [XForwardedRemoteAddr]
2026-07-02T14:51:57.918+08:00  INFO 33804 --- [gateway-server] [main] o.s.c.g.r.RouteDefinitionRouteLocator    : Loaded RoutePredicateFactory [Weight]
2026-07-02T14:51:57.918+08:00  INFO 33804 --- [gateway-server] [main] o.s.c.g.r.RouteDefinitionRouteLocator    : Loaded RoutePredicateFactory [CloudFoundryRouteService]
2026-07-02T14:51:58.309+08:00  WARN 33804 --- [gateway-server] [main] iguration$LoadBalancerCaffeineWarnLogger : Spring Cloud LoadBalancer is currently working with the default cache. While this cache implementation is useful for development and tests, it's recommended to use Caffeine cache in production.You can switch to using Caffeine cache, by adding it and org.springframework.cache.caffeine.CaffeineCacheManager to the classpath.
2026-07-02T14:51:58.538+08:00  INFO 33804 --- [gateway-server] [main] o.s.b.web.embedded.netty.NettyWebServer  : Netty started on port 81 (http)
2026-07-02T14:51:59.554+08:00  INFO 33804 --- [gateway-server] [main] o.s.cloud.commons.util.InetUtils         : Cannot determine local hostname
2026-07-02T14:52:00.569+08:00  INFO 33804 --- [gateway-server] [main] o.s.cloud.commons.util.InetUtils         : Cannot determine local hostname
2026-07-02T14:52:00.625+08:00  INFO 33804 --- [gateway-server] [main] c.a.n.p.a.s.c.ClientAuthPluginManager    : [ClientAuthPluginManager] Load ClientAuthService com.alibaba.nacos.client.auth.impl.NacosClientAuthServiceImpl success.
2026-07-02T14:52:00.626+08:00  INFO 33804 --- [gateway-server] [main] c.a.n.p.a.s.c.ClientAuthPluginManager    : [ClientAuthPluginManager] Load ClientAuthService com.alibaba.nacos.client.auth.ram.RamClientAuthServiceImpl success.
2026-07-02T14:52:01.683+08:00  INFO 33804 --- [gateway-server] [main] c.a.n.c.a.AbstractAbilityControlManager  : Ready to get current node abilities...
2026-07-02T14:52:01.684+08:00  INFO 33804 --- [gateway-server] [main] c.a.n.c.a.AbstractAbilityControlManager  : Ready to initialize current node abilities, support modes: [SDK_CLIENT]
2026-07-02T14:52:01.686+08:00  INFO 33804 --- [gateway-server] [main] c.a.n.c.a.AbstractAbilityControlManager  : Initialize current abilities finish...
2026-07-02T14:52:01.686+08:00  INFO 33804 --- [gateway-server] [main] c.a.n.c.a.d.NacosAbilityManagerHolder    : [AbilityControlManager] Successfully initialize AbilityControlManager
2026-07-02T14:52:01.923+08:00  INFO 33804 --- [gateway-server] [main] c.a.c.n.registry.NacosServiceRegistry    : nacos registry, DEFAULT_GROUP gateway-server 192.168.164.1:81 register finished
2026-07-02T14:52:02.123+08:00  INFO 33804 --- [gateway-server] [main] a.c.n.d.NacosDiscoveryHeartBeatPublisher : Start nacos heartBeat task scheduler.
2026-07-02T14:52:02.138+08:00  INFO 33804 --- [gateway-server] [main] o.g.tms.GatewayServiceMainApplication80  : Started GatewayServiceMainApplication80 in 11.0 seconds (process running for 13.35)
2026-07-02T14:59:08.067+08:00  WARN 33804 --- [gateway-server] [Thread-22] c.a.n.common.http.HttpClientBeanHolder   : [HttpClientBeanHolder] Start destroying common HttpClient
2026-07-02T14:59:08.067+08:00  WARN 33804 --- [gateway-server] [Thread-20] c.a.nacos.common.notify.NotifyCenter     : [NotifyCenter] Start destroying Publisher
2026-07-02T14:59:08.067+08:00  WARN 33804 --- [gateway-server] [Thread-2] c.a.n.common.executor.ThreadPoolManager  : [ThreadPoolManager] Start destroying ThreadPool
2026-07-02T14:59:08.071+08:00  WARN 33804 --- [gateway-server] [Thread-20] c.a.nacos.common.notify.NotifyCenter     : [NotifyCenter] Destruction of the end
2026-07-02T14:59:08.071+08:00  WARN 33804 --- [gateway-server] [Thread-2] c.a.n.common.executor.ThreadPoolManager  : [ThreadPoolManager] Destruction of the end
2026-07-02T14:59:08.074+08:00  WARN 33804 --- [gateway-server] [Thread-22] c.a.n.common.http.HttpClientBeanHolder   : [HttpClientBeanHolder] Destruction of the end
2026-07-02T14:59:10.175+08:00  INFO 33804 --- [gateway-server] [SpringApplicationShutdownHook] c.a.c.n.registry.NacosServiceRegistry    : De-registering from Nacos Server now...
2026-07-02T14:59:10.205+08:00  INFO 33804 --- [gateway-server] [SpringApplicationShutdownHook] c.a.c.n.registry.NacosServiceRegistry    : De-registration finished.
2026-07-02T14:59:17.119+08:00  INFO 15700 --- [gateway-server] [main] c.a.nacos.client.logging.NacosLogging    : Nacos Logging Adapter Builder: com.alibaba.nacos.logger.adapter.logback12.LogbackNacosLoggingAdapterBuilder
2026-07-02T14:59:17.125+08:00  INFO 15700 --- [gateway-server] [main] c.a.nacos.client.logging.NacosLogging    : Nacos Logging Adapter Builder: com.alibaba.nacos.logger.adapter.logback14.LogbackNacosLoggingAdapterBuilder
2026-07-02T14:59:17.125+08:00  INFO 15700 --- [gateway-server] [main] c.a.nacos.client.logging.NacosLogging    : Nacos Logging Adapter: com.alibaba.nacos.logger.adapter.logback14.LogbackNacosLoggingAdapter match ch.qos.logback.classic.Logger success.
2026-07-02T14:59:17.134+08:00  INFO 15700 --- [gateway-server] [main] c.a.nacos.client.logging.NacosLogging    : Nacos Logging Adapter Builder: com.alibaba.nacos.logger.adapter.log4j2.Log4j2NacosLoggingAdapterBuilder
2026-07-02T14:59:17.369+08:00  INFO 15700 --- [gateway-server] [main] o.g.tms.GatewayServiceMainApplication80  : Starting GatewayServiceMainApplication80 using Java 21.0.9 with PID 15700 (D:\java\microservices\tms-parent\service-gateway-80\target\classes started by 86134 in D:\java\microservices\tms-parent)
2026-07-02T14:59:17.370+08:00  INFO 15700 --- [gateway-server] [main] o.g.tms.GatewayServiceMainApplication80  : The following 1 profile is active: "dev"
2026-07-02T14:59:18.180+08:00  INFO 15700 --- [gateway-server] [main] o.s.cloud.context.scope.GenericScope     : BeanFactory id=6fb23242-8e06-3f76-9f52-4e4c9422f9bb
2026-07-02T14:59:19.635+08:00  INFO 15700 --- [gateway-server] [main] o.s.cloud.commons.util.InetUtils         : Cannot determine local hostname
2026-07-02T14:59:20.667+08:00  INFO 15700 --- [gateway-server] [main] o.s.cloud.commons.util.InetUtils         : Cannot determine local hostname
2026-07-02T14:59:21.681+08:00  INFO 15700 --- [gateway-server] [main] o.s.cloud.commons.util.InetUtils         : Cannot determine local hostname
2026-07-02T14:59:22.101+08:00  INFO 15700 --- [gateway-server] [main] o.s.c.g.r.RouteDefinitionRouteLocator    : Loaded RoutePredicateFactory [After]
2026-07-02T14:59:22.101+08:00  INFO 15700 --- [gateway-server] [main] o.s.c.g.r.RouteDefinitionRouteLocator    : Loaded RoutePredicateFactory [Before]
2026-07-02T14:59:22.101+08:00  INFO 15700 --- [gateway-server] [main] o.s.c.g.r.RouteDefinitionRouteLocator    : Loaded RoutePredicateFactory [Between]
2026-07-02T14:59:22.101+08:00  INFO 15700 --- [gateway-server] [main] o.s.c.g.r.RouteDefinitionRouteLocator    : Loaded RoutePredicateFactory [Cookie]
2026-07-02T14:59:22.101+08:00  INFO 15700 --- [gateway-server] [main] o.s.c.g.r.RouteDefinitionRouteLocator    : Loaded RoutePredicateFactory [Header]
2026-07-02T14:59:22.101+08:00  INFO 15700 --- [gateway-server] [main] o.s.c.g.r.RouteDefinitionRouteLocator    : Loaded RoutePredicateFactory [Host]
2026-07-02T14:59:22.101+08:00  INFO 15700 --- [gateway-server] [main] o.s.c.g.r.RouteDefinitionRouteLocator    : Loaded RoutePredicateFactory [Method]
2026-07-02T14:59:22.102+08:00  INFO 15700 --- [gateway-server] [main] o.s.c.g.r.RouteDefinitionRouteLocator    : Loaded RoutePredicateFactory [Path]
2026-07-02T14:59:22.102+08:00  INFO 15700 --- [gateway-server] [main] o.s.c.g.r.RouteDefinitionRouteLocator    : Loaded RoutePredicateFactory [Query]
2026-07-02T14:59:22.102+08:00  INFO 15700 --- [gateway-server] [main] o.s.c.g.r.RouteDefinitionRouteLocator    : Loaded RoutePredicateFactory [ReadBody]
2026-07-02T14:59:22.102+08:00  INFO 15700 --- [gateway-server] [main] o.s.c.g.r.RouteDefinitionRouteLocator    : Loaded RoutePredicateFactory [RemoteAddr]
2026-07-02T14:59:22.102+08:00  INFO 15700 --- [gateway-server] [main] o.s.c.g.r.RouteDefinitionRouteLocator    : Loaded RoutePredicateFactory [XForwardedRemoteAddr]
2026-07-02T14:59:22.102+08:00  INFO 15700 --- [gateway-server] [main] o.s.c.g.r.RouteDefinitionRouteLocator    : Loaded RoutePredicateFactory [Weight]
2026-07-02T14:59:22.102+08:00  INFO 15700 --- [gateway-server] [main] o.s.c.g.r.RouteDefinitionRouteLocator    : Loaded RoutePredicateFactory [CloudFoundryRouteService]
2026-07-02T14:59:22.512+08:00  WARN 15700 --- [gateway-server] [main] iguration$LoadBalancerCaffeineWarnLogger : Spring Cloud LoadBalancer is currently working with the default cache. While this cache implementation is useful for development and tests, it's recommended to use Caffeine cache in production.You can switch to using Caffeine cache, by adding it and org.springframework.cache.caffeine.CaffeineCacheManager to the classpath.
2026-07-02T14:59:22.728+08:00  INFO 15700 --- [gateway-server] [main] o.s.b.web.embedded.netty.NettyWebServer  : Netty started on port 81 (http)
2026-07-02T14:59:23.742+08:00  INFO 15700 --- [gateway-server] [main] o.s.cloud.commons.util.InetUtils         : Cannot determine local hostname
2026-07-02T14:59:24.758+08:00  INFO 15700 --- [gateway-server] [main] o.s.cloud.commons.util.InetUtils         : Cannot determine local hostname
2026-07-02T14:59:24.807+08:00  INFO 15700 --- [gateway-server] [main] c.a.n.p.a.s.c.ClientAuthPluginManager    : [ClientAuthPluginManager] Load ClientAuthService com.alibaba.nacos.client.auth.impl.NacosClientAuthServiceImpl success.
2026-07-02T14:59:24.808+08:00  INFO 15700 --- [gateway-server] [main] c.a.n.p.a.s.c.ClientAuthPluginManager    : [ClientAuthPluginManager] Load ClientAuthService com.alibaba.nacos.client.auth.ram.RamClientAuthServiceImpl success.
2026-07-02T14:59:25.674+08:00  INFO 15700 --- [gateway-server] [main] c.a.n.c.a.AbstractAbilityControlManager  : Ready to get current node abilities...
2026-07-02T14:59:25.676+08:00  INFO 15700 --- [gateway-server] [main] c.a.n.c.a.AbstractAbilityControlManager  : Ready to initialize current node abilities, support modes: [SDK_CLIENT]
2026-07-02T14:59:25.677+08:00  INFO 15700 --- [gateway-server] [main] c.a.n.c.a.AbstractAbilityControlManager  : Initialize current abilities finish...
2026-07-02T14:59:25.678+08:00  INFO 15700 --- [gateway-server] [main] c.a.n.c.a.d.NacosAbilityManagerHolder    : [AbilityControlManager] Successfully initialize AbilityControlManager
2026-07-02T14:59:25.747+08:00  INFO 15700 --- [gateway-server] [main] c.a.c.n.registry.NacosServiceRegistry    : nacos registry, DEFAULT_GROUP gateway-server 192.168.164.1:81 register finished
2026-07-02T14:59:25.902+08:00  INFO 15700 --- [gateway-server] [main] a.c.n.d.NacosDiscoveryHeartBeatPublisher : Start nacos heartBeat task scheduler.
2026-07-02T14:59:25.918+08:00  INFO 15700 --- [gateway-server] [main] o.g.tms.GatewayServiceMainApplication80  : Started GatewayServiceMainApplication80 in 10.411 seconds (process running for 11.543)
2026-07-02T16:48:28.430+08:00 ERROR 15700 --- [gateway-server] [boundedElastic-5] c.a.c.n.d.r.NacosReactiveDiscoveryClient : get services from nacos server fail,

com.alibaba.nacos.api.exception.NacosException: Client not connected, current status:UNHEALTHY
	at com.alibaba.nacos.common.remote.client.RpcClient.request(RpcClient.java:645) ~[nacos-client-2.4.2.jar:na]
	at com.alibaba.nacos.common.remote.client.RpcClient.request(RpcClient.java:624) ~[nacos-client-2.4.2.jar:na]
	at com.alibaba.nacos.client.naming.remote.gprc.NamingGrpcClientProxy.requestToServer(NamingGrpcClientProxy.java:447) ~[nacos-client-2.4.2.jar:na]
	at com.alibaba.nacos.client.naming.remote.gprc.NamingGrpcClientProxy.getServiceList(NamingGrpcClientProxy.java:368) ~[nacos-client-2.4.2.jar:na]
	at com.alibaba.nacos.client.naming.remote.NamingClientProxyDelegate.getServiceList(NamingClientProxyDelegate.java:159) ~[nacos-client-2.4.2.jar:na]
	at com.alibaba.nacos.client.naming.NacosNamingService.getServicesOfServer(NacosNamingService.java:515) ~[nacos-client-2.4.2.jar:na]
	at com.alibaba.nacos.client.naming.NacosNamingService.getServicesOfServer(NacosNamingService.java:503) ~[nacos-client-2.4.2.jar:na]
	at com.alibaba.cloud.nacos.discovery.NacosServiceDiscovery.getServices(NacosServiceDiscovery.java:70) ~[spring-cloud-starter-alibaba-nacos-discovery-2023.0.3.2.jar:2023.0.3.2]
	at com.alibaba.cloud.nacos.discovery.reactive.NacosReactiveDiscoveryClient.lambda$getServices$3(NacosReactiveDiscoveryClient.java:87) ~[spring-cloud-starter-alibaba-nacos-discovery-2023.0.3.2.jar:2023.0.3.2]
	at reactor.core.publisher.FluxDefer.subscribe(FluxDefer.java:46) ~[reactor-core-3.6.15.jar:3.6.15]
	at reactor.core.publisher.FluxSubscribeOn$SubscribeOnSubscriber.run(FluxSubscribeOn.java:194) ~[reactor-core-3.6.15.jar:3.6.15]
	at reactor.core.scheduler.WorkerTask.call(WorkerTask.java:84) ~[reactor-core-3.6.15.jar:3.6.15]
	at reactor.core.scheduler.WorkerTask.call(WorkerTask.java:37) ~[reactor-core-3.6.15.jar:3.6.15]
	at java.base/java.util.concurrent.FutureTask.run(FutureTask.java:317) ~[na:na]
	at java.base/java.util.concurrent.ScheduledThreadPoolExecutor$ScheduledFutureTask.run(ScheduledThreadPoolExecutor.java:304) ~[na:na]
	at java.base/java.util.concurrent.ThreadPoolExecutor.runWorker(ThreadPoolExecutor.java:1144) ~[na:na]
	at java.base/java.util.concurrent.ThreadPoolExecutor$Worker.run(ThreadPoolExecutor.java:642) ~[na:na]
	at java.base/java.lang.Thread.run(Thread.java:1583) ~[na:na]

2026-07-02T16:48:58.393+08:00 ERROR 15700 --- [gateway-server] [boundedElastic-5] c.a.c.n.d.r.NacosReactiveDiscoveryClient : get services from nacos server fail,

com.alibaba.nacos.api.exception.NacosException: Client not connected, current status:UNHEALTHY
	at com.alibaba.nacos.common.remote.client.RpcClient.request(RpcClient.java:645) ~[nacos-client-2.4.2.jar:na]
	at com.alibaba.nacos.common.remote.client.RpcClient.request(RpcClient.java:624) ~[nacos-client-2.4.2.jar:na]
	at com.alibaba.nacos.client.naming.remote.gprc.NamingGrpcClientProxy.requestToServer(NamingGrpcClientProxy.java:447) ~[nacos-client-2.4.2.jar:na]
	at com.alibaba.nacos.client.naming.remote.gprc.NamingGrpcClientProxy.getServiceList(NamingGrpcClientProxy.java:368) ~[nacos-client-2.4.2.jar:na]
	at com.alibaba.nacos.client.naming.remote.NamingClientProxyDelegate.getServiceList(NamingClientProxyDelegate.java:159) ~[nacos-client-2.4.2.jar:na]
	at com.alibaba.nacos.client.naming.NacosNamingService.getServicesOfServer(NacosNamingService.java:515) ~[nacos-client-2.4.2.jar:na]
	at com.alibaba.nacos.client.naming.NacosNamingService.getServicesOfServer(NacosNamingService.java:503) ~[nacos-client-2.4.2.jar:na]
	at com.alibaba.cloud.nacos.discovery.NacosServiceDiscovery.getServices(NacosServiceDiscovery.java:70) ~[spring-cloud-starter-alibaba-nacos-discovery-2023.0.3.2.jar:2023.0.3.2]
	at com.alibaba.cloud.nacos.discovery.reactive.NacosReactiveDiscoveryClient.lambda$getServices$3(NacosReactiveDiscoveryClient.java:87) ~[spring-cloud-starter-alibaba-nacos-discovery-2023.0.3.2.jar:2023.0.3.2]
	at reactor.core.publisher.FluxDefer.subscribe(FluxDefer.java:46) ~[reactor-core-3.6.15.jar:3.6.15]
	at reactor.core.publisher.FluxSubscribeOn$SubscribeOnSubscriber.run(FluxSubscribeOn.java:194) ~[reactor-core-3.6.15.jar:3.6.15]
	at reactor.core.scheduler.WorkerTask.call(WorkerTask.java:84) ~[reactor-core-3.6.15.jar:3.6.15]
	at reactor.core.scheduler.WorkerTask.call(WorkerTask.java:37) ~[reactor-core-3.6.15.jar:3.6.15]
	at java.base/java.util.concurrent.FutureTask.run(FutureTask.java:317) ~[na:na]
	at java.base/java.util.concurrent.ScheduledThreadPoolExecutor$ScheduledFutureTask.run(ScheduledThreadPoolExecutor.java:304) ~[na:na]
	at java.base/java.util.concurrent.ThreadPoolExecutor.runWorker(ThreadPoolExecutor.java:1144) ~[na:na]
	at java.base/java.util.concurrent.ThreadPoolExecutor$Worker.run(ThreadPoolExecutor.java:642) ~[na:na]
	at java.base/java.lang.Thread.run(Thread.java:1583) ~[na:na]

2026-07-02T16:49:28.401+08:00 ERROR 15700 --- [gateway-server] [boundedElastic-5] c.a.c.n.d.r.NacosReactiveDiscoveryClient : get services from nacos server fail,

com.alibaba.nacos.api.exception.NacosException: Client not connected, current status:UNHEALTHY
	at com.alibaba.nacos.common.remote.client.RpcClient.request(RpcClient.java:645) ~[nacos-client-2.4.2.jar:na]
	at com.alibaba.nacos.common.remote.client.RpcClient.request(RpcClient.java:624) ~[nacos-client-2.4.2.jar:na]
	at com.alibaba.nacos.client.naming.remote.gprc.NamingGrpcClientProxy.requestToServer(NamingGrpcClientProxy.java:447) ~[nacos-client-2.4.2.jar:na]
	at com.alibaba.nacos.client.naming.remote.gprc.NamingGrpcClientProxy.getServiceList(NamingGrpcClientProxy.java:368) ~[nacos-client-2.4.2.jar:na]
	at com.alibaba.nacos.client.naming.remote.NamingClientProxyDelegate.getServiceList(NamingClientProxyDelegate.java:159) ~[nacos-client-2.4.2.jar:na]
	at com.alibaba.nacos.client.naming.NacosNamingService.getServicesOfServer(NacosNamingService.java:515) ~[nacos-client-2.4.2.jar:na]
	at com.alibaba.nacos.client.naming.NacosNamingService.getServicesOfServer(NacosNamingService.java:503) ~[nacos-client-2.4.2.jar:na]
	at com.alibaba.cloud.nacos.discovery.NacosServiceDiscovery.getServices(NacosServiceDiscovery.java:70) ~[spring-cloud-starter-alibaba-nacos-discovery-2023.0.3.2.jar:2023.0.3.2]
	at com.alibaba.cloud.nacos.discovery.reactive.NacosReactiveDiscoveryClient.lambda$getServices$3(NacosReactiveDiscoveryClient.java:87) ~[spring-cloud-starter-alibaba-nacos-discovery-2023.0.3.2.jar:2023.0.3.2]
	at reactor.core.publisher.FluxDefer.subscribe(FluxDefer.java:46) ~[reactor-core-3.6.15.jar:3.6.15]
	at reactor.core.publisher.FluxSubscribeOn$SubscribeOnSubscriber.run(FluxSubscribeOn.java:194) ~[reactor-core-3.6.15.jar:3.6.15]
	at reactor.core.scheduler.WorkerTask.call(WorkerTask.java:84) ~[reactor-core-3.6.15.jar:3.6.15]
	at reactor.core.scheduler.WorkerTask.call(WorkerTask.java:37) ~[reactor-core-3.6.15.jar:3.6.15]
	at java.base/java.util.concurrent.FutureTask.run(FutureTask.java:317) ~[na:na]
	at java.base/java.util.concurrent.ScheduledThreadPoolExecutor$ScheduledFutureTask.run(ScheduledThreadPoolExecutor.java:304) ~[na:na]
	at java.base/java.util.concurrent.ThreadPoolExecutor.runWorker(ThreadPoolExecutor.java:1144) ~[na:na]
	at java.base/java.util.concurrent.ThreadPoolExecutor$Worker.run(ThreadPoolExecutor.java:642) ~[na:na]
	at java.base/java.lang.Thread.run(Thread.java:1583) ~[na:na]

2026-07-02T16:49:58.406+08:00 ERROR 15700 --- [gateway-server] [boundedElastic-5] c.a.c.n.d.r.NacosReactiveDiscoveryClient : get services from nacos server fail,

com.alibaba.nacos.api.exception.NacosException: Client not connected, current status:UNHEALTHY
	at com.alibaba.nacos.common.remote.client.RpcClient.request(RpcClient.java:645) ~[nacos-client-2.4.2.jar:na]
	at com.alibaba.nacos.common.remote.client.RpcClient.request(RpcClient.java:624) ~[nacos-client-2.4.2.jar:na]
	at com.alibaba.nacos.client.naming.remote.gprc.NamingGrpcClientProxy.requestToServer(NamingGrpcClientProxy.java:447) ~[nacos-client-2.4.2.jar:na]
	at com.alibaba.nacos.client.naming.remote.gprc.NamingGrpcClientProxy.getServiceList(NamingGrpcClientProxy.java:368) ~[nacos-client-2.4.2.jar:na]
	at com.alibaba.nacos.client.naming.remote.NamingClientProxyDelegate.getServiceList(NamingClientProxyDelegate.java:159) ~[nacos-client-2.4.2.jar:na]
	at com.alibaba.nacos.client.naming.NacosNamingService.getServicesOfServer(NacosNamingService.java:515) ~[nacos-client-2.4.2.jar:na]
	at com.alibaba.nacos.client.naming.NacosNamingService.getServicesOfServer(NacosNamingService.java:503) ~[nacos-client-2.4.2.jar:na]
	at com.alibaba.cloud.nacos.discovery.NacosServiceDiscovery.getServices(NacosServiceDiscovery.java:70) ~[spring-cloud-starter-alibaba-nacos-discovery-2023.0.3.2.jar:2023.0.3.2]
	at com.alibaba.cloud.nacos.discovery.reactive.NacosReactiveDiscoveryClient.lambda$getServices$3(NacosReactiveDiscoveryClient.java:87) ~[spring-cloud-starter-alibaba-nacos-discovery-2023.0.3.2.jar:2023.0.3.2]
	at reactor.core.publisher.FluxDefer.subscribe(FluxDefer.java:46) ~[reactor-core-3.6.15.jar:3.6.15]
	at reactor.core.publisher.FluxSubscribeOn$SubscribeOnSubscriber.run(FluxSubscribeOn.java:194) ~[reactor-core-3.6.15.jar:3.6.15]
	at reactor.core.scheduler.WorkerTask.call(WorkerTask.java:84) ~[reactor-core-3.6.15.jar:3.6.15]
	at reactor.core.scheduler.WorkerTask.call(WorkerTask.java:37) ~[reactor-core-3.6.15.jar:3.6.15]
	at java.base/java.util.concurrent.FutureTask.run(FutureTask.java:317) ~[na:na]
	at java.base/java.util.concurrent.ScheduledThreadPoolExecutor$ScheduledFutureTask.run(ScheduledThreadPoolExecutor.java:304) ~[na:na]
	at java.base/java.util.concurrent.ThreadPoolExecutor.runWorker(ThreadPoolExecutor.java:1144) ~[na:na]
	at java.base/java.util.concurrent.ThreadPoolExecutor$Worker.run(ThreadPoolExecutor.java:642) ~[na:na]
	at java.base/java.lang.Thread.run(Thread.java:1583) ~[na:na]

2026-07-02T16:50:28.421+08:00 ERROR 15700 --- [gateway-server] [boundedElastic-5] c.a.c.n.d.r.NacosReactiveDiscoveryClient : get services from nacos server fail,

com.alibaba.nacos.api.exception.NacosException: Client not connected, current status:UNHEALTHY
	at com.alibaba.nacos.common.remote.client.RpcClient.request(RpcClient.java:645) ~[nacos-client-2.4.2.jar:na]
	at com.alibaba.nacos.common.remote.client.RpcClient.request(RpcClient.java:624) ~[nacos-client-2.4.2.jar:na]
	at com.alibaba.nacos.client.naming.remote.gprc.NamingGrpcClientProxy.requestToServer(NamingGrpcClientProxy.java:447) ~[nacos-client-2.4.2.jar:na]
	at com.alibaba.nacos.client.naming.remote.gprc.NamingGrpcClientProxy.getServiceList(NamingGrpcClientProxy.java:368) ~[nacos-client-2.4.2.jar:na]
	at com.alibaba.nacos.client.naming.remote.NamingClientProxyDelegate.getServiceList(NamingClientProxyDelegate.java:159) ~[nacos-client-2.4.2.jar:na]
	at com.alibaba.nacos.client.naming.NacosNamingService.getServicesOfServer(NacosNamingService.java:515) ~[nacos-client-2.4.2.jar:na]
	at com.alibaba.nacos.client.naming.NacosNamingService.getServicesOfServer(NacosNamingService.java:503) ~[nacos-client-2.4.2.jar:na]
	at com.alibaba.cloud.nacos.discovery.NacosServiceDiscovery.getServices(NacosServiceDiscovery.java:70) ~[spring-cloud-starter-alibaba-nacos-discovery-2023.0.3.2.jar:2023.0.3.2]
	at com.alibaba.cloud.nacos.discovery.reactive.NacosReactiveDiscoveryClient.lambda$getServices$3(NacosReactiveDiscoveryClient.java:87) ~[spring-cloud-starter-alibaba-nacos-discovery-2023.0.3.2.jar:2023.0.3.2]
	at reactor.core.publisher.FluxDefer.subscribe(FluxDefer.java:46) ~[reactor-core-3.6.15.jar:3.6.15]
	at reactor.core.publisher.FluxSubscribeOn$SubscribeOnSubscriber.run(FluxSubscribeOn.java:194) ~[reactor-core-3.6.15.jar:3.6.15]
	at reactor.core.scheduler.WorkerTask.call(WorkerTask.java:84) ~[reactor-core-3.6.15.jar:3.6.15]
	at reactor.core.scheduler.WorkerTask.call(WorkerTask.java:37) ~[reactor-core-3.6.15.jar:3.6.15]
	at java.base/java.util.concurrent.FutureTask.run(FutureTask.java:317) ~[na:na]
	at java.base/java.util.concurrent.ScheduledThreadPoolExecutor$ScheduledFutureTask.run(ScheduledThreadPoolExecutor.java:304) ~[na:na]
	at java.base/java.util.concurrent.ThreadPoolExecutor.runWorker(ThreadPoolExecutor.java:1144) ~[na:na]
	at java.base/java.util.concurrent.ThreadPoolExecutor$Worker.run(ThreadPoolExecutor.java:642) ~[na:na]
	at java.base/java.lang.Thread.run(Thread.java:1583) ~[na:na]

2026-07-02T16:50:58.431+08:00 ERROR 15700 --- [gateway-server] [boundedElastic-5] c.a.c.n.d.r.NacosReactiveDiscoveryClient : get services from nacos server fail,

com.alibaba.nacos.api.exception.NacosException: Client not connected, current status:UNHEALTHY
	at com.alibaba.nacos.common.remote.client.RpcClient.request(RpcClient.java:645) ~[nacos-client-2.4.2.jar:na]
	at com.alibaba.nacos.common.remote.client.RpcClient.request(RpcClient.java:624) ~[nacos-client-2.4.2.jar:na]
	at com.alibaba.nacos.client.naming.remote.gprc.NamingGrpcClientProxy.requestToServer(NamingGrpcClientProxy.java:447) ~[nacos-client-2.4.2.jar:na]
	at com.alibaba.nacos.client.naming.remote.gprc.NamingGrpcClientProxy.getServiceList(NamingGrpcClientProxy.java:368) ~[nacos-client-2.4.2.jar:na]
	at com.alibaba.nacos.client.naming.remote.NamingClientProxyDelegate.getServiceList(NamingClientProxyDelegate.java:159) ~[nacos-client-2.4.2.jar:na]
	at com.alibaba.nacos.client.naming.NacosNamingService.getServicesOfServer(NacosNamingService.java:515) ~[nacos-client-2.4.2.jar:na]
	at com.alibaba.nacos.client.naming.NacosNamingService.getServicesOfServer(NacosNamingService.java:503) ~[nacos-client-2.4.2.jar:na]
	at com.alibaba.cloud.nacos.discovery.NacosServiceDiscovery.getServices(NacosServiceDiscovery.java:70) ~[spring-cloud-starter-alibaba-nacos-discovery-2023.0.3.2.jar:2023.0.3.2]
	at com.alibaba.cloud.nacos.discovery.reactive.NacosReactiveDiscoveryClient.lambda$getServices$3(NacosReactiveDiscoveryClient.java:87) ~[spring-cloud-starter-alibaba-nacos-discovery-2023.0.3.2.jar:2023.0.3.2]
	at reactor.core.publisher.FluxDefer.subscribe(FluxDefer.java:46) ~[reactor-core-3.6.15.jar:3.6.15]
	at reactor.core.publisher.FluxSubscribeOn$SubscribeOnSubscriber.run(FluxSubscribeOn.java:194) ~[reactor-core-3.6.15.jar:3.6.15]
	at reactor.core.scheduler.WorkerTask.call(WorkerTask.java:84) ~[reactor-core-3.6.15.jar:3.6.15]
	at reactor.core.scheduler.WorkerTask.call(WorkerTask.java:37) ~[reactor-core-3.6.15.jar:3.6.15]
	at java.base/java.util.concurrent.FutureTask.run(FutureTask.java:317) ~[na:na]
	at java.base/java.util.concurrent.ScheduledThreadPoolExecutor$ScheduledFutureTask.run(ScheduledThreadPoolExecutor.java:304) ~[na:na]
	at java.base/java.util.concurrent.ThreadPoolExecutor.runWorker(ThreadPoolExecutor.java:1144) ~[na:na]
	at java.base/java.util.concurrent.ThreadPoolExecutor$Worker.run(ThreadPoolExecutor.java:642) ~[na:na]
	at java.base/java.lang.Thread.run(Thread.java:1583) ~[na:na]

2026-07-02T16:51:28.439+08:00 ERROR 15700 --- [gateway-server] [boundedElastic-5] c.a.c.n.d.r.NacosReactiveDiscoveryClient : get services from nacos server fail,

com.alibaba.nacos.api.exception.NacosException: Client not connected, current status:UNHEALTHY
	at com.alibaba.nacos.common.remote.client.RpcClient.request(RpcClient.java:645) ~[nacos-client-2.4.2.jar:na]
	at com.alibaba.nacos.common.remote.client.RpcClient.request(RpcClient.java:624) ~[nacos-client-2.4.2.jar:na]
	at com.alibaba.nacos.client.naming.remote.gprc.NamingGrpcClientProxy.requestToServer(NamingGrpcClientProxy.java:447) ~[nacos-client-2.4.2.jar:na]
	at com.alibaba.nacos.client.naming.remote.gprc.NamingGrpcClientProxy.getServiceList(NamingGrpcClientProxy.java:368) ~[nacos-client-2.4.2.jar:na]
	at com.alibaba.nacos.client.naming.remote.NamingClientProxyDelegate.getServiceList(NamingClientProxyDelegate.java:159) ~[nacos-client-2.4.2.jar:na]
	at com.alibaba.nacos.client.naming.NacosNamingService.getServicesOfServer(NacosNamingService.java:515) ~[nacos-client-2.4.2.jar:na]
	at com.alibaba.nacos.client.naming.NacosNamingService.getServicesOfServer(NacosNamingService.java:503) ~[nacos-client-2.4.2.jar:na]
	at com.alibaba.cloud.nacos.discovery.NacosServiceDiscovery.getServices(NacosServiceDiscovery.java:70) ~[spring-cloud-starter-alibaba-nacos-discovery-2023.0.3.2.jar:2023.0.3.2]
	at com.alibaba.cloud.nacos.discovery.reactive.NacosReactiveDiscoveryClient.lambda$getServices$3(NacosReactiveDiscoveryClient.java:87) ~[spring-cloud-starter-alibaba-nacos-discovery-2023.0.3.2.jar:2023.0.3.2]
	at reactor.core.publisher.FluxDefer.subscribe(FluxDefer.java:46) ~[reactor-core-3.6.15.jar:3.6.15]
	at reactor.core.publisher.FluxSubscribeOn$SubscribeOnSubscriber.run(FluxSubscribeOn.java:194) ~[reactor-core-3.6.15.jar:3.6.15]
	at reactor.core.scheduler.WorkerTask.call(WorkerTask.java:84) ~[reactor-core-3.6.15.jar:3.6.15]
	at reactor.core.scheduler.WorkerTask.call(WorkerTask.java:37) ~[reactor-core-3.6.15.jar:3.6.15]
	at java.base/java.util.concurrent.FutureTask.run(FutureTask.java:317) ~[na:na]
	at java.base/java.util.concurrent.ScheduledThreadPoolExecutor$ScheduledFutureTask.run(ScheduledThreadPoolExecutor.java:304) ~[na:na]
	at java.base/java.util.concurrent.ThreadPoolExecutor.runWorker(ThreadPoolExecutor.java:1144) ~[na:na]
	at java.base/java.util.concurrent.ThreadPoolExecutor$Worker.run(ThreadPoolExecutor.java:642) ~[na:na]
	at java.base/java.lang.Thread.run(Thread.java:1583) ~[na:na]

2026-07-02T16:51:58.442+08:00 ERROR 15700 --- [gateway-server] [boundedElastic-5] c.a.c.n.d.r.NacosReactiveDiscoveryClient : get services from nacos server fail,

com.alibaba.nacos.api.exception.NacosException: Client not connected, current status:UNHEALTHY
	at com.alibaba.nacos.common.remote.client.RpcClient.request(RpcClient.java:645) ~[nacos-client-2.4.2.jar:na]
	at com.alibaba.nacos.common.remote.client.RpcClient.request(RpcClient.java:624) ~[nacos-client-2.4.2.jar:na]
	at com.alibaba.nacos.client.naming.remote.gprc.NamingGrpcClientProxy.requestToServer(NamingGrpcClientProxy.java:447) ~[nacos-client-2.4.2.jar:na]
	at com.alibaba.nacos.client.naming.remote.gprc.NamingGrpcClientProxy.getServiceList(NamingGrpcClientProxy.java:368) ~[nacos-client-2.4.2.jar:na]
	at com.alibaba.nacos.client.naming.remote.NamingClientProxyDelegate.getServiceList(NamingClientProxyDelegate.java:159) ~[nacos-client-2.4.2.jar:na]
	at com.alibaba.nacos.client.naming.NacosNamingService.getServicesOfServer(NacosNamingService.java:515) ~[nacos-client-2.4.2.jar:na]
	at com.alibaba.nacos.client.naming.NacosNamingService.getServicesOfServer(NacosNamingService.java:503) ~[nacos-client-2.4.2.jar:na]
	at com.alibaba.cloud.nacos.discovery.NacosServiceDiscovery.getServices(NacosServiceDiscovery.java:70) ~[spring-cloud-starter-alibaba-nacos-discovery-2023.0.3.2.jar:2023.0.3.2]
	at com.alibaba.cloud.nacos.discovery.reactive.NacosReactiveDiscoveryClient.lambda$getServices$3(NacosReactiveDiscoveryClient.java:87) ~[spring-cloud-starter-alibaba-nacos-discovery-2023.0.3.2.jar:2023.0.3.2]
	at reactor.core.publisher.FluxDefer.subscribe(FluxDefer.java:46) ~[reactor-core-3.6.15.jar:3.6.15]
	at reactor.core.publisher.FluxSubscribeOn$SubscribeOnSubscriber.run(FluxSubscribeOn.java:194) ~[reactor-core-3.6.15.jar:3.6.15]
	at reactor.core.scheduler.WorkerTask.call(WorkerTask.java:84) ~[reactor-core-3.6.15.jar:3.6.15]
	at reactor.core.scheduler.WorkerTask.call(WorkerTask.java:37) ~[reactor-core-3.6.15.jar:3.6.15]
	at java.base/java.util.concurrent.FutureTask.run(FutureTask.java:317) ~[na:na]
	at java.base/java.util.concurrent.ScheduledThreadPoolExecutor$ScheduledFutureTask.run(ScheduledThreadPoolExecutor.java:304) ~[na:na]
	at java.base/java.util.concurrent.ThreadPoolExecutor.runWorker(ThreadPoolExecutor.java:1144) ~[na:na]
	at java.base/java.util.concurrent.ThreadPoolExecutor$Worker.run(ThreadPoolExecutor.java:642) ~[na:na]
	at java.base/java.lang.Thread.run(Thread.java:1583) ~[na:na]

2026-07-02T16:52:28.447+08:00 ERROR 15700 --- [gateway-server] [boundedElastic-5] c.a.c.n.d.r.NacosReactiveDiscoveryClient : get services from nacos server fail,

com.alibaba.nacos.api.exception.NacosException: Client not connected, current status:UNHEALTHY
	at com.alibaba.nacos.common.remote.client.RpcClient.request(RpcClient.java:645) ~[nacos-client-2.4.2.jar:na]
	at com.alibaba.nacos.common.remote.client.RpcClient.request(RpcClient.java:624) ~[nacos-client-2.4.2.jar:na]
	at com.alibaba.nacos.client.naming.remote.gprc.NamingGrpcClientProxy.requestToServer(NamingGrpcClientProxy.java:447) ~[nacos-client-2.4.2.jar:na]
	at com.alibaba.nacos.client.naming.remote.gprc.NamingGrpcClientProxy.getServiceList(NamingGrpcClientProxy.java:368) ~[nacos-client-2.4.2.jar:na]
	at com.alibaba.nacos.client.naming.remote.NamingClientProxyDelegate.getServiceList(NamingClientProxyDelegate.java:159) ~[nacos-client-2.4.2.jar:na]
	at com.alibaba.nacos.client.naming.NacosNamingService.getServicesOfServer(NacosNamingService.java:515) ~[nacos-client-2.4.2.jar:na]
	at com.alibaba.nacos.client.naming.NacosNamingService.getServicesOfServer(NacosNamingService.java:503) ~[nacos-client-2.4.2.jar:na]
	at com.alibaba.cloud.nacos.discovery.NacosServiceDiscovery.getServices(NacosServiceDiscovery.java:70) ~[spring-cloud-starter-alibaba-nacos-discovery-2023.0.3.2.jar:2023.0.3.2]
	at com.alibaba.cloud.nacos.discovery.reactive.NacosReactiveDiscoveryClient.lambda$getServices$3(NacosReactiveDiscoveryClient.java:87) ~[spring-cloud-starter-alibaba-nacos-discovery-2023.0.3.2.jar:2023.0.3.2]
	at reactor.core.publisher.FluxDefer.subscribe(FluxDefer.java:46) ~[reactor-core-3.6.15.jar:3.6.15]
	at reactor.core.publisher.FluxSubscribeOn$SubscribeOnSubscriber.run(FluxSubscribeOn.java:194) ~[reactor-core-3.6.15.jar:3.6.15]
	at reactor.core.scheduler.WorkerTask.call(WorkerTask.java:84) ~[reactor-core-3.6.15.jar:3.6.15]
	at reactor.core.scheduler.WorkerTask.call(WorkerTask.java:37) ~[reactor-core-3.6.15.jar:3.6.15]
	at java.base/java.util.concurrent.FutureTask.run(FutureTask.java:317) ~[na:na]
	at java.base/java.util.concurrent.ScheduledThreadPoolExecutor$ScheduledFutureTask.run(ScheduledThreadPoolExecutor.java:304) ~[na:na]
	at java.base/java.util.concurrent.ThreadPoolExecutor.runWorker(ThreadPoolExecutor.java:1144) ~[na:na]
	at java.base/java.util.concurrent.ThreadPoolExecutor$Worker.run(ThreadPoolExecutor.java:642) ~[na:na]
	at java.base/java.lang.Thread.run(Thread.java:1583) ~[na:na]

2026-07-02T16:52:58.478+08:00 ERROR 15700 --- [gateway-server] [boundedElastic-5] c.a.c.n.d.r.NacosReactiveDiscoveryClient : get services from nacos server fail,

com.alibaba.nacos.api.exception.NacosException: Client not connected, current status:UNHEALTHY
	at com.alibaba.nacos.common.remote.client.RpcClient.request(RpcClient.java:645) ~[nacos-client-2.4.2.jar:na]
	at com.alibaba.nacos.common.remote.client.RpcClient.request(RpcClient.java:624) ~[nacos-client-2.4.2.jar:na]
	at com.alibaba.nacos.client.naming.remote.gprc.NamingGrpcClientProxy.requestToServer(NamingGrpcClientProxy.java:447) ~[nacos-client-2.4.2.jar:na]
	at com.alibaba.nacos.client.naming.remote.gprc.NamingGrpcClientProxy.getServiceList(NamingGrpcClientProxy.java:368) ~[nacos-client-2.4.2.jar:na]
	at com.alibaba.nacos.client.naming.remote.NamingClientProxyDelegate.getServiceList(NamingClientProxyDelegate.java:159) ~[nacos-client-2.4.2.jar:na]
	at com.alibaba.nacos.client.naming.NacosNamingService.getServicesOfServer(NacosNamingService.java:515) ~[nacos-client-2.4.2.jar:na]
	at com.alibaba.nacos.client.naming.NacosNamingService.getServicesOfServer(NacosNamingService.java:503) ~[nacos-client-2.4.2.jar:na]
	at com.alibaba.cloud.nacos.discovery.NacosServiceDiscovery.getServices(NacosServiceDiscovery.java:70) ~[spring-cloud-starter-alibaba-nacos-discovery-2023.0.3.2.jar:2023.0.3.2]
	at com.alibaba.cloud.nacos.discovery.reactive.NacosReactiveDiscoveryClient.lambda$getServices$3(NacosReactiveDiscoveryClient.java:87) ~[spring-cloud-starter-alibaba-nacos-discovery-2023.0.3.2.jar:2023.0.3.2]
	at reactor.core.publisher.FluxDefer.subscribe(FluxDefer.java:46) ~[reactor-core-3.6.15.jar:3.6.15]
	at reactor.core.publisher.FluxSubscribeOn$SubscribeOnSubscriber.run(FluxSubscribeOn.java:194) ~[reactor-core-3.6.15.jar:3.6.15]
	at reactor.core.scheduler.WorkerTask.call(WorkerTask.java:84) ~[reactor-core-3.6.15.jar:3.6.15]
	at reactor.core.scheduler.WorkerTask.call(WorkerTask.java:37) ~[reactor-core-3.6.15.jar:3.6.15]
	at java.base/java.util.concurrent.FutureTask.run(FutureTask.java:317) ~[na:na]
	at java.base/java.util.concurrent.ScheduledThreadPoolExecutor$ScheduledFutureTask.run(ScheduledThreadPoolExecutor.java:304) ~[na:na]
	at java.base/java.util.concurrent.ThreadPoolExecutor.runWorker(ThreadPoolExecutor.java:1144) ~[na:na]
	at java.base/java.util.concurrent.ThreadPoolExecutor$Worker.run(ThreadPoolExecutor.java:642) ~[na:na]
	at java.base/java.lang.Thread.run(Thread.java:1583) ~[na:na]

2026-07-02T16:53:28.477+08:00 ERROR 15700 --- [gateway-server] [boundedElastic-5] c.a.c.n.d.r.NacosReactiveDiscoveryClient : get services from nacos server fail,

com.alibaba.nacos.api.exception.NacosException: Client not connected, current status:UNHEALTHY
	at com.alibaba.nacos.common.remote.client.RpcClient.request(RpcClient.java:645) ~[nacos-client-2.4.2.jar:na]
	at com.alibaba.nacos.common.remote.client.RpcClient.request(RpcClient.java:624) ~[nacos-client-2.4.2.jar:na]
	at com.alibaba.nacos.client.naming.remote.gprc.NamingGrpcClientProxy.requestToServer(NamingGrpcClientProxy.java:447) ~[nacos-client-2.4.2.jar:na]
	at com.alibaba.nacos.client.naming.remote.gprc.NamingGrpcClientProxy.getServiceList(NamingGrpcClientProxy.java:368) ~[nacos-client-2.4.2.jar:na]
	at com.alibaba.nacos.client.naming.remote.NamingClientProxyDelegate.getServiceList(NamingClientProxyDelegate.java:159) ~[nacos-client-2.4.2.jar:na]
	at com.alibaba.nacos.client.naming.NacosNamingService.getServicesOfServer(NacosNamingService.java:515) ~[nacos-client-2.4.2.jar:na]
	at com.alibaba.nacos.client.naming.NacosNamingService.getServicesOfServer(NacosNamingService.java:503) ~[nacos-client-2.4.2.jar:na]
	at com.alibaba.cloud.nacos.discovery.NacosServiceDiscovery.getServices(NacosServiceDiscovery.java:70) ~[spring-cloud-starter-alibaba-nacos-discovery-2023.0.3.2.jar:2023.0.3.2]
	at com.alibaba.cloud.nacos.discovery.reactive.NacosReactiveDiscoveryClient.lambda$getServices$3(NacosReactiveDiscoveryClient.java:87) ~[spring-cloud-starter-alibaba-nacos-discovery-2023.0.3.2.jar:2023.0.3.2]
	at reactor.core.publisher.FluxDefer.subscribe(FluxDefer.java:46) ~[reactor-core-3.6.15.jar:3.6.15]
	at reactor.core.publisher.FluxSubscribeOn$SubscribeOnSubscriber.run(FluxSubscribeOn.java:194) ~[reactor-core-3.6.15.jar:3.6.15]
	at reactor.core.scheduler.WorkerTask.call(WorkerTask.java:84) ~[reactor-core-3.6.15.jar:3.6.15]
	at reactor.core.scheduler.WorkerTask.call(WorkerTask.java:37) ~[reactor-core-3.6.15.jar:3.6.15]
	at java.base/java.util.concurrent.FutureTask.run(FutureTask.java:317) ~[na:na]
	at java.base/java.util.concurrent.ScheduledThreadPoolExecutor$ScheduledFutureTask.run(ScheduledThreadPoolExecutor.java:304) ~[na:na]
	at java.base/java.util.concurrent.ThreadPoolExecutor.runWorker(ThreadPoolExecutor.java:1144) ~[na:na]
	at java.base/java.util.concurrent.ThreadPoolExecutor$Worker.run(ThreadPoolExecutor.java:642) ~[na:na]
	at java.base/java.lang.Thread.run(Thread.java:1583) ~[na:na]

2026-07-02T16:53:58.493+08:00 ERROR 15700 --- [gateway-server] [boundedElastic-5] c.a.c.n.d.r.NacosReactiveDiscoveryClient : get services from nacos server fail,

com.alibaba.nacos.api.exception.NacosException: Client not connected, current status:UNHEALTHY
	at com.alibaba.nacos.common.remote.client.RpcClient.request(RpcClient.java:645) ~[nacos-client-2.4.2.jar:na]
	at com.alibaba.nacos.common.remote.client.RpcClient.request(RpcClient.java:624) ~[nacos-client-2.4.2.jar:na]
	at com.alibaba.nacos.client.naming.remote.gprc.NamingGrpcClientProxy.requestToServer(NamingGrpcClientProxy.java:447) ~[nacos-client-2.4.2.jar:na]
	at com.alibaba.nacos.client.naming.remote.gprc.NamingGrpcClientProxy.getServiceList(NamingGrpcClientProxy.java:368) ~[nacos-client-2.4.2.jar:na]
	at com.alibaba.nacos.client.naming.remote.NamingClientProxyDelegate.getServiceList(NamingClientProxyDelegate.java:159) ~[nacos-client-2.4.2.jar:na]
	at com.alibaba.nacos.client.naming.NacosNamingService.getServicesOfServer(NacosNamingService.java:515) ~[nacos-client-2.4.2.jar:na]
	at com.alibaba.nacos.client.naming.NacosNamingService.getServicesOfServer(NacosNamingService.java:503) ~[nacos-client-2.4.2.jar:na]
	at com.alibaba.cloud.nacos.discovery.NacosServiceDiscovery.getServices(NacosServiceDiscovery.java:70) ~[spring-cloud-starter-alibaba-nacos-discovery-2023.0.3.2.jar:2023.0.3.2]
	at com.alibaba.cloud.nacos.discovery.reactive.NacosReactiveDiscoveryClient.lambda$getServices$3(NacosReactiveDiscoveryClient.java:87) ~[spring-cloud-starter-alibaba-nacos-discovery-2023.0.3.2.jar:2023.0.3.2]
	at reactor.core.publisher.FluxDefer.subscribe(FluxDefer.java:46) ~[reactor-core-3.6.15.jar:3.6.15]
	at reactor.core.publisher.FluxSubscribeOn$SubscribeOnSubscriber.run(FluxSubscribeOn.java:194) ~[reactor-core-3.6.15.jar:3.6.15]
	at reactor.core.scheduler.WorkerTask.call(WorkerTask.java:84) ~[reactor-core-3.6.15.jar:3.6.15]
	at reactor.core.scheduler.WorkerTask.call(WorkerTask.java:37) ~[reactor-core-3.6.15.jar:3.6.15]
	at java.base/java.util.concurrent.FutureTask.run(FutureTask.java:317) ~[na:na]
	at java.base/java.util.concurrent.ScheduledThreadPoolExecutor$ScheduledFutureTask.run(ScheduledThreadPoolExecutor.java:304) ~[na:na]
	at java.base/java.util.concurrent.ThreadPoolExecutor.runWorker(ThreadPoolExecutor.java:1144) ~[na:na]
	at java.base/java.util.concurrent.ThreadPoolExecutor$Worker.run(ThreadPoolExecutor.java:642) ~[na:na]
	at java.base/java.lang.Thread.run(Thread.java:1583) ~[na:na]

2026-07-02T16:54:28.494+08:00 ERROR 15700 --- [gateway-server] [boundedElastic-5] c.a.c.n.d.r.NacosReactiveDiscoveryClient : get services from nacos server fail,

com.alibaba.nacos.api.exception.NacosException: Client not connected, current status:UNHEALTHY
	at com.alibaba.nacos.common.remote.client.RpcClient.request(RpcClient.java:645) ~[nacos-client-2.4.2.jar:na]
	at com.alibaba.nacos.common.remote.client.RpcClient.request(RpcClient.java:624) ~[nacos-client-2.4.2.jar:na]
	at com.alibaba.nacos.client.naming.remote.gprc.NamingGrpcClientProxy.requestToServer(NamingGrpcClientProxy.java:447) ~[nacos-client-2.4.2.jar:na]
	at com.alibaba.nacos.client.naming.remote.gprc.NamingGrpcClientProxy.getServiceList(NamingGrpcClientProxy.java:368) ~[nacos-client-2.4.2.jar:na]
	at com.alibaba.nacos.client.naming.remote.NamingClientProxyDelegate.getServiceList(NamingClientProxyDelegate.java:159) ~[nacos-client-2.4.2.jar:na]
	at com.alibaba.nacos.client.naming.NacosNamingService.getServicesOfServer(NacosNamingService.java:515) ~[nacos-client-2.4.2.jar:na]
	at com.alibaba.nacos.client.naming.NacosNamingService.getServicesOfServer(NacosNamingService.java:503) ~[nacos-client-2.4.2.jar:na]
	at com.alibaba.cloud.nacos.discovery.NacosServiceDiscovery.getServices(NacosServiceDiscovery.java:70) ~[spring-cloud-starter-alibaba-nacos-discovery-2023.0.3.2.jar:2023.0.3.2]
	at com.alibaba.cloud.nacos.discovery.reactive.NacosReactiveDiscoveryClient.lambda$getServices$3(NacosReactiveDiscoveryClient.java:87) ~[spring-cloud-starter-alibaba-nacos-discovery-2023.0.3.2.jar:2023.0.3.2]
	at reactor.core.publisher.FluxDefer.subscribe(FluxDefer.java:46) ~[reactor-core-3.6.15.jar:3.6.15]
	at reactor.core.publisher.FluxSubscribeOn$SubscribeOnSubscriber.run(FluxSubscribeOn.java:194) ~[reactor-core-3.6.15.jar:3.6.15]
	at reactor.core.scheduler.WorkerTask.call(WorkerTask.java:84) ~[reactor-core-3.6.15.jar:3.6.15]
	at reactor.core.scheduler.WorkerTask.call(WorkerTask.java:37) ~[reactor-core-3.6.15.jar:3.6.15]
	at java.base/java.util.concurrent.FutureTask.run(FutureTask.java:317) ~[na:na]
	at java.base/java.util.concurrent.ScheduledThreadPoolExecutor$ScheduledFutureTask.run(ScheduledThreadPoolExecutor.java:304) ~[na:na]
	at java.base/java.util.concurrent.ThreadPoolExecutor.runWorker(ThreadPoolExecutor.java:1144) ~[na:na]
	at java.base/java.util.concurrent.ThreadPoolExecutor$Worker.run(ThreadPoolExecutor.java:642) ~[na:na]
	at java.base/java.lang.Thread.run(Thread.java:1583) ~[na:na]

2026-07-02T16:54:58.502+08:00 ERROR 15700 --- [gateway-server] [boundedElastic-5] c.a.c.n.d.r.NacosReactiveDiscoveryClient : get services from nacos server fail,

com.alibaba.nacos.api.exception.NacosException: Client not connected, current status:UNHEALTHY
	at com.alibaba.nacos.common.remote.client.RpcClient.request(RpcClient.java:645) ~[nacos-client-2.4.2.jar:na]
	at com.alibaba.nacos.common.remote.client.RpcClient.request(RpcClient.java:624) ~[nacos-client-2.4.2.jar:na]
	at com.alibaba.nacos.client.naming.remote.gprc.NamingGrpcClientProxy.requestToServer(NamingGrpcClientProxy.java:447) ~[nacos-client-2.4.2.jar:na]
	at com.alibaba.nacos.client.naming.remote.gprc.NamingGrpcClientProxy.getServiceList(NamingGrpcClientProxy.java:368) ~[nacos-client-2.4.2.jar:na]
	at com.alibaba.nacos.client.naming.remote.NamingClientProxyDelegate.getServiceList(NamingClientProxyDelegate.java:159) ~[nacos-client-2.4.2.jar:na]
	at com.alibaba.nacos.client.naming.NacosNamingService.getServicesOfServer(NacosNamingService.java:515) ~[nacos-client-2.4.2.jar:na]
	at com.alibaba.nacos.client.naming.NacosNamingService.getServicesOfServer(NacosNamingService.java:503) ~[nacos-client-2.4.2.jar:na]
	at com.alibaba.cloud.nacos.discovery.NacosServiceDiscovery.getServices(NacosServiceDiscovery.java:70) ~[spring-cloud-starter-alibaba-nacos-discovery-2023.0.3.2.jar:2023.0.3.2]
	at com.alibaba.cloud.nacos.discovery.reactive.NacosReactiveDiscoveryClient.lambda$getServices$3(NacosReactiveDiscoveryClient.java:87) ~[spring-cloud-starter-alibaba-nacos-discovery-2023.0.3.2.jar:2023.0.3.2]
	at reactor.core.publisher.FluxDefer.subscribe(FluxDefer.java:46) ~[reactor-core-3.6.15.jar:3.6.15]
	at reactor.core.publisher.FluxSubscribeOn$SubscribeOnSubscriber.run(FluxSubscribeOn.java:194) ~[reactor-core-3.6.15.jar:3.6.15]
	at reactor.core.scheduler.WorkerTask.call(WorkerTask.java:84) ~[reactor-core-3.6.15.jar:3.6.15]
	at reactor.core.scheduler.WorkerTask.call(WorkerTask.java:37) ~[reactor-core-3.6.15.jar:3.6.15]
	at java.base/java.util.concurrent.FutureTask.run(FutureTask.java:317) ~[na:na]
	at java.base/java.util.concurrent.ScheduledThreadPoolExecutor$ScheduledFutureTask.run(ScheduledThreadPoolExecutor.java:304) ~[na:na]
	at java.base/java.util.concurrent.ThreadPoolExecutor.runWorker(ThreadPoolExecutor.java:1144) ~[na:na]
	at java.base/java.util.concurrent.ThreadPoolExecutor$Worker.run(ThreadPoolExecutor.java:642) ~[na:na]
	at java.base/java.lang.Thread.run(Thread.java:1583) ~[na:na]

2026-07-02T16:55:28.514+08:00 ERROR 15700 --- [gateway-server] [boundedElastic-5] c.a.c.n.d.r.NacosReactiveDiscoveryClient : get services from nacos server fail,

com.alibaba.nacos.api.exception.NacosException: Client not connected, current status:UNHEALTHY
	at com.alibaba.nacos.common.remote.client.RpcClient.request(RpcClient.java:645) ~[nacos-client-2.4.2.jar:na]
	at com.alibaba.nacos.common.remote.client.RpcClient.request(RpcClient.java:624) ~[nacos-client-2.4.2.jar:na]
	at com.alibaba.nacos.client.naming.remote.gprc.NamingGrpcClientProxy.requestToServer(NamingGrpcClientProxy.java:447) ~[nacos-client-2.4.2.jar:na]
	at com.alibaba.nacos.client.naming.remote.gprc.NamingGrpcClientProxy.getServiceList(NamingGrpcClientProxy.java:368) ~[nacos-client-2.4.2.jar:na]
	at com.alibaba.nacos.client.naming.remote.NamingClientProxyDelegate.getServiceList(NamingClientProxyDelegate.java:159) ~[nacos-client-2.4.2.jar:na]
	at com.alibaba.nacos.client.naming.NacosNamingService.getServicesOfServer(NacosNamingService.java:515) ~[nacos-client-2.4.2.jar:na]
	at com.alibaba.nacos.client.naming.NacosNamingService.getServicesOfServer(NacosNamingService.java:503) ~[nacos-client-2.4.2.jar:na]
	at com.alibaba.cloud.nacos.discovery.NacosServiceDiscovery.getServices(NacosServiceDiscovery.java:70) ~[spring-cloud-starter-alibaba-nacos-discovery-2023.0.3.2.jar:2023.0.3.2]
	at com.alibaba.cloud.nacos.discovery.reactive.NacosReactiveDiscoveryClient.lambda$getServices$3(NacosReactiveDiscoveryClient.java:87) ~[spring-cloud-starter-alibaba-nacos-discovery-2023.0.3.2.jar:2023.0.3.2]
	at reactor.core.publisher.FluxDefer.subscribe(FluxDefer.java:46) ~[reactor-core-3.6.15.jar:3.6.15]
	at reactor.core.publisher.FluxSubscribeOn$SubscribeOnSubscriber.run(FluxSubscribeOn.java:194) ~[reactor-core-3.6.15.jar:3.6.15]
	at reactor.core.scheduler.WorkerTask.call(WorkerTask.java:84) ~[reactor-core-3.6.15.jar:3.6.15]
	at reactor.core.scheduler.WorkerTask.call(WorkerTask.java:37) ~[reactor-core-3.6.15.jar:3.6.15]
	at java.base/java.util.concurrent.FutureTask.run(FutureTask.java:317) ~[na:na]
	at java.base/java.util.concurrent.ScheduledThreadPoolExecutor$ScheduledFutureTask.run(ScheduledThreadPoolExecutor.java:304) ~[na:na]
	at java.base/java.util.concurrent.ThreadPoolExecutor.runWorker(ThreadPoolExecutor.java:1144) ~[na:na]
	at java.base/java.util.concurrent.ThreadPoolExecutor$Worker.run(ThreadPoolExecutor.java:642) ~[na:na]
	at java.base/java.lang.Thread.run(Thread.java:1583) ~[na:na]

2026-07-02T16:55:58.536+08:00 ERROR 15700 --- [gateway-server] [boundedElastic-5] c.a.c.n.d.r.NacosReactiveDiscoveryClient : get services from nacos server fail,

com.alibaba.nacos.api.exception.NacosException: Client not connected, current status:UNHEALTHY
	at com.alibaba.nacos.common.remote.client.RpcClient.request(RpcClient.java:645) ~[nacos-client-2.4.2.jar:na]
	at com.alibaba.nacos.common.remote.client.RpcClient.request(RpcClient.java:624) ~[nacos-client-2.4.2.jar:na]
	at com.alibaba.nacos.client.naming.remote.gprc.NamingGrpcClientProxy.requestToServer(NamingGrpcClientProxy.java:447) ~[nacos-client-2.4.2.jar:na]
	at com.alibaba.nacos.client.naming.remote.gprc.NamingGrpcClientProxy.getServiceList(NamingGrpcClientProxy.java:368) ~[nacos-client-2.4.2.jar:na]
	at com.alibaba.nacos.client.naming.remote.NamingClientProxyDelegate.getServiceList(NamingClientProxyDelegate.java:159) ~[nacos-client-2.4.2.jar:na]
	at com.alibaba.nacos.client.naming.NacosNamingService.getServicesOfServer(NacosNamingService.java:515) ~[nacos-client-2.4.2.jar:na]
	at com.alibaba.nacos.client.naming.NacosNamingService.getServicesOfServer(NacosNamingService.java:503) ~[nacos-client-2.4.2.jar:na]
	at com.alibaba.cloud.nacos.discovery.NacosServiceDiscovery.getServices(NacosServiceDiscovery.java:70) ~[spring-cloud-starter-alibaba-nacos-discovery-2023.0.3.2.jar:2023.0.3.2]
	at com.alibaba.cloud.nacos.discovery.reactive.NacosReactiveDiscoveryClient.lambda$getServices$3(NacosReactiveDiscoveryClient.java:87) ~[spring-cloud-starter-alibaba-nacos-discovery-2023.0.3.2.jar:2023.0.3.2]
	at reactor.core.publisher.FluxDefer.subscribe(FluxDefer.java:46) ~[reactor-core-3.6.15.jar:3.6.15]
	at reactor.core.publisher.FluxSubscribeOn$SubscribeOnSubscriber.run(FluxSubscribeOn.java:194) ~[reactor-core-3.6.15.jar:3.6.15]
	at reactor.core.scheduler.WorkerTask.call(WorkerTask.java:84) ~[reactor-core-3.6.15.jar:3.6.15]
	at reactor.core.scheduler.WorkerTask.call(WorkerTask.java:37) ~[reactor-core-3.6.15.jar:3.6.15]
	at java.base/java.util.concurrent.FutureTask.run(FutureTask.java:317) ~[na:na]
	at java.base/java.util.concurrent.ScheduledThreadPoolExecutor$ScheduledFutureTask.run(ScheduledThreadPoolExecutor.java:304) ~[na:na]
	at java.base/java.util.concurrent.ThreadPoolExecutor.runWorker(ThreadPoolExecutor.java:1144) ~[na:na]
	at java.base/java.util.concurrent.ThreadPoolExecutor$Worker.run(ThreadPoolExecutor.java:642) ~[na:na]
	at java.base/java.lang.Thread.run(Thread.java:1583) ~[na:na]

2026-07-02T16:56:28.548+08:00 ERROR 15700 --- [gateway-server] [boundedElastic-5] c.a.c.n.d.r.NacosReactiveDiscoveryClient : get services from nacos server fail,

com.alibaba.nacos.api.exception.NacosException: Client not connected, current status:UNHEALTHY
	at com.alibaba.nacos.common.remote.client.RpcClient.request(RpcClient.java:645) ~[nacos-client-2.4.2.jar:na]
	at com.alibaba.nacos.common.remote.client.RpcClient.request(RpcClient.java:624) ~[nacos-client-2.4.2.jar:na]
	at com.alibaba.nacos.client.naming.remote.gprc.NamingGrpcClientProxy.requestToServer(NamingGrpcClientProxy.java:447) ~[nacos-client-2.4.2.jar:na]
	at com.alibaba.nacos.client.naming.remote.gprc.NamingGrpcClientProxy.getServiceList(NamingGrpcClientProxy.java:368) ~[nacos-client-2.4.2.jar:na]
	at com.alibaba.nacos.client.naming.remote.NamingClientProxyDelegate.getServiceList(NamingClientProxyDelegate.java:159) ~[nacos-client-2.4.2.jar:na]
	at com.alibaba.nacos.client.naming.NacosNamingService.getServicesOfServer(NacosNamingService.java:515) ~[nacos-client-2.4.2.jar:na]
	at com.alibaba.nacos.client.naming.NacosNamingService.getServicesOfServer(NacosNamingService.java:503) ~[nacos-client-2.4.2.jar:na]
	at com.alibaba.cloud.nacos.discovery.NacosServiceDiscovery.getServices(NacosServiceDiscovery.java:70) ~[spring-cloud-starter-alibaba-nacos-discovery-2023.0.3.2.jar:2023.0.3.2]
	at com.alibaba.cloud.nacos.discovery.reactive.NacosReactiveDiscoveryClient.lambda$getServices$3(NacosReactiveDiscoveryClient.java:87) ~[spring-cloud-starter-alibaba-nacos-discovery-2023.0.3.2.jar:2023.0.3.2]
	at reactor.core.publisher.FluxDefer.subscribe(FluxDefer.java:46) ~[reactor-core-3.6.15.jar:3.6.15]
	at reactor.core.publisher.FluxSubscribeOn$SubscribeOnSubscriber.run(FluxSubscribeOn.java:194) ~[reactor-core-3.6.15.jar:3.6.15]
	at reactor.core.scheduler.WorkerTask.call(WorkerTask.java:84) ~[reactor-core-3.6.15.jar:3.6.15]
	at reactor.core.scheduler.WorkerTask.call(WorkerTask.java:37) ~[reactor-core-3.6.15.jar:3.6.15]
	at java.base/java.util.concurrent.FutureTask.run(FutureTask.java:317) ~[na:na]
	at java.base/java.util.concurrent.ScheduledThreadPoolExecutor$ScheduledFutureTask.run(ScheduledThreadPoolExecutor.java:304) ~[na:na]
	at java.base/java.util.concurrent.ThreadPoolExecutor.runWorker(ThreadPoolExecutor.java:1144) ~[na:na]
	at java.base/java.util.concurrent.ThreadPoolExecutor$Worker.run(ThreadPoolExecutor.java:642) ~[na:na]
	at java.base/java.lang.Thread.run(Thread.java:1583) ~[na:na]

2026-07-02T16:56:58.560+08:00 ERROR 15700 --- [gateway-server] [boundedElastic-5] c.a.c.n.d.r.NacosReactiveDiscoveryClient : get services from nacos server fail,

com.alibaba.nacos.api.exception.NacosException: Client not connected, current status:UNHEALTHY
	at com.alibaba.nacos.common.remote.client.RpcClient.request(RpcClient.java:645) ~[nacos-client-2.4.2.jar:na]
	at com.alibaba.nacos.common.remote.client.RpcClient.request(RpcClient.java:624) ~[nacos-client-2.4.2.jar:na]
	at com.alibaba.nacos.client.naming.remote.gprc.NamingGrpcClientProxy.requestToServer(NamingGrpcClientProxy.java:447) ~[nacos-client-2.4.2.jar:na]
	at com.alibaba.nacos.client.naming.remote.gprc.NamingGrpcClientProxy.getServiceList(NamingGrpcClientProxy.java:368) ~[nacos-client-2.4.2.jar:na]
	at com.alibaba.nacos.client.naming.remote.NamingClientProxyDelegate.getServiceList(NamingClientProxyDelegate.java:159) ~[nacos-client-2.4.2.jar:na]
	at com.alibaba.nacos.client.naming.NacosNamingService.getServicesOfServer(NacosNamingService.java:515) ~[nacos-client-2.4.2.jar:na]
	at com.alibaba.nacos.client.naming.NacosNamingService.getServicesOfServer(NacosNamingService.java:503) ~[nacos-client-2.4.2.jar:na]
	at com.alibaba.cloud.nacos.discovery.NacosServiceDiscovery.getServices(NacosServiceDiscovery.java:70) ~[spring-cloud-starter-alibaba-nacos-discovery-2023.0.3.2.jar:2023.0.3.2]
	at com.alibaba.cloud.nacos.discovery.reactive.NacosReactiveDiscoveryClient.lambda$getServices$3(NacosReactiveDiscoveryClient.java:87) ~[spring-cloud-starter-alibaba-nacos-discovery-2023.0.3.2.jar:2023.0.3.2]
	at reactor.core.publisher.FluxDefer.subscribe(FluxDefer.java:46) ~[reactor-core-3.6.15.jar:3.6.15]
	at reactor.core.publisher.FluxSubscribeOn$SubscribeOnSubscriber.run(FluxSubscribeOn.java:194) ~[reactor-core-3.6.15.jar:3.6.15]
	at reactor.core.scheduler.WorkerTask.call(WorkerTask.java:84) ~[reactor-core-3.6.15.jar:3.6.15]
	at reactor.core.scheduler.WorkerTask.call(WorkerTask.java:37) ~[reactor-core-3.6.15.jar:3.6.15]
	at java.base/java.util.concurrent.FutureTask.run(FutureTask.java:317) ~[na:na]
	at java.base/java.util.concurrent.ScheduledThreadPoolExecutor$ScheduledFutureTask.run(ScheduledThreadPoolExecutor.java:304) ~[na:na]
	at java.base/java.util.concurrent.ThreadPoolExecutor.runWorker(ThreadPoolExecutor.java:1144) ~[na:na]
	at java.base/java.util.concurrent.ThreadPoolExecutor$Worker.run(ThreadPoolExecutor.java:642) ~[na:na]
	at java.base/java.lang.Thread.run(Thread.java:1583) ~[na:na]

2026-07-02T16:57:28.583+08:00 ERROR 15700 --- [gateway-server] [boundedElastic-5] c.a.c.n.d.r.NacosReactiveDiscoveryClient : get services from nacos server fail,

com.alibaba.nacos.api.exception.NacosException: Client not connected, current status:UNHEALTHY
	at com.alibaba.nacos.common.remote.client.RpcClient.request(RpcClient.java:645) ~[nacos-client-2.4.2.jar:na]
	at com.alibaba.nacos.common.remote.client.RpcClient.request(RpcClient.java:624) ~[nacos-client-2.4.2.jar:na]
	at com.alibaba.nacos.client.naming.remote.gprc.NamingGrpcClientProxy.requestToServer(NamingGrpcClientProxy.java:447) ~[nacos-client-2.4.2.jar:na]
	at com.alibaba.nacos.client.naming.remote.gprc.NamingGrpcClientProxy.getServiceList(NamingGrpcClientProxy.java:368) ~[nacos-client-2.4.2.jar:na]
	at com.alibaba.nacos.client.naming.remote.NamingClientProxyDelegate.getServiceList(NamingClientProxyDelegate.java:159) ~[nacos-client-2.4.2.jar:na]
	at com.alibaba.nacos.client.naming.NacosNamingService.getServicesOfServer(NacosNamingService.java:515) ~[nacos-client-2.4.2.jar:na]
	at com.alibaba.nacos.client.naming.NacosNamingService.getServicesOfServer(NacosNamingService.java:503) ~[nacos-client-2.4.2.jar:na]
	at com.alibaba.cloud.nacos.discovery.NacosServiceDiscovery.getServices(NacosServiceDiscovery.java:70) ~[spring-cloud-starter-alibaba-nacos-discovery-2023.0.3.2.jar:2023.0.3.2]
	at com.alibaba.cloud.nacos.discovery.reactive.NacosReactiveDiscoveryClient.lambda$getServices$3(NacosReactiveDiscoveryClient.java:87) ~[spring-cloud-starter-alibaba-nacos-discovery-2023.0.3.2.jar:2023.0.3.2]
	at reactor.core.publisher.FluxDefer.subscribe(FluxDefer.java:46) ~[reactor-core-3.6.15.jar:3.6.15]
	at reactor.core.publisher.FluxSubscribeOn$SubscribeOnSubscriber.run(FluxSubscribeOn.java:194) ~[reactor-core-3.6.15.jar:3.6.15]
	at reactor.core.scheduler.WorkerTask.call(WorkerTask.java:84) ~[reactor-core-3.6.15.jar:3.6.15]
	at reactor.core.scheduler.WorkerTask.call(WorkerTask.java:37) ~[reactor-core-3.6.15.jar:3.6.15]
	at java.base/java.util.concurrent.FutureTask.run(FutureTask.java:317) ~[na:na]
	at java.base/java.util.concurrent.ScheduledThreadPoolExecutor$ScheduledFutureTask.run(ScheduledThreadPoolExecutor.java:304) ~[na:na]
	at java.base/java.util.concurrent.ThreadPoolExecutor.runWorker(ThreadPoolExecutor.java:1144) ~[na:na]
	at java.base/java.util.concurrent.ThreadPoolExecutor$Worker.run(ThreadPoolExecutor.java:642) ~[na:na]
	at java.base/java.lang.Thread.run(Thread.java:1583) ~[na:na]

2026-07-02T16:57:58.595+08:00 ERROR 15700 --- [gateway-server] [boundedElastic-5] c.a.c.n.d.r.NacosReactiveDiscoveryClient : get services from nacos server fail,

com.alibaba.nacos.api.exception.NacosException: Client not connected, current status:UNHEALTHY
	at com.alibaba.nacos.common.remote.client.RpcClient.request(RpcClient.java:645) ~[nacos-client-2.4.2.jar:na]
	at com.alibaba.nacos.common.remote.client.RpcClient.request(RpcClient.java:624) ~[nacos-client-2.4.2.jar:na]
	at com.alibaba.nacos.client.naming.remote.gprc.NamingGrpcClientProxy.requestToServer(NamingGrpcClientProxy.java:447) ~[nacos-client-2.4.2.jar:na]
	at com.alibaba.nacos.client.naming.remote.gprc.NamingGrpcClientProxy.getServiceList(NamingGrpcClientProxy.java:368) ~[nacos-client-2.4.2.jar:na]
	at com.alibaba.nacos.client.naming.remote.NamingClientProxyDelegate.getServiceList(NamingClientProxyDelegate.java:159) ~[nacos-client-2.4.2.jar:na]
	at com.alibaba.nacos.client.naming.NacosNamingService.getServicesOfServer(NacosNamingService.java:515) ~[nacos-client-2.4.2.jar:na]
	at com.alibaba.nacos.client.naming.NacosNamingService.getServicesOfServer(NacosNamingService.java:503) ~[nacos-client-2.4.2.jar:na]
	at com.alibaba.cloud.nacos.discovery.NacosServiceDiscovery.getServices(NacosServiceDiscovery.java:70) ~[spring-cloud-starter-alibaba-nacos-discovery-2023.0.3.2.jar:2023.0.3.2]
	at com.alibaba.cloud.nacos.discovery.reactive.NacosReactiveDiscoveryClient.lambda$getServices$3(NacosReactiveDiscoveryClient.java:87) ~[spring-cloud-starter-alibaba-nacos-discovery-2023.0.3.2.jar:2023.0.3.2]
	at reactor.core.publisher.FluxDefer.subscribe(FluxDefer.java:46) ~[reactor-core-3.6.15.jar:3.6.15]
	at reactor.core.publisher.FluxSubscribeOn$SubscribeOnSubscriber.run(FluxSubscribeOn.java:194) ~[reactor-core-3.6.15.jar:3.6.15]
	at reactor.core.scheduler.WorkerTask.call(WorkerTask.java:84) ~[reactor-core-3.6.15.jar:3.6.15]
	at reactor.core.scheduler.WorkerTask.call(WorkerTask.java:37) ~[reactor-core-3.6.15.jar:3.6.15]
	at java.base/java.util.concurrent.FutureTask.run(FutureTask.java:317) ~[na:na]
	at java.base/java.util.concurrent.ScheduledThreadPoolExecutor$ScheduledFutureTask.run(ScheduledThreadPoolExecutor.java:304) ~[na:na]
	at java.base/java.util.concurrent.ThreadPoolExecutor.runWorker(ThreadPoolExecutor.java:1144) ~[na:na]
	at java.base/java.util.concurrent.ThreadPoolExecutor$Worker.run(ThreadPoolExecutor.java:642) ~[na:na]
	at java.base/java.lang.Thread.run(Thread.java:1583) ~[na:na]

2026-07-02T16:58:28.597+08:00 ERROR 15700 --- [gateway-server] [boundedElastic-5] c.a.c.n.d.r.NacosReactiveDiscoveryClient : get services from nacos server fail,

com.alibaba.nacos.api.exception.NacosException: Client not connected, current status:UNHEALTHY
	at com.alibaba.nacos.common.remote.client.RpcClient.request(RpcClient.java:645) ~[nacos-client-2.4.2.jar:na]
	at com.alibaba.nacos.common.remote.client.RpcClient.request(RpcClient.java:624) ~[nacos-client-2.4.2.jar:na]
	at com.alibaba.nacos.client.naming.remote.gprc.NamingGrpcClientProxy.requestToServer(NamingGrpcClientProxy.java:447) ~[nacos-client-2.4.2.jar:na]
	at com.alibaba.nacos.client.naming.remote.gprc.NamingGrpcClientProxy.getServiceList(NamingGrpcClientProxy.java:368) ~[nacos-client-2.4.2.jar:na]
	at com.alibaba.nacos.client.naming.remote.NamingClientProxyDelegate.getServiceList(NamingClientProxyDelegate.java:159) ~[nacos-client-2.4.2.jar:na]
	at com.alibaba.nacos.client.naming.NacosNamingService.getServicesOfServer(NacosNamingService.java:515) ~[nacos-client-2.4.2.jar:na]
	at com.alibaba.nacos.client.naming.NacosNamingService.getServicesOfServer(NacosNamingService.java:503) ~[nacos-client-2.4.2.jar:na]
	at com.alibaba.cloud.nacos.discovery.NacosServiceDiscovery.getServices(NacosServiceDiscovery.java:70) ~[spring-cloud-starter-alibaba-nacos-discovery-2023.0.3.2.jar:2023.0.3.2]
	at com.alibaba.cloud.nacos.discovery.reactive.NacosReactiveDiscoveryClient.lambda$getServices$3(NacosReactiveDiscoveryClient.java:87) ~[spring-cloud-starter-alibaba-nacos-discovery-2023.0.3.2.jar:2023.0.3.2]
	at reactor.core.publisher.FluxDefer.subscribe(FluxDefer.java:46) ~[reactor-core-3.6.15.jar:3.6.15]
	at reactor.core.publisher.FluxSubscribeOn$SubscribeOnSubscriber.run(FluxSubscribeOn.java:194) ~[reactor-core-3.6.15.jar:3.6.15]
	at reactor.core.scheduler.WorkerTask.call(WorkerTask.java:84) ~[reactor-core-3.6.15.jar:3.6.15]
	at reactor.core.scheduler.WorkerTask.call(WorkerTask.java:37) ~[reactor-core-3.6.15.jar:3.6.15]
	at java.base/java.util.concurrent.FutureTask.run(FutureTask.java:317) ~[na:na]
	at java.base/java.util.concurrent.ScheduledThreadPoolExecutor$ScheduledFutureTask.run(ScheduledThreadPoolExecutor.java:304) ~[na:na]
	at java.base/java.util.concurrent.ThreadPoolExecutor.runWorker(ThreadPoolExecutor.java:1144) ~[na:na]
	at java.base/java.util.concurrent.ThreadPoolExecutor$Worker.run(ThreadPoolExecutor.java:642) ~[na:na]
	at java.base/java.lang.Thread.run(Thread.java:1583) ~[na:na]

2026-07-02T16:58:58.604+08:00 ERROR 15700 --- [gateway-server] [boundedElastic-5] c.a.c.n.d.r.NacosReactiveDiscoveryClient : get services from nacos server fail,

com.alibaba.nacos.api.exception.NacosException: Client not connected, current status:UNHEALTHY
	at com.alibaba.nacos.common.remote.client.RpcClient.request(RpcClient.java:645) ~[nacos-client-2.4.2.jar:na]
	at com.alibaba.nacos.common.remote.client.RpcClient.request(RpcClient.java:624) ~[nacos-client-2.4.2.jar:na]
	at com.alibaba.nacos.client.naming.remote.gprc.NamingGrpcClientProxy.requestToServer(NamingGrpcClientProxy.java:447) ~[nacos-client-2.4.2.jar:na]
	at com.alibaba.nacos.client.naming.remote.gprc.NamingGrpcClientProxy.getServiceList(NamingGrpcClientProxy.java:368) ~[nacos-client-2.4.2.jar:na]
	at com.alibaba.nacos.client.naming.remote.NamingClientProxyDelegate.getServiceList(NamingClientProxyDelegate.java:159) ~[nacos-client-2.4.2.jar:na]
	at com.alibaba.nacos.client.naming.NacosNamingService.getServicesOfServer(NacosNamingService.java:515) ~[nacos-client-2.4.2.jar:na]
	at com.alibaba.nacos.client.naming.NacosNamingService.getServicesOfServer(NacosNamingService.java:503) ~[nacos-client-2.4.2.jar:na]
	at com.alibaba.cloud.nacos.discovery.NacosServiceDiscovery.getServices(NacosServiceDiscovery.java:70) ~[spring-cloud-starter-alibaba-nacos-discovery-2023.0.3.2.jar:2023.0.3.2]
	at com.alibaba.cloud.nacos.discovery.reactive.NacosReactiveDiscoveryClient.lambda$getServices$3(NacosReactiveDiscoveryClient.java:87) ~[spring-cloud-starter-alibaba-nacos-discovery-2023.0.3.2.jar:2023.0.3.2]
	at reactor.core.publisher.FluxDefer.subscribe(FluxDefer.java:46) ~[reactor-core-3.6.15.jar:3.6.15]
	at reactor.core.publisher.FluxSubscribeOn$SubscribeOnSubscriber.run(FluxSubscribeOn.java:194) ~[reactor-core-3.6.15.jar:3.6.15]
	at reactor.core.scheduler.WorkerTask.call(WorkerTask.java:84) ~[reactor-core-3.6.15.jar:3.6.15]
	at reactor.core.scheduler.WorkerTask.call(WorkerTask.java:37) ~[reactor-core-3.6.15.jar:3.6.15]
	at java.base/java.util.concurrent.FutureTask.run(FutureTask.java:317) ~[na:na]
	at java.base/java.util.concurrent.ScheduledThreadPoolExecutor$ScheduledFutureTask.run(ScheduledThreadPoolExecutor.java:304) ~[na:na]
	at java.base/java.util.concurrent.ThreadPoolExecutor.runWorker(ThreadPoolExecutor.java:1144) ~[na:na]
	at java.base/java.util.concurrent.ThreadPoolExecutor$Worker.run(ThreadPoolExecutor.java:642) ~[na:na]
	at java.base/java.lang.Thread.run(Thread.java:1583) ~[na:na]

2026-07-02T16:59:28.622+08:00 ERROR 15700 --- [gateway-server] [boundedElastic-5] c.a.c.n.d.r.NacosReactiveDiscoveryClient : get services from nacos server fail,

com.alibaba.nacos.api.exception.NacosException: Client not connected, current status:UNHEALTHY
	at com.alibaba.nacos.common.remote.client.RpcClient.request(RpcClient.java:645) ~[nacos-client-2.4.2.jar:na]
	at com.alibaba.nacos.common.remote.client.RpcClient.request(RpcClient.java:624) ~[nacos-client-2.4.2.jar:na]
	at com.alibaba.nacos.client.naming.remote.gprc.NamingGrpcClientProxy.requestToServer(NamingGrpcClientProxy.java:447) ~[nacos-client-2.4.2.jar:na]
	at com.alibaba.nacos.client.naming.remote.gprc.NamingGrpcClientProxy.getServiceList(NamingGrpcClientProxy.java:368) ~[nacos-client-2.4.2.jar:na]
	at com.alibaba.nacos.client.naming.remote.NamingClientProxyDelegate.getServiceList(NamingClientProxyDelegate.java:159) ~[nacos-client-2.4.2.jar:na]
	at com.alibaba.nacos.client.naming.NacosNamingService.getServicesOfServer(NacosNamingService.java:515) ~[nacos-client-2.4.2.jar:na]
	at com.alibaba.nacos.client.naming.NacosNamingService.getServicesOfServer(NacosNamingService.java:503) ~[nacos-client-2.4.2.jar:na]
	at com.alibaba.cloud.nacos.discovery.NacosServiceDiscovery.getServices(NacosServiceDiscovery.java:70) ~[spring-cloud-starter-alibaba-nacos-discovery-2023.0.3.2.jar:2023.0.3.2]
	at com.alibaba.cloud.nacos.discovery.reactive.NacosReactiveDiscoveryClient.lambda$getServices$3(NacosReactiveDiscoveryClient.java:87) ~[spring-cloud-starter-alibaba-nacos-discovery-2023.0.3.2.jar:2023.0.3.2]
	at reactor.core.publisher.FluxDefer.subscribe(FluxDefer.java:46) ~[reactor-core-3.6.15.jar:3.6.15]
	at reactor.core.publisher.FluxSubscribeOn$SubscribeOnSubscriber.run(FluxSubscribeOn.java:194) ~[reactor-core-3.6.15.jar:3.6.15]
	at reactor.core.scheduler.WorkerTask.call(WorkerTask.java:84) ~[reactor-core-3.6.15.jar:3.6.15]
	at reactor.core.scheduler.WorkerTask.call(WorkerTask.java:37) ~[reactor-core-3.6.15.jar:3.6.15]
	at java.base/java.util.concurrent.FutureTask.run(FutureTask.java:317) ~[na:na]
	at java.base/java.util.concurrent.ScheduledThreadPoolExecutor$ScheduledFutureTask.run(ScheduledThreadPoolExecutor.java:304) ~[na:na]
	at java.base/java.util.concurrent.ThreadPoolExecutor.runWorker(ThreadPoolExecutor.java:1144) ~[na:na]
	at java.base/java.util.concurrent.ThreadPoolExecutor$Worker.run(ThreadPoolExecutor.java:642) ~[na:na]
	at java.base/java.lang.Thread.run(Thread.java:1583) ~[na:na]

2026-07-02T16:59:58.623+08:00 ERROR 15700 --- [gateway-server] [boundedElastic-5] c.a.c.n.d.r.NacosReactiveDiscoveryClient : get services from nacos server fail,

com.alibaba.nacos.api.exception.NacosException: Client not connected, current status:UNHEALTHY
	at com.alibaba.nacos.common.remote.client.RpcClient.request(RpcClient.java:645) ~[nacos-client-2.4.2.jar:na]
	at com.alibaba.nacos.common.remote.client.RpcClient.request(RpcClient.java:624) ~[nacos-client-2.4.2.jar:na]
	at com.alibaba.nacos.client.naming.remote.gprc.NamingGrpcClientProxy.requestToServer(NamingGrpcClientProxy.java:447) ~[nacos-client-2.4.2.jar:na]
	at com.alibaba.nacos.client.naming.remote.gprc.NamingGrpcClientProxy.getServiceList(NamingGrpcClientProxy.java:368) ~[nacos-client-2.4.2.jar:na]
	at com.alibaba.nacos.client.naming.remote.NamingClientProxyDelegate.getServiceList(NamingClientProxyDelegate.java:159) ~[nacos-client-2.4.2.jar:na]
	at com.alibaba.nacos.client.naming.NacosNamingService.getServicesOfServer(NacosNamingService.java:515) ~[nacos-client-2.4.2.jar:na]
	at com.alibaba.nacos.client.naming.NacosNamingService.getServicesOfServer(NacosNamingService.java:503) ~[nacos-client-2.4.2.jar:na]
	at com.alibaba.cloud.nacos.discovery.NacosServiceDiscovery.getServices(NacosServiceDiscovery.java:70) ~[spring-cloud-starter-alibaba-nacos-discovery-2023.0.3.2.jar:2023.0.3.2]
	at com.alibaba.cloud.nacos.discovery.reactive.NacosReactiveDiscoveryClient.lambda$getServices$3(NacosReactiveDiscoveryClient.java:87) ~[spring-cloud-starter-alibaba-nacos-discovery-2023.0.3.2.jar:2023.0.3.2]
	at reactor.core.publisher.FluxDefer.subscribe(FluxDefer.java:46) ~[reactor-core-3.6.15.jar:3.6.15]
	at reactor.core.publisher.FluxSubscribeOn$SubscribeOnSubscriber.run(FluxSubscribeOn.java:194) ~[reactor-core-3.6.15.jar:3.6.15]
	at reactor.core.scheduler.WorkerTask.call(WorkerTask.java:84) ~[reactor-core-3.6.15.jar:3.6.15]
	at reactor.core.scheduler.WorkerTask.call(WorkerTask.java:37) ~[reactor-core-3.6.15.jar:3.6.15]
	at java.base/java.util.concurrent.FutureTask.run(FutureTask.java:317) ~[na:na]
	at java.base/java.util.concurrent.ScheduledThreadPoolExecutor$ScheduledFutureTask.run(ScheduledThreadPoolExecutor.java:304) ~[na:na]
	at java.base/java.util.concurrent.ThreadPoolExecutor.runWorker(ThreadPoolExecutor.java:1144) ~[na:na]
	at java.base/java.util.concurrent.ThreadPoolExecutor$Worker.run(ThreadPoolExecutor.java:642) ~[na:na]
	at java.base/java.lang.Thread.run(Thread.java:1583) ~[na:na]

2026-07-02T17:00:28.622+08:00 ERROR 15700 --- [gateway-server] [boundedElastic-5] c.a.c.n.d.r.NacosReactiveDiscoveryClient : get services from nacos server fail,

com.alibaba.nacos.api.exception.NacosException: Client not connected, current status:UNHEALTHY
	at com.alibaba.nacos.common.remote.client.RpcClient.request(RpcClient.java:645) ~[nacos-client-2.4.2.jar:na]
	at com.alibaba.nacos.common.remote.client.RpcClient.request(RpcClient.java:624) ~[nacos-client-2.4.2.jar:na]
	at com.alibaba.nacos.client.naming.remote.gprc.NamingGrpcClientProxy.requestToServer(NamingGrpcClientProxy.java:447) ~[nacos-client-2.4.2.jar:na]
	at com.alibaba.nacos.client.naming.remote.gprc.NamingGrpcClientProxy.getServiceList(NamingGrpcClientProxy.java:368) ~[nacos-client-2.4.2.jar:na]
	at com.alibaba.nacos.client.naming.remote.NamingClientProxyDelegate.getServiceList(NamingClientProxyDelegate.java:159) ~[nacos-client-2.4.2.jar:na]
	at com.alibaba.nacos.client.naming.NacosNamingService.getServicesOfServer(NacosNamingService.java:515) ~[nacos-client-2.4.2.jar:na]
	at com.alibaba.nacos.client.naming.NacosNamingService.getServicesOfServer(NacosNamingService.java:503) ~[nacos-client-2.4.2.jar:na]
	at com.alibaba.cloud.nacos.discovery.NacosServiceDiscovery.getServices(NacosServiceDiscovery.java:70) ~[spring-cloud-starter-alibaba-nacos-discovery-2023.0.3.2.jar:2023.0.3.2]
	at com.alibaba.cloud.nacos.discovery.reactive.NacosReactiveDiscoveryClient.lambda$getServices$3(NacosReactiveDiscoveryClient.java:87) ~[spring-cloud-starter-alibaba-nacos-discovery-2023.0.3.2.jar:2023.0.3.2]
	at reactor.core.publisher.FluxDefer.subscribe(FluxDefer.java:46) ~[reactor-core-3.6.15.jar:3.6.15]
	at reactor.core.publisher.FluxSubscribeOn$SubscribeOnSubscriber.run(FluxSubscribeOn.java:194) ~[reactor-core-3.6.15.jar:3.6.15]
	at reactor.core.scheduler.WorkerTask.call(WorkerTask.java:84) ~[reactor-core-3.6.15.jar:3.6.15]
	at reactor.core.scheduler.WorkerTask.call(WorkerTask.java:37) ~[reactor-core-3.6.15.jar:3.6.15]
	at java.base/java.util.concurrent.FutureTask.run(FutureTask.java:317) ~[na:na]
	at java.base/java.util.concurrent.ScheduledThreadPoolExecutor$ScheduledFutureTask.run(ScheduledThreadPoolExecutor.java:304) ~[na:na]
	at java.base/java.util.concurrent.ThreadPoolExecutor.runWorker(ThreadPoolExecutor.java:1144) ~[na:na]
	at java.base/java.util.concurrent.ThreadPoolExecutor$Worker.run(ThreadPoolExecutor.java:642) ~[na:na]
	at java.base/java.lang.Thread.run(Thread.java:1583) ~[na:na]

2026-07-02T17:00:58.617+08:00 ERROR 15700 --- [gateway-server] [boundedElastic-5] c.a.c.n.d.r.NacosReactiveDiscoveryClient : get services from nacos server fail,

com.alibaba.nacos.api.exception.NacosException: Client not connected, current status:UNHEALTHY
	at com.alibaba.nacos.common.remote.client.RpcClient.request(RpcClient.java:645) ~[nacos-client-2.4.2.jar:na]
	at com.alibaba.nacos.common.remote.client.RpcClient.request(RpcClient.java:624) ~[nacos-client-2.4.2.jar:na]
	at com.alibaba.nacos.client.naming.remote.gprc.NamingGrpcClientProxy.requestToServer(NamingGrpcClientProxy.java:447) ~[nacos-client-2.4.2.jar:na]
	at com.alibaba.nacos.client.naming.remote.gprc.NamingGrpcClientProxy.getServiceList(NamingGrpcClientProxy.java:368) ~[nacos-client-2.4.2.jar:na]
	at com.alibaba.nacos.client.naming.remote.NamingClientProxyDelegate.getServiceList(NamingClientProxyDelegate.java:159) ~[nacos-client-2.4.2.jar:na]
	at com.alibaba.nacos.client.naming.NacosNamingService.getServicesOfServer(NacosNamingService.java:515) ~[nacos-client-2.4.2.jar:na]
	at com.alibaba.nacos.client.naming.NacosNamingService.getServicesOfServer(NacosNamingService.java:503) ~[nacos-client-2.4.2.jar:na]
	at com.alibaba.cloud.nacos.discovery.NacosServiceDiscovery.getServices(NacosServiceDiscovery.java:70) ~[spring-cloud-starter-alibaba-nacos-discovery-2023.0.3.2.jar:2023.0.3.2]
	at com.alibaba.cloud.nacos.discovery.reactive.NacosReactiveDiscoveryClient.lambda$getServices$3(NacosReactiveDiscoveryClient.java:87) ~[spring-cloud-starter-alibaba-nacos-discovery-2023.0.3.2.jar:2023.0.3.2]
	at reactor.core.publisher.FluxDefer.subscribe(FluxDefer.java:46) ~[reactor-core-3.6.15.jar:3.6.15]
	at reactor.core.publisher.FluxSubscribeOn$SubscribeOnSubscriber.run(FluxSubscribeOn.java:194) ~[reactor-core-3.6.15.jar:3.6.15]
	at reactor.core.scheduler.WorkerTask.call(WorkerTask.java:84) ~[reactor-core-3.6.15.jar:3.6.15]
	at reactor.core.scheduler.WorkerTask.call(WorkerTask.java:37) ~[reactor-core-3.6.15.jar:3.6.15]
	at java.base/java.util.concurrent.FutureTask.run(FutureTask.java:317) ~[na:na]
	at java.base/java.util.concurrent.ScheduledThreadPoolExecutor$ScheduledFutureTask.run(ScheduledThreadPoolExecutor.java:304) ~[na:na]
	at java.base/java.util.concurrent.ThreadPoolExecutor.runWorker(ThreadPoolExecutor.java:1144) ~[na:na]
	at java.base/java.util.concurrent.ThreadPoolExecutor$Worker.run(ThreadPoolExecutor.java:642) ~[na:na]
	at java.base/java.lang.Thread.run(Thread.java:1583) ~[na:na]

2026-07-02T17:01:28.663+08:00 ERROR 15700 --- [gateway-server] [boundedElastic-5] c.a.c.n.d.r.NacosReactiveDiscoveryClient : get services from nacos server fail,

com.alibaba.nacos.api.exception.NacosException: Client not connected, current status:UNHEALTHY
	at com.alibaba.nacos.common.remote.client.RpcClient.request(RpcClient.java:645) ~[nacos-client-2.4.2.jar:na]
	at com.alibaba.nacos.common.remote.client.RpcClient.request(RpcClient.java:624) ~[nacos-client-2.4.2.jar:na]
	at com.alibaba.nacos.client.naming.remote.gprc.NamingGrpcClientProxy.requestToServer(NamingGrpcClientProxy.java:447) ~[nacos-client-2.4.2.jar:na]
	at com.alibaba.nacos.client.naming.remote.gprc.NamingGrpcClientProxy.getServiceList(NamingGrpcClientProxy.java:368) ~[nacos-client-2.4.2.jar:na]
	at com.alibaba.nacos.client.naming.remote.NamingClientProxyDelegate.getServiceList(NamingClientProxyDelegate.java:159) ~[nacos-client-2.4.2.jar:na]
	at com.alibaba.nacos.client.naming.NacosNamingService.getServicesOfServer(NacosNamingService.java:515) ~[nacos-client-2.4.2.jar:na]
	at com.alibaba.nacos.client.naming.NacosNamingService.getServicesOfServer(NacosNamingService.java:503) ~[nacos-client-2.4.2.jar:na]
	at com.alibaba.cloud.nacos.discovery.NacosServiceDiscovery.getServices(NacosServiceDiscovery.java:70) ~[spring-cloud-starter-alibaba-nacos-discovery-2023.0.3.2.jar:2023.0.3.2]
	at com.alibaba.cloud.nacos.discovery.reactive.NacosReactiveDiscoveryClient.lambda$getServices$3(NacosReactiveDiscoveryClient.java:87) ~[spring-cloud-starter-alibaba-nacos-discovery-2023.0.3.2.jar:2023.0.3.2]
	at reactor.core.publisher.FluxDefer.subscribe(FluxDefer.java:46) ~[reactor-core-3.6.15.jar:3.6.15]
	at reactor.core.publisher.FluxSubscribeOn$SubscribeOnSubscriber.run(FluxSubscribeOn.java:194) ~[reactor-core-3.6.15.jar:3.6.15]
	at reactor.core.scheduler.WorkerTask.call(WorkerTask.java:84) ~[reactor-core-3.6.15.jar:3.6.15]
	at reactor.core.scheduler.WorkerTask.call(WorkerTask.java:37) ~[reactor-core-3.6.15.jar:3.6.15]
	at java.base/java.util.concurrent.FutureTask.run(FutureTask.java:317) ~[na:na]
	at java.base/java.util.concurrent.ScheduledThreadPoolExecutor$ScheduledFutureTask.run(ScheduledThreadPoolExecutor.java:304) ~[na:na]
	at java.base/java.util.concurrent.ThreadPoolExecutor.runWorker(ThreadPoolExecutor.java:1144) ~[na:na]
	at java.base/java.util.concurrent.ThreadPoolExecutor$Worker.run(ThreadPoolExecutor.java:642) ~[na:na]
	at java.base/java.lang.Thread.run(Thread.java:1583) ~[na:na]

2026-07-02T17:01:58.646+08:00 ERROR 15700 --- [gateway-server] [boundedElastic-5] c.a.c.n.d.r.NacosReactiveDiscoveryClient : get services from nacos server fail,

com.alibaba.nacos.api.exception.NacosException: Client not connected, current status:UNHEALTHY
	at com.alibaba.nacos.common.remote.client.RpcClient.request(RpcClient.java:645) ~[nacos-client-2.4.2.jar:na]
	at com.alibaba.nacos.common.remote.client.RpcClient.request(RpcClient.java:624) ~[nacos-client-2.4.2.jar:na]
	at com.alibaba.nacos.client.naming.remote.gprc.NamingGrpcClientProxy.requestToServer(NamingGrpcClientProxy.java:447) ~[nacos-client-2.4.2.jar:na]
	at com.alibaba.nacos.client.naming.remote.gprc.NamingGrpcClientProxy.getServiceList(NamingGrpcClientProxy.java:368) ~[nacos-client-2.4.2.jar:na]
	at com.alibaba.nacos.client.naming.remote.NamingClientProxyDelegate.getServiceList(NamingClientProxyDelegate.java:159) ~[nacos-client-2.4.2.jar:na]
	at com.alibaba.nacos.client.naming.NacosNamingService.getServicesOfServer(NacosNamingService.java:515) ~[nacos-client-2.4.2.jar:na]
	at com.alibaba.nacos.client.naming.NacosNamingService.getServicesOfServer(NacosNamingService.java:503) ~[nacos-client-2.4.2.jar:na]
	at com.alibaba.cloud.nacos.discovery.NacosServiceDiscovery.getServices(NacosServiceDiscovery.java:70) ~[spring-cloud-starter-alibaba-nacos-discovery-2023.0.3.2.jar:2023.0.3.2]
	at com.alibaba.cloud.nacos.discovery.reactive.NacosReactiveDiscoveryClient.lambda$getServices$3(NacosReactiveDiscoveryClient.java:87) ~[spring-cloud-starter-alibaba-nacos-discovery-2023.0.3.2.jar:2023.0.3.2]
	at reactor.core.publisher.FluxDefer.subscribe(FluxDefer.java:46) ~[reactor-core-3.6.15.jar:3.6.15]
	at reactor.core.publisher.FluxSubscribeOn$SubscribeOnSubscriber.run(FluxSubscribeOn.java:194) ~[reactor-core-3.6.15.jar:3.6.15]
	at reactor.core.scheduler.WorkerTask.call(WorkerTask.java:84) ~[reactor-core-3.6.15.jar:3.6.15]
	at reactor.core.scheduler.WorkerTask.call(WorkerTask.java:37) ~[reactor-core-3.6.15.jar:3.6.15]
	at java.base/java.util.concurrent.FutureTask.run(FutureTask.java:317) ~[na:na]
	at java.base/java.util.concurrent.ScheduledThreadPoolExecutor$ScheduledFutureTask.run(ScheduledThreadPoolExecutor.java:304) ~[na:na]
	at java.base/java.util.concurrent.ThreadPoolExecutor.runWorker(ThreadPoolExecutor.java:1144) ~[na:na]
	at java.base/java.util.concurrent.ThreadPoolExecutor$Worker.run(ThreadPoolExecutor.java:642) ~[na:na]
	at java.base/java.lang.Thread.run(Thread.java:1583) ~[na:na]

2026-07-02T17:02:28.668+08:00 ERROR 15700 --- [gateway-server] [boundedElastic-5] c.a.c.n.d.r.NacosReactiveDiscoveryClient : get services from nacos server fail,

com.alibaba.nacos.api.exception.NacosException: Client not connected, current status:UNHEALTHY
	at com.alibaba.nacos.common.remote.client.RpcClient.request(RpcClient.java:645) ~[nacos-client-2.4.2.jar:na]
	at com.alibaba.nacos.common.remote.client.RpcClient.request(RpcClient.java:624) ~[nacos-client-2.4.2.jar:na]
	at com.alibaba.nacos.client.naming.remote.gprc.NamingGrpcClientProxy.requestToServer(NamingGrpcClientProxy.java:447) ~[nacos-client-2.4.2.jar:na]
	at com.alibaba.nacos.client.naming.remote.gprc.NamingGrpcClientProxy.getServiceList(NamingGrpcClientProxy.java:368) ~[nacos-client-2.4.2.jar:na]
	at com.alibaba.nacos.client.naming.remote.NamingClientProxyDelegate.getServiceList(NamingClientProxyDelegate.java:159) ~[nacos-client-2.4.2.jar:na]
	at com.alibaba.nacos.client.naming.NacosNamingService.getServicesOfServer(NacosNamingService.java:515) ~[nacos-client-2.4.2.jar:na]
	at com.alibaba.nacos.client.naming.NacosNamingService.getServicesOfServer(NacosNamingService.java:503) ~[nacos-client-2.4.2.jar:na]
	at com.alibaba.cloud.nacos.discovery.NacosServiceDiscovery.getServices(NacosServiceDiscovery.java:70) ~[spring-cloud-starter-alibaba-nacos-discovery-2023.0.3.2.jar:2023.0.3.2]
	at com.alibaba.cloud.nacos.discovery.reactive.NacosReactiveDiscoveryClient.lambda$getServices$3(NacosReactiveDiscoveryClient.java:87) ~[spring-cloud-starter-alibaba-nacos-discovery-2023.0.3.2.jar:2023.0.3.2]
	at reactor.core.publisher.FluxDefer.subscribe(FluxDefer.java:46) ~[reactor-core-3.6.15.jar:3.6.15]
	at reactor.core.publisher.FluxSubscribeOn$SubscribeOnSubscriber.run(FluxSubscribeOn.java:194) ~[reactor-core-3.6.15.jar:3.6.15]
	at reactor.core.scheduler.WorkerTask.call(WorkerTask.java:84) ~[reactor-core-3.6.15.jar:3.6.15]
	at reactor.core.scheduler.WorkerTask.call(WorkerTask.java:37) ~[reactor-core-3.6.15.jar:3.6.15]
	at java.base/java.util.concurrent.FutureTask.run(FutureTask.java:317) ~[na:na]
	at java.base/java.util.concurrent.ScheduledThreadPoolExecutor$ScheduledFutureTask.run(ScheduledThreadPoolExecutor.java:304) ~[na:na]
	at java.base/java.util.concurrent.ThreadPoolExecutor.runWorker(ThreadPoolExecutor.java:1144) ~[na:na]
	at java.base/java.util.concurrent.ThreadPoolExecutor$Worker.run(ThreadPoolExecutor.java:642) ~[na:na]
	at java.base/java.lang.Thread.run(Thread.java:1583) ~[na:na]

2026-07-02T17:02:58.696+08:00 ERROR 15700 --- [gateway-server] [boundedElastic-5] c.a.c.n.d.r.NacosReactiveDiscoveryClient : get services from nacos server fail,

com.alibaba.nacos.api.exception.NacosException: Client not connected, current status:UNHEALTHY
	at com.alibaba.nacos.common.remote.client.RpcClient.request(RpcClient.java:645) ~[nacos-client-2.4.2.jar:na]
	at com.alibaba.nacos.common.remote.client.RpcClient.request(RpcClient.java:624) ~[nacos-client-2.4.2.jar:na]
	at com.alibaba.nacos.client.naming.remote.gprc.NamingGrpcClientProxy.requestToServer(NamingGrpcClientProxy.java:447) ~[nacos-client-2.4.2.jar:na]
	at com.alibaba.nacos.client.naming.remote.gprc.NamingGrpcClientProxy.getServiceList(NamingGrpcClientProxy.java:368) ~[nacos-client-2.4.2.jar:na]
	at com.alibaba.nacos.client.naming.remote.NamingClientProxyDelegate.getServiceList(NamingClientProxyDelegate.java:159) ~[nacos-client-2.4.2.jar:na]
	at com.alibaba.nacos.client.naming.NacosNamingService.getServicesOfServer(NacosNamingService.java:515) ~[nacos-client-2.4.2.jar:na]
	at com.alibaba.nacos.client.naming.NacosNamingService.getServicesOfServer(NacosNamingService.java:503) ~[nacos-client-2.4.2.jar:na]
	at com.alibaba.cloud.nacos.discovery.NacosServiceDiscovery.getServices(NacosServiceDiscovery.java:70) ~[spring-cloud-starter-alibaba-nacos-discovery-2023.0.3.2.jar:2023.0.3.2]
	at com.alibaba.cloud.nacos.discovery.reactive.NacosReactiveDiscoveryClient.lambda$getServices$3(NacosReactiveDiscoveryClient.java:87) ~[spring-cloud-starter-alibaba-nacos-discovery-2023.0.3.2.jar:2023.0.3.2]
	at reactor.core.publisher.FluxDefer.subscribe(FluxDefer.java:46) ~[reactor-core-3.6.15.jar:3.6.15]
	at reactor.core.publisher.FluxSubscribeOn$SubscribeOnSubscriber.run(FluxSubscribeOn.java:194) ~[reactor-core-3.6.15.jar:3.6.15]
	at reactor.core.scheduler.WorkerTask.call(WorkerTask.java:84) ~[reactor-core-3.6.15.jar:3.6.15]
	at reactor.core.scheduler.WorkerTask.call(WorkerTask.java:37) ~[reactor-core-3.6.15.jar:3.6.15]
	at java.base/java.util.concurrent.FutureTask.run(FutureTask.java:317) ~[na:na]
	at java.base/java.util.concurrent.ScheduledThreadPoolExecutor$ScheduledFutureTask.run(ScheduledThreadPoolExecutor.java:304) ~[na:na]
	at java.base/java.util.concurrent.ThreadPoolExecutor.runWorker(ThreadPoolExecutor.java:1144) ~[na:na]
	at java.base/java.util.concurrent.ThreadPoolExecutor$Worker.run(ThreadPoolExecutor.java:642) ~[na:na]
	at java.base/java.lang.Thread.run(Thread.java:1583) ~[na:na]

2026-07-02T17:03:28.703+08:00 ERROR 15700 --- [gateway-server] [boundedElastic-5] c.a.c.n.d.r.NacosReactiveDiscoveryClient : get services from nacos server fail,

com.alibaba.nacos.api.exception.NacosException: Client not connected, current status:UNHEALTHY
	at com.alibaba.nacos.common.remote.client.RpcClient.request(RpcClient.java:645) ~[nacos-client-2.4.2.jar:na]
	at com.alibaba.nacos.common.remote.client.RpcClient.request(RpcClient.java:624) ~[nacos-client-2.4.2.jar:na]
	at com.alibaba.nacos.client.naming.remote.gprc.NamingGrpcClientProxy.requestToServer(NamingGrpcClientProxy.java:447) ~[nacos-client-2.4.2.jar:na]
	at com.alibaba.nacos.client.naming.remote.gprc.NamingGrpcClientProxy.getServiceList(NamingGrpcClientProxy.java:368) ~[nacos-client-2.4.2.jar:na]
	at com.alibaba.nacos.client.naming.remote.NamingClientProxyDelegate.getServiceList(NamingClientProxyDelegate.java:159) ~[nacos-client-2.4.2.jar:na]
	at com.alibaba.nacos.client.naming.NacosNamingService.getServicesOfServer(NacosNamingService.java:515) ~[nacos-client-2.4.2.jar:na]
	at com.alibaba.nacos.client.naming.NacosNamingService.getServicesOfServer(NacosNamingService.java:503) ~[nacos-client-2.4.2.jar:na]
	at com.alibaba.cloud.nacos.discovery.NacosServiceDiscovery.getServices(NacosServiceDiscovery.java:70) ~[spring-cloud-starter-alibaba-nacos-discovery-2023.0.3.2.jar:2023.0.3.2]
	at com.alibaba.cloud.nacos.discovery.reactive.NacosReactiveDiscoveryClient.lambda$getServices$3(NacosReactiveDiscoveryClient.java:87) ~[spring-cloud-starter-alibaba-nacos-discovery-2023.0.3.2.jar:2023.0.3.2]
	at reactor.core.publisher.FluxDefer.subscribe(FluxDefer.java:46) ~[reactor-core-3.6.15.jar:3.6.15]
	at reactor.core.publisher.FluxSubscribeOn$SubscribeOnSubscriber.run(FluxSubscribeOn.java:194) ~[reactor-core-3.6.15.jar:3.6.15]
	at reactor.core.scheduler.WorkerTask.call(WorkerTask.java:84) ~[reactor-core-3.6.15.jar:3.6.15]
	at reactor.core.scheduler.WorkerTask.call(WorkerTask.java:37) ~[reactor-core-3.6.15.jar:3.6.15]
	at java.base/java.util.concurrent.FutureTask.run(FutureTask.java:317) ~[na:na]
	at java.base/java.util.concurrent.ScheduledThreadPoolExecutor$ScheduledFutureTask.run(ScheduledThreadPoolExecutor.java:304) ~[na:na]
	at java.base/java.util.concurrent.ThreadPoolExecutor.runWorker(ThreadPoolExecutor.java:1144) ~[na:na]
	at java.base/java.util.concurrent.ThreadPoolExecutor$Worker.run(ThreadPoolExecutor.java:642) ~[na:na]
	at java.base/java.lang.Thread.run(Thread.java:1583) ~[na:na]

2026-07-02T17:03:58.698+08:00 ERROR 15700 --- [gateway-server] [boundedElastic-5] c.a.c.n.d.r.NacosReactiveDiscoveryClient : get services from nacos server fail,

com.alibaba.nacos.api.exception.NacosException: Client not connected, current status:UNHEALTHY
	at com.alibaba.nacos.common.remote.client.RpcClient.request(RpcClient.java:645) ~[nacos-client-2.4.2.jar:na]
	at com.alibaba.nacos.common.remote.client.RpcClient.request(RpcClient.java:624) ~[nacos-client-2.4.2.jar:na]
	at com.alibaba.nacos.client.naming.remote.gprc.NamingGrpcClientProxy.requestToServer(NamingGrpcClientProxy.java:447) ~[nacos-client-2.4.2.jar:na]
	at com.alibaba.nacos.client.naming.remote.gprc.NamingGrpcClientProxy.getServiceList(NamingGrpcClientProxy.java:368) ~[nacos-client-2.4.2.jar:na]
	at com.alibaba.nacos.client.naming.remote.NamingClientProxyDelegate.getServiceList(NamingClientProxyDelegate.java:159) ~[nacos-client-2.4.2.jar:na]
	at com.alibaba.nacos.client.naming.NacosNamingService.getServicesOfServer(NacosNamingService.java:515) ~[nacos-client-2.4.2.jar:na]
	at com.alibaba.nacos.client.naming.NacosNamingService.getServicesOfServer(NacosNamingService.java:503) ~[nacos-client-2.4.2.jar:na]
	at com.alibaba.cloud.nacos.discovery.NacosServiceDiscovery.getServices(NacosServiceDiscovery.java:70) ~[spring-cloud-starter-alibaba-nacos-discovery-2023.0.3.2.jar:2023.0.3.2]
	at com.alibaba.cloud.nacos.discovery.reactive.NacosReactiveDiscoveryClient.lambda$getServices$3(NacosReactiveDiscoveryClient.java:87) ~[spring-cloud-starter-alibaba-nacos-discovery-2023.0.3.2.jar:2023.0.3.2]
	at reactor.core.publisher.FluxDefer.subscribe(FluxDefer.java:46) ~[reactor-core-3.6.15.jar:3.6.15]
	at reactor.core.publisher.FluxSubscribeOn$SubscribeOnSubscriber.run(FluxSubscribeOn.java:194) ~[reactor-core-3.6.15.jar:3.6.15]
	at reactor.core.scheduler.WorkerTask.call(WorkerTask.java:84) ~[reactor-core-3.6.15.jar:3.6.15]
	at reactor.core.scheduler.WorkerTask.call(WorkerTask.java:37) ~[reactor-core-3.6.15.jar:3.6.15]
	at java.base/java.util.concurrent.FutureTask.run(FutureTask.java:317) ~[na:na]
	at java.base/java.util.concurrent.ScheduledThreadPoolExecutor$ScheduledFutureTask.run(ScheduledThreadPoolExecutor.java:304) ~[na:na]
	at java.base/java.util.concurrent.ThreadPoolExecutor.runWorker(ThreadPoolExecutor.java:1144) ~[na:na]
	at java.base/java.util.concurrent.ThreadPoolExecutor$Worker.run(ThreadPoolExecutor.java:642) ~[na:na]
	at java.base/java.lang.Thread.run(Thread.java:1583) ~[na:na]

2026-07-02T17:04:28.702+08:00 ERROR 15700 --- [gateway-server] [boundedElastic-5] c.a.c.n.d.r.NacosReactiveDiscoveryClient : get services from nacos server fail,

com.alibaba.nacos.api.exception.NacosException: Client not connected, current status:UNHEALTHY
	at com.alibaba.nacos.common.remote.client.RpcClient.request(RpcClient.java:645) ~[nacos-client-2.4.2.jar:na]
	at com.alibaba.nacos.common.remote.client.RpcClient.request(RpcClient.java:624) ~[nacos-client-2.4.2.jar:na]
	at com.alibaba.nacos.client.naming.remote.gprc.NamingGrpcClientProxy.requestToServer(NamingGrpcClientProxy.java:447) ~[nacos-client-2.4.2.jar:na]
	at com.alibaba.nacos.client.naming.remote.gprc.NamingGrpcClientProxy.getServiceList(NamingGrpcClientProxy.java:368) ~[nacos-client-2.4.2.jar:na]
	at com.alibaba.nacos.client.naming.remote.NamingClientProxyDelegate.getServiceList(NamingClientProxyDelegate.java:159) ~[nacos-client-2.4.2.jar:na]
	at com.alibaba.nacos.client.naming.NacosNamingService.getServicesOfServer(NacosNamingService.java:515) ~[nacos-client-2.4.2.jar:na]
	at com.alibaba.nacos.client.naming.NacosNamingService.getServicesOfServer(NacosNamingService.java:503) ~[nacos-client-2.4.2.jar:na]
	at com.alibaba.cloud.nacos.discovery.NacosServiceDiscovery.getServices(NacosServiceDiscovery.java:70) ~[spring-cloud-starter-alibaba-nacos-discovery-2023.0.3.2.jar:2023.0.3.2]
	at com.alibaba.cloud.nacos.discovery.reactive.NacosReactiveDiscoveryClient.lambda$getServices$3(NacosReactiveDiscoveryClient.java:87) ~[spring-cloud-starter-alibaba-nacos-discovery-2023.0.3.2.jar:2023.0.3.2]
	at reactor.core.publisher.FluxDefer.subscribe(FluxDefer.java:46) ~[reactor-core-3.6.15.jar:3.6.15]
	at reactor.core.publisher.FluxSubscribeOn$SubscribeOnSubscriber.run(FluxSubscribeOn.java:194) ~[reactor-core-3.6.15.jar:3.6.15]
	at reactor.core.scheduler.WorkerTask.call(WorkerTask.java:84) ~[reactor-core-3.6.15.jar:3.6.15]
	at reactor.core.scheduler.WorkerTask.call(WorkerTask.java:37) ~[reactor-core-3.6.15.jar:3.6.15]
	at java.base/java.util.concurrent.FutureTask.run(FutureTask.java:317) ~[na:na]
	at java.base/java.util.concurrent.ScheduledThreadPoolExecutor$ScheduledFutureTask.run(ScheduledThreadPoolExecutor.java:304) ~[na:na]
	at java.base/java.util.concurrent.ThreadPoolExecutor.runWorker(ThreadPoolExecutor.java:1144) ~[na:na]
	at java.base/java.util.concurrent.ThreadPoolExecutor$Worker.run(ThreadPoolExecutor.java:642) ~[na:na]
	at java.base/java.lang.Thread.run(Thread.java:1583) ~[na:na]

2026-07-02T17:04:58.709+08:00 ERROR 15700 --- [gateway-server] [boundedElastic-5] c.a.c.n.d.r.NacosReactiveDiscoveryClient : get services from nacos server fail,

com.alibaba.nacos.api.exception.NacosException: Client not connected, current status:UNHEALTHY
	at com.alibaba.nacos.common.remote.client.RpcClient.request(RpcClient.java:645) ~[nacos-client-2.4.2.jar:na]
	at com.alibaba.nacos.common.remote.client.RpcClient.request(RpcClient.java:624) ~[nacos-client-2.4.2.jar:na]
	at com.alibaba.nacos.client.naming.remote.gprc.NamingGrpcClientProxy.requestToServer(NamingGrpcClientProxy.java:447) ~[nacos-client-2.4.2.jar:na]
	at com.alibaba.nacos.client.naming.remote.gprc.NamingGrpcClientProxy.getServiceList(NamingGrpcClientProxy.java:368) ~[nacos-client-2.4.2.jar:na]
	at com.alibaba.nacos.client.naming.remote.NamingClientProxyDelegate.getServiceList(NamingClientProxyDelegate.java:159) ~[nacos-client-2.4.2.jar:na]
	at com.alibaba.nacos.client.naming.NacosNamingService.getServicesOfServer(NacosNamingService.java:515) ~[nacos-client-2.4.2.jar:na]
	at com.alibaba.nacos.client.naming.NacosNamingService.getServicesOfServer(NacosNamingService.java:503) ~[nacos-client-2.4.2.jar:na]
	at com.alibaba.cloud.nacos.discovery.NacosServiceDiscovery.getServices(NacosServiceDiscovery.java:70) ~[spring-cloud-starter-alibaba-nacos-discovery-2023.0.3.2.jar:2023.0.3.2]
	at com.alibaba.cloud.nacos.discovery.reactive.NacosReactiveDiscoveryClient.lambda$getServices$3(NacosReactiveDiscoveryClient.java:87) ~[spring-cloud-starter-alibaba-nacos-discovery-2023.0.3.2.jar:2023.0.3.2]
	at reactor.core.publisher.FluxDefer.subscribe(FluxDefer.java:46) ~[reactor-core-3.6.15.jar:3.6.15]
	at reactor.core.publisher.FluxSubscribeOn$SubscribeOnSubscriber.run(FluxSubscribeOn.java:194) ~[reactor-core-3.6.15.jar:3.6.15]
	at reactor.core.scheduler.WorkerTask.call(WorkerTask.java:84) ~[reactor-core-3.6.15.jar:3.6.15]
	at reactor.core.scheduler.WorkerTask.call(WorkerTask.java:37) ~[reactor-core-3.6.15.jar:3.6.15]
	at java.base/java.util.concurrent.FutureTask.run(FutureTask.java:317) ~[na:na]
	at java.base/java.util.concurrent.ScheduledThreadPoolExecutor$ScheduledFutureTask.run(ScheduledThreadPoolExecutor.java:304) ~[na:na]
	at java.base/java.util.concurrent.ThreadPoolExecutor.runWorker(ThreadPoolExecutor.java:1144) ~[na:na]
	at java.base/java.util.concurrent.ThreadPoolExecutor$Worker.run(ThreadPoolExecutor.java:642) ~[na:na]
	at java.base/java.lang.Thread.run(Thread.java:1583) ~[na:na]

2026-07-02T17:05:28.725+08:00 ERROR 15700 --- [gateway-server] [boundedElastic-5] c.a.c.n.d.r.NacosReactiveDiscoveryClient : get services from nacos server fail,

com.alibaba.nacos.api.exception.NacosException: Client not connected, current status:UNHEALTHY
	at com.alibaba.nacos.common.remote.client.RpcClient.request(RpcClient.java:645) ~[nacos-client-2.4.2.jar:na]
	at com.alibaba.nacos.common.remote.client.RpcClient.request(RpcClient.java:624) ~[nacos-client-2.4.2.jar:na]
	at com.alibaba.nacos.client.naming.remote.gprc.NamingGrpcClientProxy.requestToServer(NamingGrpcClientProxy.java:447) ~[nacos-client-2.4.2.jar:na]
	at com.alibaba.nacos.client.naming.remote.gprc.NamingGrpcClientProxy.getServiceList(NamingGrpcClientProxy.java:368) ~[nacos-client-2.4.2.jar:na]
	at com.alibaba.nacos.client.naming.remote.NamingClientProxyDelegate.getServiceList(NamingClientProxyDelegate.java:159) ~[nacos-client-2.4.2.jar:na]
	at com.alibaba.nacos.client.naming.NacosNamingService.getServicesOfServer(NacosNamingService.java:515) ~[nacos-client-2.4.2.jar:na]
	at com.alibaba.nacos.client.naming.NacosNamingService.getServicesOfServer(NacosNamingService.java:503) ~[nacos-client-2.4.2.jar:na]
	at com.alibaba.cloud.nacos.discovery.NacosServiceDiscovery.getServices(NacosServiceDiscovery.java:70) ~[spring-cloud-starter-alibaba-nacos-discovery-2023.0.3.2.jar:2023.0.3.2]
	at com.alibaba.cloud.nacos.discovery.reactive.NacosReactiveDiscoveryClient.lambda$getServices$3(NacosReactiveDiscoveryClient.java:87) ~[spring-cloud-starter-alibaba-nacos-discovery-2023.0.3.2.jar:2023.0.3.2]
	at reactor.core.publisher.FluxDefer.subscribe(FluxDefer.java:46) ~[reactor-core-3.6.15.jar:3.6.15]
	at reactor.core.publisher.FluxSubscribeOn$SubscribeOnSubscriber.run(FluxSubscribeOn.java:194) ~[reactor-core-3.6.15.jar:3.6.15]
	at reactor.core.scheduler.WorkerTask.call(WorkerTask.java:84) ~[reactor-core-3.6.15.jar:3.6.15]
	at reactor.core.scheduler.WorkerTask.call(WorkerTask.java:37) ~[reactor-core-3.6.15.jar:3.6.15]
	at java.base/java.util.concurrent.FutureTask.run(FutureTask.java:317) ~[na:na]
	at java.base/java.util.concurrent.ScheduledThreadPoolExecutor$ScheduledFutureTask.run(ScheduledThreadPoolExecutor.java:304) ~[na:na]
	at java.base/java.util.concurrent.ThreadPoolExecutor.runWorker(ThreadPoolExecutor.java:1144) ~[na:na]
	at java.base/java.util.concurrent.ThreadPoolExecutor$Worker.run(ThreadPoolExecutor.java:642) ~[na:na]
	at java.base/java.lang.Thread.run(Thread.java:1583) ~[na:na]

2026-07-02T17:05:58.748+08:00 ERROR 15700 --- [gateway-server] [boundedElastic-5] c.a.c.n.d.r.NacosReactiveDiscoveryClient : get services from nacos server fail,

com.alibaba.nacos.api.exception.NacosException: Client not connected, current status:UNHEALTHY
	at com.alibaba.nacos.common.remote.client.RpcClient.request(RpcClient.java:645) ~[nacos-client-2.4.2.jar:na]
	at com.alibaba.nacos.common.remote.client.RpcClient.request(RpcClient.java:624) ~[nacos-client-2.4.2.jar:na]
	at com.alibaba.nacos.client.naming.remote.gprc.NamingGrpcClientProxy.requestToServer(NamingGrpcClientProxy.java:447) ~[nacos-client-2.4.2.jar:na]
	at com.alibaba.nacos.client.naming.remote.gprc.NamingGrpcClientProxy.getServiceList(NamingGrpcClientProxy.java:368) ~[nacos-client-2.4.2.jar:na]
	at com.alibaba.nacos.client.naming.remote.NamingClientProxyDelegate.getServiceList(NamingClientProxyDelegate.java:159) ~[nacos-client-2.4.2.jar:na]
	at com.alibaba.nacos.client.naming.NacosNamingService.getServicesOfServer(NacosNamingService.java:515) ~[nacos-client-2.4.2.jar:na]
	at com.alibaba.nacos.client.naming.NacosNamingService.getServicesOfServer(NacosNamingService.java:503) ~[nacos-client-2.4.2.jar:na]
	at com.alibaba.cloud.nacos.discovery.NacosServiceDiscovery.getServices(NacosServiceDiscovery.java:70) ~[spring-cloud-starter-alibaba-nacos-discovery-2023.0.3.2.jar:2023.0.3.2]
	at com.alibaba.cloud.nacos.discovery.reactive.NacosReactiveDiscoveryClient.lambda$getServices$3(NacosReactiveDiscoveryClient.java:87) ~[spring-cloud-starter-alibaba-nacos-discovery-2023.0.3.2.jar:2023.0.3.2]
	at reactor.core.publisher.FluxDefer.subscribe(FluxDefer.java:46) ~[reactor-core-3.6.15.jar:3.6.15]
	at reactor.core.publisher.FluxSubscribeOn$SubscribeOnSubscriber.run(FluxSubscribeOn.java:194) ~[reactor-core-3.6.15.jar:3.6.15]
	at reactor.core.scheduler.WorkerTask.call(WorkerTask.java:84) ~[reactor-core-3.6.15.jar:3.6.15]
	at reactor.core.scheduler.WorkerTask.call(WorkerTask.java:37) ~[reactor-core-3.6.15.jar:3.6.15]
	at java.base/java.util.concurrent.FutureTask.run(FutureTask.java:317) ~[na:na]
	at java.base/java.util.concurrent.ScheduledThreadPoolExecutor$ScheduledFutureTask.run(ScheduledThreadPoolExecutor.java:304) ~[na:na]
	at java.base/java.util.concurrent.ThreadPoolExecutor.runWorker(ThreadPoolExecutor.java:1144) ~[na:na]
	at java.base/java.util.concurrent.ThreadPoolExecutor$Worker.run(ThreadPoolExecutor.java:642) ~[na:na]
	at java.base/java.lang.Thread.run(Thread.java:1583) ~[na:na]

2026-07-02T17:06:28.755+08:00 ERROR 15700 --- [gateway-server] [boundedElastic-5] c.a.c.n.d.r.NacosReactiveDiscoveryClient : get services from nacos server fail,

com.alibaba.nacos.api.exception.NacosException: Client not connected, current status:UNHEALTHY
	at com.alibaba.nacos.common.remote.client.RpcClient.request(RpcClient.java:645) ~[nacos-client-2.4.2.jar:na]
	at com.alibaba.nacos.common.remote.client.RpcClient.request(RpcClient.java:624) ~[nacos-client-2.4.2.jar:na]
	at com.alibaba.nacos.client.naming.remote.gprc.NamingGrpcClientProxy.requestToServer(NamingGrpcClientProxy.java:447) ~[nacos-client-2.4.2.jar:na]
	at com.alibaba.nacos.client.naming.remote.gprc.NamingGrpcClientProxy.getServiceList(NamingGrpcClientProxy.java:368) ~[nacos-client-2.4.2.jar:na]
	at com.alibaba.nacos.client.naming.remote.NamingClientProxyDelegate.getServiceList(NamingClientProxyDelegate.java:159) ~[nacos-client-2.4.2.jar:na]
	at com.alibaba.nacos.client.naming.NacosNamingService.getServicesOfServer(NacosNamingService.java:515) ~[nacos-client-2.4.2.jar:na]
	at com.alibaba.nacos.client.naming.NacosNamingService.getServicesOfServer(NacosNamingService.java:503) ~[nacos-client-2.4.2.jar:na]
	at com.alibaba.cloud.nacos.discovery.NacosServiceDiscovery.getServices(NacosServiceDiscovery.java:70) ~[spring-cloud-starter-alibaba-nacos-discovery-2023.0.3.2.jar:2023.0.3.2]
	at com.alibaba.cloud.nacos.discovery.reactive.NacosReactiveDiscoveryClient.lambda$getServices$3(NacosReactiveDiscoveryClient.java:87) ~[spring-cloud-starter-alibaba-nacos-discovery-2023.0.3.2.jar:2023.0.3.2]
	at reactor.core.publisher.FluxDefer.subscribe(FluxDefer.java:46) ~[reactor-core-3.6.15.jar:3.6.15]
	at reactor.core.publisher.FluxSubscribeOn$SubscribeOnSubscriber.run(FluxSubscribeOn.java:194) ~[reactor-core-3.6.15.jar:3.6.15]
	at reactor.core.scheduler.WorkerTask.call(WorkerTask.java:84) ~[reactor-core-3.6.15.jar:3.6.15]
	at reactor.core.scheduler.WorkerTask.call(WorkerTask.java:37) ~[reactor-core-3.6.15.jar:3.6.15]
	at java.base/java.util.concurrent.FutureTask.run(FutureTask.java:317) ~[na:na]
	at java.base/java.util.concurrent.ScheduledThreadPoolExecutor$ScheduledFutureTask.run(ScheduledThreadPoolExecutor.java:304) ~[na:na]
	at java.base/java.util.concurrent.ThreadPoolExecutor.runWorker(ThreadPoolExecutor.java:1144) ~[na:na]
	at java.base/java.util.concurrent.ThreadPoolExecutor$Worker.run(ThreadPoolExecutor.java:642) ~[na:na]
	at java.base/java.lang.Thread.run(Thread.java:1583) ~[na:na]

2026-07-02T17:06:58.769+08:00 ERROR 15700 --- [gateway-server] [boundedElastic-5] c.a.c.n.d.r.NacosReactiveDiscoveryClient : get services from nacos server fail,

com.alibaba.nacos.api.exception.NacosException: Client not connected, current status:UNHEALTHY
	at com.alibaba.nacos.common.remote.client.RpcClient.request(RpcClient.java:645) ~[nacos-client-2.4.2.jar:na]
	at com.alibaba.nacos.common.remote.client.RpcClient.request(RpcClient.java:624) ~[nacos-client-2.4.2.jar:na]
	at com.alibaba.nacos.client.naming.remote.gprc.NamingGrpcClientProxy.requestToServer(NamingGrpcClientProxy.java:447) ~[nacos-client-2.4.2.jar:na]
	at com.alibaba.nacos.client.naming.remote.gprc.NamingGrpcClientProxy.getServiceList(NamingGrpcClientProxy.java:368) ~[nacos-client-2.4.2.jar:na]
	at com.alibaba.nacos.client.naming.remote.NamingClientProxyDelegate.getServiceList(NamingClientProxyDelegate.java:159) ~[nacos-client-2.4.2.jar:na]
	at com.alibaba.nacos.client.naming.NacosNamingService.getServicesOfServer(NacosNamingService.java:515) ~[nacos-client-2.4.2.jar:na]
	at com.alibaba.nacos.client.naming.NacosNamingService.getServicesOfServer(NacosNamingService.java:503) ~[nacos-client-2.4.2.jar:na]
	at com.alibaba.cloud.nacos.discovery.NacosServiceDiscovery.getServices(NacosServiceDiscovery.java:70) ~[spring-cloud-starter-alibaba-nacos-discovery-2023.0.3.2.jar:2023.0.3.2]
	at com.alibaba.cloud.nacos.discovery.reactive.NacosReactiveDiscoveryClient.lambda$getServices$3(NacosReactiveDiscoveryClient.java:87) ~[spring-cloud-starter-alibaba-nacos-discovery-2023.0.3.2.jar:2023.0.3.2]
	at reactor.core.publisher.FluxDefer.subscribe(FluxDefer.java:46) ~[reactor-core-3.6.15.jar:3.6.15]
	at reactor.core.publisher.FluxSubscribeOn$SubscribeOnSubscriber.run(FluxSubscribeOn.java:194) ~[reactor-core-3.6.15.jar:3.6.15]
	at reactor.core.scheduler.WorkerTask.call(WorkerTask.java:84) ~[reactor-core-3.6.15.jar:3.6.15]
	at reactor.core.scheduler.WorkerTask.call(WorkerTask.java:37) ~[reactor-core-3.6.15.jar:3.6.15]
	at java.base/java.util.concurrent.FutureTask.run(FutureTask.java:317) ~[na:na]
	at java.base/java.util.concurrent.ScheduledThreadPoolExecutor$ScheduledFutureTask.run(ScheduledThreadPoolExecutor.java:304) ~[na:na]
	at java.base/java.util.concurrent.ThreadPoolExecutor.runWorker(ThreadPoolExecutor.java:1144) ~[na:na]
	at java.base/java.util.concurrent.ThreadPoolExecutor$Worker.run(ThreadPoolExecutor.java:642) ~[na:na]
	at java.base/java.lang.Thread.run(Thread.java:1583) ~[na:na]

2026-07-02T17:07:28.798+08:00 ERROR 15700 --- [gateway-server] [boundedElastic-5] c.a.c.n.d.r.NacosReactiveDiscoveryClient : get services from nacos server fail,

com.alibaba.nacos.api.exception.NacosException: Client not connected, current status:UNHEALTHY
	at com.alibaba.nacos.common.remote.client.RpcClient.request(RpcClient.java:645) ~[nacos-client-2.4.2.jar:na]
	at com.alibaba.nacos.common.remote.client.RpcClient.request(RpcClient.java:624) ~[nacos-client-2.4.2.jar:na]
	at com.alibaba.nacos.client.naming.remote.gprc.NamingGrpcClientProxy.requestToServer(NamingGrpcClientProxy.java:447) ~[nacos-client-2.4.2.jar:na]
	at com.alibaba.nacos.client.naming.remote.gprc.NamingGrpcClientProxy.getServiceList(NamingGrpcClientProxy.java:368) ~[nacos-client-2.4.2.jar:na]
	at com.alibaba.nacos.client.naming.remote.NamingClientProxyDelegate.getServiceList(NamingClientProxyDelegate.java:159) ~[nacos-client-2.4.2.jar:na]
	at com.alibaba.nacos.client.naming.NacosNamingService.getServicesOfServer(NacosNamingService.java:515) ~[nacos-client-2.4.2.jar:na]
	at com.alibaba.nacos.client.naming.NacosNamingService.getServicesOfServer(NacosNamingService.java:503) ~[nacos-client-2.4.2.jar:na]
	at com.alibaba.cloud.nacos.discovery.NacosServiceDiscovery.getServices(NacosServiceDiscovery.java:70) ~[spring-cloud-starter-alibaba-nacos-discovery-2023.0.3.2.jar:2023.0.3.2]
	at com.alibaba.cloud.nacos.discovery.reactive.NacosReactiveDiscoveryClient.lambda$getServices$3(NacosReactiveDiscoveryClient.java:87) ~[spring-cloud-starter-alibaba-nacos-discovery-2023.0.3.2.jar:2023.0.3.2]
	at reactor.core.publisher.FluxDefer.subscribe(FluxDefer.java:46) ~[reactor-core-3.6.15.jar:3.6.15]
	at reactor.core.publisher.FluxSubscribeOn$SubscribeOnSubscriber.run(FluxSubscribeOn.java:194) ~[reactor-core-3.6.15.jar:3.6.15]
	at reactor.core.scheduler.WorkerTask.call(WorkerTask.java:84) ~[reactor-core-3.6.15.jar:3.6.15]
	at reactor.core.scheduler.WorkerTask.call(WorkerTask.java:37) ~[reactor-core-3.6.15.jar:3.6.15]
	at java.base/java.util.concurrent.FutureTask.run(FutureTask.java:317) ~[na:na]
	at java.base/java.util.concurrent.ScheduledThreadPoolExecutor$ScheduledFutureTask.run(ScheduledThreadPoolExecutor.java:304) ~[na:na]
	at java.base/java.util.concurrent.ThreadPoolExecutor.runWorker(ThreadPoolExecutor.java:1144) ~[na:na]
	at java.base/java.util.concurrent.ThreadPoolExecutor$Worker.run(ThreadPoolExecutor.java:642) ~[na:na]
	at java.base/java.lang.Thread.run(Thread.java:1583) ~[na:na]

2026-07-02T17:07:58.804+08:00 ERROR 15700 --- [gateway-server] [boundedElastic-5] c.a.c.n.d.r.NacosReactiveDiscoveryClient : get services from nacos server fail,

com.alibaba.nacos.api.exception.NacosException: Client not connected, current status:UNHEALTHY
	at com.alibaba.nacos.common.remote.client.RpcClient.request(RpcClient.java:645) ~[nacos-client-2.4.2.jar:na]
	at com.alibaba.nacos.common.remote.client.RpcClient.request(RpcClient.java:624) ~[nacos-client-2.4.2.jar:na]
	at com.alibaba.nacos.client.naming.remote.gprc.NamingGrpcClientProxy.requestToServer(NamingGrpcClientProxy.java:447) ~[nacos-client-2.4.2.jar:na]
	at com.alibaba.nacos.client.naming.remote.gprc.NamingGrpcClientProxy.getServiceList(NamingGrpcClientProxy.java:368) ~[nacos-client-2.4.2.jar:na]
	at com.alibaba.nacos.client.naming.remote.NamingClientProxyDelegate.getServiceList(NamingClientProxyDelegate.java:159) ~[nacos-client-2.4.2.jar:na]
	at com.alibaba.nacos.client.naming.NacosNamingService.getServicesOfServer(NacosNamingService.java:515) ~[nacos-client-2.4.2.jar:na]
	at com.alibaba.nacos.client.naming.NacosNamingService.getServicesOfServer(NacosNamingService.java:503) ~[nacos-client-2.4.2.jar:na]
	at com.alibaba.cloud.nacos.discovery.NacosServiceDiscovery.getServices(NacosServiceDiscovery.java:70) ~[spring-cloud-starter-alibaba-nacos-discovery-2023.0.3.2.jar:2023.0.3.2]
	at com.alibaba.cloud.nacos.discovery.reactive.NacosReactiveDiscoveryClient.lambda$getServices$3(NacosReactiveDiscoveryClient.java:87) ~[spring-cloud-starter-alibaba-nacos-discovery-2023.0.3.2.jar:2023.0.3.2]
	at reactor.core.publisher.FluxDefer.subscribe(FluxDefer.java:46) ~[reactor-core-3.6.15.jar:3.6.15]
	at reactor.core.publisher.FluxSubscribeOn$SubscribeOnSubscriber.run(FluxSubscribeOn.java:194) ~[reactor-core-3.6.15.jar:3.6.15]
	at reactor.core.scheduler.WorkerTask.call(WorkerTask.java:84) ~[reactor-core-3.6.15.jar:3.6.15]
	at reactor.core.scheduler.WorkerTask.call(WorkerTask.java:37) ~[reactor-core-3.6.15.jar:3.6.15]
	at java.base/java.util.concurrent.FutureTask.run(FutureTask.java:317) ~[na:na]
	at java.base/java.util.concurrent.ScheduledThreadPoolExecutor$ScheduledFutureTask.run(ScheduledThreadPoolExecutor.java:304) ~[na:na]
	at java.base/java.util.concurrent.ThreadPoolExecutor.runWorker(ThreadPoolExecutor.java:1144) ~[na:na]
	at java.base/java.util.concurrent.ThreadPoolExecutor$Worker.run(ThreadPoolExecutor.java:642) ~[na:na]
	at java.base/java.lang.Thread.run(Thread.java:1583) ~[na:na]

2026-07-02T17:08:28.808+08:00 ERROR 15700 --- [gateway-server] [boundedElastic-5] c.a.c.n.d.r.NacosReactiveDiscoveryClient : get services from nacos server fail,

com.alibaba.nacos.api.exception.NacosException: Client not connected, current status:UNHEALTHY
	at com.alibaba.nacos.common.remote.client.RpcClient.request(RpcClient.java:645) ~[nacos-client-2.4.2.jar:na]
	at com.alibaba.nacos.common.remote.client.RpcClient.request(RpcClient.java:624) ~[nacos-client-2.4.2.jar:na]
	at com.alibaba.nacos.client.naming.remote.gprc.NamingGrpcClientProxy.requestToServer(NamingGrpcClientProxy.java:447) ~[nacos-client-2.4.2.jar:na]
	at com.alibaba.nacos.client.naming.remote.gprc.NamingGrpcClientProxy.getServiceList(NamingGrpcClientProxy.java:368) ~[nacos-client-2.4.2.jar:na]
	at com.alibaba.nacos.client.naming.remote.NamingClientProxyDelegate.getServiceList(NamingClientProxyDelegate.java:159) ~[nacos-client-2.4.2.jar:na]
	at com.alibaba.nacos.client.naming.NacosNamingService.getServicesOfServer(NacosNamingService.java:515) ~[nacos-client-2.4.2.jar:na]
	at com.alibaba.nacos.client.naming.NacosNamingService.getServicesOfServer(NacosNamingService.java:503) ~[nacos-client-2.4.2.jar:na]
	at com.alibaba.cloud.nacos.discovery.NacosServiceDiscovery.getServices(NacosServiceDiscovery.java:70) ~[spring-cloud-starter-alibaba-nacos-discovery-2023.0.3.2.jar:2023.0.3.2]
	at com.alibaba.cloud.nacos.discovery.reactive.NacosReactiveDiscoveryClient.lambda$getServices$3(NacosReactiveDiscoveryClient.java:87) ~[spring-cloud-starter-alibaba-nacos-discovery-2023.0.3.2.jar:2023.0.3.2]
	at reactor.core.publisher.FluxDefer.subscribe(FluxDefer.java:46) ~[reactor-core-3.6.15.jar:3.6.15]
	at reactor.core.publisher.FluxSubscribeOn$SubscribeOnSubscriber.run(FluxSubscribeOn.java:194) ~[reactor-core-3.6.15.jar:3.6.15]
	at reactor.core.scheduler.WorkerTask.call(WorkerTask.java:84) ~[reactor-core-3.6.15.jar:3.6.15]
	at reactor.core.scheduler.WorkerTask.call(WorkerTask.java:37) ~[reactor-core-3.6.15.jar:3.6.15]
	at java.base/java.util.concurrent.FutureTask.run(FutureTask.java:317) ~[na:na]
	at java.base/java.util.concurrent.ScheduledThreadPoolExecutor$ScheduledFutureTask.run(ScheduledThreadPoolExecutor.java:304) ~[na:na]
	at java.base/java.util.concurrent.ThreadPoolExecutor.runWorker(ThreadPoolExecutor.java:1144) ~[na:na]
	at java.base/java.util.concurrent.ThreadPoolExecutor$Worker.run(ThreadPoolExecutor.java:642) ~[na:na]
	at java.base/java.lang.Thread.run(Thread.java:1583) ~[na:na]

2026-07-02T17:08:58.819+08:00 ERROR 15700 --- [gateway-server] [boundedElastic-5] c.a.c.n.d.r.NacosReactiveDiscoveryClient : get services from nacos server fail,

com.alibaba.nacos.api.exception.NacosException: Client not connected, current status:UNHEALTHY
	at com.alibaba.nacos.common.remote.client.RpcClient.request(RpcClient.java:645) ~[nacos-client-2.4.2.jar:na]
	at com.alibaba.nacos.common.remote.client.RpcClient.request(RpcClient.java:624) ~[nacos-client-2.4.2.jar:na]
	at com.alibaba.nacos.client.naming.remote.gprc.NamingGrpcClientProxy.requestToServer(NamingGrpcClientProxy.java:447) ~[nacos-client-2.4.2.jar:na]
	at com.alibaba.nacos.client.naming.remote.gprc.NamingGrpcClientProxy.getServiceList(NamingGrpcClientProxy.java:368) ~[nacos-client-2.4.2.jar:na]
	at com.alibaba.nacos.client.naming.remote.NamingClientProxyDelegate.getServiceList(NamingClientProxyDelegate.java:159) ~[nacos-client-2.4.2.jar:na]
	at com.alibaba.nacos.client.naming.NacosNamingService.getServicesOfServer(NacosNamingService.java:515) ~[nacos-client-2.4.2.jar:na]
	at com.alibaba.nacos.client.naming.NacosNamingService.getServicesOfServer(NacosNamingService.java:503) ~[nacos-client-2.4.2.jar:na]
	at com.alibaba.cloud.nacos.discovery.NacosServiceDiscovery.getServices(NacosServiceDiscovery.java:70) ~[spring-cloud-starter-alibaba-nacos-discovery-2023.0.3.2.jar:2023.0.3.2]
	at com.alibaba.cloud.nacos.discovery.reactive.NacosReactiveDiscoveryClient.lambda$getServices$3(NacosReactiveDiscoveryClient.java:87) ~[spring-cloud-starter-alibaba-nacos-discovery-2023.0.3.2.jar:2023.0.3.2]
	at reactor.core.publisher.FluxDefer.subscribe(FluxDefer.java:46) ~[reactor-core-3.6.15.jar:3.6.15]
	at reactor.core.publisher.FluxSubscribeOn$SubscribeOnSubscriber.run(FluxSubscribeOn.java:194) ~[reactor-core-3.6.15.jar:3.6.15]
	at reactor.core.scheduler.WorkerTask.call(WorkerTask.java:84) ~[reactor-core-3.6.15.jar:3.6.15]
	at reactor.core.scheduler.WorkerTask.call(WorkerTask.java:37) ~[reactor-core-3.6.15.jar:3.6.15]
	at java.base/java.util.concurrent.FutureTask.run(FutureTask.java:317) ~[na:na]
	at java.base/java.util.concurrent.ScheduledThreadPoolExecutor$ScheduledFutureTask.run(ScheduledThreadPoolExecutor.java:304) ~[na:na]
	at java.base/java.util.concurrent.ThreadPoolExecutor.runWorker(ThreadPoolExecutor.java:1144) ~[na:na]
	at java.base/java.util.concurrent.ThreadPoolExecutor$Worker.run(ThreadPoolExecutor.java:642) ~[na:na]
	at java.base/java.lang.Thread.run(Thread.java:1583) ~[na:na]

2026-07-02T17:09:28.811+08:00 ERROR 15700 --- [gateway-server] [boundedElastic-5] c.a.c.n.d.r.NacosReactiveDiscoveryClient : get services from nacos server fail,

com.alibaba.nacos.api.exception.NacosException: Client not connected, current status:UNHEALTHY
	at com.alibaba.nacos.common.remote.client.RpcClient.request(RpcClient.java:645) ~[nacos-client-2.4.2.jar:na]
	at com.alibaba.nacos.common.remote.client.RpcClient.request(RpcClient.java:624) ~[nacos-client-2.4.2.jar:na]
	at com.alibaba.nacos.client.naming.remote.gprc.NamingGrpcClientProxy.requestToServer(NamingGrpcClientProxy.java:447) ~[nacos-client-2.4.2.jar:na]
	at com.alibaba.nacos.client.naming.remote.gprc.NamingGrpcClientProxy.getServiceList(NamingGrpcClientProxy.java:368) ~[nacos-client-2.4.2.jar:na]
	at com.alibaba.nacos.client.naming.remote.NamingClientProxyDelegate.getServiceList(NamingClientProxyDelegate.java:159) ~[nacos-client-2.4.2.jar:na]
	at com.alibaba.nacos.client.naming.NacosNamingService.getServicesOfServer(NacosNamingService.java:515) ~[nacos-client-2.4.2.jar:na]
	at com.alibaba.nacos.client.naming.NacosNamingService.getServicesOfServer(NacosNamingService.java:503) ~[nacos-client-2.4.2.jar:na]
	at com.alibaba.cloud.nacos.discovery.NacosServiceDiscovery.getServices(NacosServiceDiscovery.java:70) ~[spring-cloud-starter-alibaba-nacos-discovery-2023.0.3.2.jar:2023.0.3.2]
	at com.alibaba.cloud.nacos.discovery.reactive.NacosReactiveDiscoveryClient.lambda$getServices$3(NacosReactiveDiscoveryClient.java:87) ~[spring-cloud-starter-alibaba-nacos-discovery-2023.0.3.2.jar:2023.0.3.2]
	at reactor.core.publisher.FluxDefer.subscribe(FluxDefer.java:46) ~[reactor-core-3.6.15.jar:3.6.15]
	at reactor.core.publisher.FluxSubscribeOn$SubscribeOnSubscriber.run(FluxSubscribeOn.java:194) ~[reactor-core-3.6.15.jar:3.6.15]
	at reactor.core.scheduler.WorkerTask.call(WorkerTask.java:84) ~[reactor-core-3.6.15.jar:3.6.15]
	at reactor.core.scheduler.WorkerTask.call(WorkerTask.java:37) ~[reactor-core-3.6.15.jar:3.6.15]
	at java.base/java.util.concurrent.FutureTask.run(FutureTask.java:317) ~[na:na]
	at java.base/java.util.concurrent.ScheduledThreadPoolExecutor$ScheduledFutureTask.run(ScheduledThreadPoolExecutor.java:304) ~[na:na]
	at java.base/java.util.concurrent.ThreadPoolExecutor.runWorker(ThreadPoolExecutor.java:1144) ~[na:na]
	at java.base/java.util.concurrent.ThreadPoolExecutor$Worker.run(ThreadPoolExecutor.java:642) ~[na:na]
	at java.base/java.lang.Thread.run(Thread.java:1583) ~[na:na]

2026-07-02T17:09:58.827+08:00 ERROR 15700 --- [gateway-server] [boundedElastic-5] c.a.c.n.d.r.NacosReactiveDiscoveryClient : get services from nacos server fail,

com.alibaba.nacos.api.exception.NacosException: Client not connected, current status:UNHEALTHY
	at com.alibaba.nacos.common.remote.client.RpcClient.request(RpcClient.java:645) ~[nacos-client-2.4.2.jar:na]
	at com.alibaba.nacos.common.remote.client.RpcClient.request(RpcClient.java:624) ~[nacos-client-2.4.2.jar:na]
	at com.alibaba.nacos.client.naming.remote.gprc.NamingGrpcClientProxy.requestToServer(NamingGrpcClientProxy.java:447) ~[nacos-client-2.4.2.jar:na]
	at com.alibaba.nacos.client.naming.remote.gprc.NamingGrpcClientProxy.getServiceList(NamingGrpcClientProxy.java:368) ~[nacos-client-2.4.2.jar:na]
	at com.alibaba.nacos.client.naming.remote.NamingClientProxyDelegate.getServiceList(NamingClientProxyDelegate.java:159) ~[nacos-client-2.4.2.jar:na]
	at com.alibaba.nacos.client.naming.NacosNamingService.getServicesOfServer(NacosNamingService.java:515) ~[nacos-client-2.4.2.jar:na]
	at com.alibaba.nacos.client.naming.NacosNamingService.getServicesOfServer(NacosNamingService.java:503) ~[nacos-client-2.4.2.jar:na]
	at com.alibaba.cloud.nacos.discovery.NacosServiceDiscovery.getServices(NacosServiceDiscovery.java:70) ~[spring-cloud-starter-alibaba-nacos-discovery-2023.0.3.2.jar:2023.0.3.2]
	at com.alibaba.cloud.nacos.discovery.reactive.NacosReactiveDiscoveryClient.lambda$getServices$3(NacosReactiveDiscoveryClient.java:87) ~[spring-cloud-starter-alibaba-nacos-discovery-2023.0.3.2.jar:2023.0.3.2]
	at reactor.core.publisher.FluxDefer.subscribe(FluxDefer.java:46) ~[reactor-core-3.6.15.jar:3.6.15]
	at reactor.core.publisher.FluxSubscribeOn$SubscribeOnSubscriber.run(FluxSubscribeOn.java:194) ~[reactor-core-3.6.15.jar:3.6.15]
	at reactor.core.scheduler.WorkerTask.call(WorkerTask.java:84) ~[reactor-core-3.6.15.jar:3.6.15]
	at reactor.core.scheduler.WorkerTask.call(WorkerTask.java:37) ~[reactor-core-3.6.15.jar:3.6.15]
	at java.base/java.util.concurrent.FutureTask.run(FutureTask.java:317) ~[na:na]
	at java.base/java.util.concurrent.ScheduledThreadPoolExecutor$ScheduledFutureTask.run(ScheduledThreadPoolExecutor.java:304) ~[na:na]
	at java.base/java.util.concurrent.ThreadPoolExecutor.runWorker(ThreadPoolExecutor.java:1144) ~[na:na]
	at java.base/java.util.concurrent.ThreadPoolExecutor$Worker.run(ThreadPoolExecutor.java:642) ~[na:na]
	at java.base/java.lang.Thread.run(Thread.java:1583) ~[na:na]

2026-07-02T17:10:28.838+08:00 ERROR 15700 --- [gateway-server] [boundedElastic-5] c.a.c.n.d.r.NacosReactiveDiscoveryClient : get services from nacos server fail,

com.alibaba.nacos.api.exception.NacosException: Client not connected, current status:UNHEALTHY
	at com.alibaba.nacos.common.remote.client.RpcClient.request(RpcClient.java:645) ~[nacos-client-2.4.2.jar:na]
	at com.alibaba.nacos.common.remote.client.RpcClient.request(RpcClient.java:624) ~[nacos-client-2.4.2.jar:na]
	at com.alibaba.nacos.client.naming.remote.gprc.NamingGrpcClientProxy.requestToServer(NamingGrpcClientProxy.java:447) ~[nacos-client-2.4.2.jar:na]
	at com.alibaba.nacos.client.naming.remote.gprc.NamingGrpcClientProxy.getServiceList(NamingGrpcClientProxy.java:368) ~[nacos-client-2.4.2.jar:na]
	at com.alibaba.nacos.client.naming.remote.NamingClientProxyDelegate.getServiceList(NamingClientProxyDelegate.java:159) ~[nacos-client-2.4.2.jar:na]
	at com.alibaba.nacos.client.naming.NacosNamingService.getServicesOfServer(NacosNamingService.java:515) ~[nacos-client-2.4.2.jar:na]
	at com.alibaba.nacos.client.naming.NacosNamingService.getServicesOfServer(NacosNamingService.java:503) ~[nacos-client-2.4.2.jar:na]
	at com.alibaba.cloud.nacos.discovery.NacosServiceDiscovery.getServices(NacosServiceDiscovery.java:70) ~[spring-cloud-starter-alibaba-nacos-discovery-2023.0.3.2.jar:2023.0.3.2]
	at com.alibaba.cloud.nacos.discovery.reactive.NacosReactiveDiscoveryClient.lambda$getServices$3(NacosReactiveDiscoveryClient.java:87) ~[spring-cloud-starter-alibaba-nacos-discovery-2023.0.3.2.jar:2023.0.3.2]
	at reactor.core.publisher.FluxDefer.subscribe(FluxDefer.java:46) ~[reactor-core-3.6.15.jar:3.6.15]
	at reactor.core.publisher.FluxSubscribeOn$SubscribeOnSubscriber.run(FluxSubscribeOn.java:194) ~[reactor-core-3.6.15.jar:3.6.15]
	at reactor.core.scheduler.WorkerTask.call(WorkerTask.java:84) ~[reactor-core-3.6.15.jar:3.6.15]
	at reactor.core.scheduler.WorkerTask.call(WorkerTask.java:37) ~[reactor-core-3.6.15.jar:3.6.15]
	at java.base/java.util.concurrent.FutureTask.run(FutureTask.java:317) ~[na:na]
	at java.base/java.util.concurrent.ScheduledThreadPoolExecutor$ScheduledFutureTask.run(ScheduledThreadPoolExecutor.java:304) ~[na:na]
	at java.base/java.util.concurrent.ThreadPoolExecutor.runWorker(ThreadPoolExecutor.java:1144) ~[na:na]
	at java.base/java.util.concurrent.ThreadPoolExecutor$Worker.run(ThreadPoolExecutor.java:642) ~[na:na]
	at java.base/java.lang.Thread.run(Thread.java:1583) ~[na:na]

2026-07-02T17:10:58.839+08:00 ERROR 15700 --- [gateway-server] [boundedElastic-5] c.a.c.n.d.r.NacosReactiveDiscoveryClient : get services from nacos server fail,

com.alibaba.nacos.api.exception.NacosException: Client not connected, current status:UNHEALTHY
	at com.alibaba.nacos.common.remote.client.RpcClient.request(RpcClient.java:645) ~[nacos-client-2.4.2.jar:na]
	at com.alibaba.nacos.common.remote.client.RpcClient.request(RpcClient.java:624) ~[nacos-client-2.4.2.jar:na]
	at com.alibaba.nacos.client.naming.remote.gprc.NamingGrpcClientProxy.requestToServer(NamingGrpcClientProxy.java:447) ~[nacos-client-2.4.2.jar:na]
	at com.alibaba.nacos.client.naming.remote.gprc.NamingGrpcClientProxy.getServiceList(NamingGrpcClientProxy.java:368) ~[nacos-client-2.4.2.jar:na]
	at com.alibaba.nacos.client.naming.remote.NamingClientProxyDelegate.getServiceList(NamingClientProxyDelegate.java:159) ~[nacos-client-2.4.2.jar:na]
	at com.alibaba.nacos.client.naming.NacosNamingService.getServicesOfServer(NacosNamingService.java:515) ~[nacos-client-2.4.2.jar:na]
	at com.alibaba.nacos.client.naming.NacosNamingService.getServicesOfServer(NacosNamingService.java:503) ~[nacos-client-2.4.2.jar:na]
	at com.alibaba.cloud.nacos.discovery.NacosServiceDiscovery.getServices(NacosServiceDiscovery.java:70) ~[spring-cloud-starter-alibaba-nacos-discovery-2023.0.3.2.jar:2023.0.3.2]
	at com.alibaba.cloud.nacos.discovery.reactive.NacosReactiveDiscoveryClient.lambda$getServices$3(NacosReactiveDiscoveryClient.java:87) ~[spring-cloud-starter-alibaba-nacos-discovery-2023.0.3.2.jar:2023.0.3.2]
	at reactor.core.publisher.FluxDefer.subscribe(FluxDefer.java:46) ~[reactor-core-3.6.15.jar:3.6.15]
	at reactor.core.publisher.FluxSubscribeOn$SubscribeOnSubscriber.run(FluxSubscribeOn.java:194) ~[reactor-core-3.6.15.jar:3.6.15]
	at reactor.core.scheduler.WorkerTask.call(WorkerTask.java:84) ~[reactor-core-3.6.15.jar:3.6.15]
	at reactor.core.scheduler.WorkerTask.call(WorkerTask.java:37) ~[reactor-core-3.6.15.jar:3.6.15]
	at java.base/java.util.concurrent.FutureTask.run(FutureTask.java:317) ~[na:na]
	at java.base/java.util.concurrent.ScheduledThreadPoolExecutor$ScheduledFutureTask.run(ScheduledThreadPoolExecutor.java:304) ~[na:na]
	at java.base/java.util.concurrent.ThreadPoolExecutor.runWorker(ThreadPoolExecutor.java:1144) ~[na:na]
	at java.base/java.util.concurrent.ThreadPoolExecutor$Worker.run(ThreadPoolExecutor.java:642) ~[na:na]
	at java.base/java.lang.Thread.run(Thread.java:1583) ~[na:na]

2026-07-02T17:11:28.848+08:00 ERROR 15700 --- [gateway-server] [boundedElastic-5] c.a.c.n.d.r.NacosReactiveDiscoveryClient : get services from nacos server fail,

com.alibaba.nacos.api.exception.NacosException: Client not connected, current status:UNHEALTHY
	at com.alibaba.nacos.common.remote.client.RpcClient.request(RpcClient.java:645) ~[nacos-client-2.4.2.jar:na]
	at com.alibaba.nacos.common.remote.client.RpcClient.request(RpcClient.java:624) ~[nacos-client-2.4.2.jar:na]
	at com.alibaba.nacos.client.naming.remote.gprc.NamingGrpcClientProxy.requestToServer(NamingGrpcClientProxy.java:447) ~[nacos-client-2.4.2.jar:na]
	at com.alibaba.nacos.client.naming.remote.gprc.NamingGrpcClientProxy.getServiceList(NamingGrpcClientProxy.java:368) ~[nacos-client-2.4.2.jar:na]
	at com.alibaba.nacos.client.naming.remote.NamingClientProxyDelegate.getServiceList(NamingClientProxyDelegate.java:159) ~[nacos-client-2.4.2.jar:na]
	at com.alibaba.nacos.client.naming.NacosNamingService.getServicesOfServer(NacosNamingService.java:515) ~[nacos-client-2.4.2.jar:na]
	at com.alibaba.nacos.client.naming.NacosNamingService.getServicesOfServer(NacosNamingService.java:503) ~[nacos-client-2.4.2.jar:na]
	at com.alibaba.cloud.nacos.discovery.NacosServiceDiscovery.getServices(NacosServiceDiscovery.java:70) ~[spring-cloud-starter-alibaba-nacos-discovery-2023.0.3.2.jar:2023.0.3.2]
	at com.alibaba.cloud.nacos.discovery.reactive.NacosReactiveDiscoveryClient.lambda$getServices$3(NacosReactiveDiscoveryClient.java:87) ~[spring-cloud-starter-alibaba-nacos-discovery-2023.0.3.2.jar:2023.0.3.2]
	at reactor.core.publisher.FluxDefer.subscribe(FluxDefer.java:46) ~[reactor-core-3.6.15.jar:3.6.15]
	at reactor.core.publisher.FluxSubscribeOn$SubscribeOnSubscriber.run(FluxSubscribeOn.java:194) ~[reactor-core-3.6.15.jar:3.6.15]
	at reactor.core.scheduler.WorkerTask.call(WorkerTask.java:84) ~[reactor-core-3.6.15.jar:3.6.15]
	at reactor.core.scheduler.WorkerTask.call(WorkerTask.java:37) ~[reactor-core-3.6.15.jar:3.6.15]
	at java.base/java.util.concurrent.FutureTask.run(FutureTask.java:317) ~[na:na]
	at java.base/java.util.concurrent.ScheduledThreadPoolExecutor$ScheduledFutureTask.run(ScheduledThreadPoolExecutor.java:304) ~[na:na]
	at java.base/java.util.concurrent.ThreadPoolExecutor.runWorker(ThreadPoolExecutor.java:1144) ~[na:na]
	at java.base/java.util.concurrent.ThreadPoolExecutor$Worker.run(ThreadPoolExecutor.java:642) ~[na:na]
	at java.base/java.lang.Thread.run(Thread.java:1583) ~[na:na]

2026-07-02T17:11:58.858+08:00 ERROR 15700 --- [gateway-server] [boundedElastic-5] c.a.c.n.d.r.NacosReactiveDiscoveryClient : get services from nacos server fail,

com.alibaba.nacos.api.exception.NacosException: Client not connected, current status:UNHEALTHY
	at com.alibaba.nacos.common.remote.client.RpcClient.request(RpcClient.java:645) ~[nacos-client-2.4.2.jar:na]
	at com.alibaba.nacos.common.remote.client.RpcClient.request(RpcClient.java:624) ~[nacos-client-2.4.2.jar:na]
	at com.alibaba.nacos.client.naming.remote.gprc.NamingGrpcClientProxy.requestToServer(NamingGrpcClientProxy.java:447) ~[nacos-client-2.4.2.jar:na]
	at com.alibaba.nacos.client.naming.remote.gprc.NamingGrpcClientProxy.getServiceList(NamingGrpcClientProxy.java:368) ~[nacos-client-2.4.2.jar:na]
	at com.alibaba.nacos.client.naming.remote.NamingClientProxyDelegate.getServiceList(NamingClientProxyDelegate.java:159) ~[nacos-client-2.4.2.jar:na]
	at com.alibaba.nacos.client.naming.NacosNamingService.getServicesOfServer(NacosNamingService.java:515) ~[nacos-client-2.4.2.jar:na]
	at com.alibaba.nacos.client.naming.NacosNamingService.getServicesOfServer(NacosNamingService.java:503) ~[nacos-client-2.4.2.jar:na]
	at com.alibaba.cloud.nacos.discovery.NacosServiceDiscovery.getServices(NacosServiceDiscovery.java:70) ~[spring-cloud-starter-alibaba-nacos-discovery-2023.0.3.2.jar:2023.0.3.2]
	at com.alibaba.cloud.nacos.discovery.reactive.NacosReactiveDiscoveryClient.lambda$getServices$3(NacosReactiveDiscoveryClient.java:87) ~[spring-cloud-starter-alibaba-nacos-discovery-2023.0.3.2.jar:2023.0.3.2]
	at reactor.core.publisher.FluxDefer.subscribe(FluxDefer.java:46) ~[reactor-core-3.6.15.jar:3.6.15]
	at reactor.core.publisher.FluxSubscribeOn$SubscribeOnSubscriber.run(FluxSubscribeOn.java:194) ~[reactor-core-3.6.15.jar:3.6.15]
	at reactor.core.scheduler.WorkerTask.call(WorkerTask.java:84) ~[reactor-core-3.6.15.jar:3.6.15]
	at reactor.core.scheduler.WorkerTask.call(WorkerTask.java:37) ~[reactor-core-3.6.15.jar:3.6.15]
	at java.base/java.util.concurrent.FutureTask.run(FutureTask.java:317) ~[na:na]
	at java.base/java.util.concurrent.ScheduledThreadPoolExecutor$ScheduledFutureTask.run(ScheduledThreadPoolExecutor.java:304) ~[na:na]
	at java.base/java.util.concurrent.ThreadPoolExecutor.runWorker(ThreadPoolExecutor.java:1144) ~[na:na]
	at java.base/java.util.concurrent.ThreadPoolExecutor$Worker.run(ThreadPoolExecutor.java:642) ~[na:na]
	at java.base/java.lang.Thread.run(Thread.java:1583) ~[na:na]

2026-07-02T17:12:28.887+08:00 ERROR 15700 --- [gateway-server] [boundedElastic-5] c.a.c.n.d.r.NacosReactiveDiscoveryClient : get services from nacos server fail,

com.alibaba.nacos.api.exception.NacosException: Client not connected, current status:UNHEALTHY
	at com.alibaba.nacos.common.remote.client.RpcClient.request(RpcClient.java:645) ~[nacos-client-2.4.2.jar:na]
	at com.alibaba.nacos.common.remote.client.RpcClient.request(RpcClient.java:624) ~[nacos-client-2.4.2.jar:na]
	at com.alibaba.nacos.client.naming.remote.gprc.NamingGrpcClientProxy.requestToServer(NamingGrpcClientProxy.java:447) ~[nacos-client-2.4.2.jar:na]
	at com.alibaba.nacos.client.naming.remote.gprc.NamingGrpcClientProxy.getServiceList(NamingGrpcClientProxy.java:368) ~[nacos-client-2.4.2.jar:na]
	at com.alibaba.nacos.client.naming.remote.NamingClientProxyDelegate.getServiceList(NamingClientProxyDelegate.java:159) ~[nacos-client-2.4.2.jar:na]
	at com.alibaba.nacos.client.naming.NacosNamingService.getServicesOfServer(NacosNamingService.java:515) ~[nacos-client-2.4.2.jar:na]
	at com.alibaba.nacos.client.naming.NacosNamingService.getServicesOfServer(NacosNamingService.java:503) ~[nacos-client-2.4.2.jar:na]
	at com.alibaba.cloud.nacos.discovery.NacosServiceDiscovery.getServices(NacosServiceDiscovery.java:70) ~[spring-cloud-starter-alibaba-nacos-discovery-2023.0.3.2.jar:2023.0.3.2]
	at com.alibaba.cloud.nacos.discovery.reactive.NacosReactiveDiscoveryClient.lambda$getServices$3(NacosReactiveDiscoveryClient.java:87) ~[spring-cloud-starter-alibaba-nacos-discovery-2023.0.3.2.jar:2023.0.3.2]
	at reactor.core.publisher.FluxDefer.subscribe(FluxDefer.java:46) ~[reactor-core-3.6.15.jar:3.6.15]
	at reactor.core.publisher.FluxSubscribeOn$SubscribeOnSubscriber.run(FluxSubscribeOn.java:194) ~[reactor-core-3.6.15.jar:3.6.15]
	at reactor.core.scheduler.WorkerTask.call(WorkerTask.java:84) ~[reactor-core-3.6.15.jar:3.6.15]
	at reactor.core.scheduler.WorkerTask.call(WorkerTask.java:37) ~[reactor-core-3.6.15.jar:3.6.15]
	at java.base/java.util.concurrent.FutureTask.run(FutureTask.java:317) ~[na:na]
	at java.base/java.util.concurrent.ScheduledThreadPoolExecutor$ScheduledFutureTask.run(ScheduledThreadPoolExecutor.java:304) ~[na:na]
	at java.base/java.util.concurrent.ThreadPoolExecutor.runWorker(ThreadPoolExecutor.java:1144) ~[na:na]
	at java.base/java.util.concurrent.ThreadPoolExecutor$Worker.run(ThreadPoolExecutor.java:642) ~[na:na]
	at java.base/java.lang.Thread.run(Thread.java:1583) ~[na:na]

2026-07-02T17:12:58.895+08:00 ERROR 15700 --- [gateway-server] [boundedElastic-5] c.a.c.n.d.r.NacosReactiveDiscoveryClient : get services from nacos server fail,

com.alibaba.nacos.api.exception.NacosException: Client not connected, current status:UNHEALTHY
	at com.alibaba.nacos.common.remote.client.RpcClient.request(RpcClient.java:645) ~[nacos-client-2.4.2.jar:na]
	at com.alibaba.nacos.common.remote.client.RpcClient.request(RpcClient.java:624) ~[nacos-client-2.4.2.jar:na]
	at com.alibaba.nacos.client.naming.remote.gprc.NamingGrpcClientProxy.requestToServer(NamingGrpcClientProxy.java:447) ~[nacos-client-2.4.2.jar:na]
	at com.alibaba.nacos.client.naming.remote.gprc.NamingGrpcClientProxy.getServiceList(NamingGrpcClientProxy.java:368) ~[nacos-client-2.4.2.jar:na]
	at com.alibaba.nacos.client.naming.remote.NamingClientProxyDelegate.getServiceList(NamingClientProxyDelegate.java:159) ~[nacos-client-2.4.2.jar:na]
	at com.alibaba.nacos.client.naming.NacosNamingService.getServicesOfServer(NacosNamingService.java:515) ~[nacos-client-2.4.2.jar:na]
	at com.alibaba.nacos.client.naming.NacosNamingService.getServicesOfServer(NacosNamingService.java:503) ~[nacos-client-2.4.2.jar:na]
	at com.alibaba.cloud.nacos.discovery.NacosServiceDiscovery.getServices(NacosServiceDiscovery.java:70) ~[spring-cloud-starter-alibaba-nacos-discovery-2023.0.3.2.jar:2023.0.3.2]
	at com.alibaba.cloud.nacos.discovery.reactive.NacosReactiveDiscoveryClient.lambda$getServices$3(NacosReactiveDiscoveryClient.java:87) ~[spring-cloud-starter-alibaba-nacos-discovery-2023.0.3.2.jar:2023.0.3.2]
	at reactor.core.publisher.FluxDefer.subscribe(FluxDefer.java:46) ~[reactor-core-3.6.15.jar:3.6.15]
	at reactor.core.publisher.FluxSubscribeOn$SubscribeOnSubscriber.run(FluxSubscribeOn.java:194) ~[reactor-core-3.6.15.jar:3.6.15]
	at reactor.core.scheduler.WorkerTask.call(WorkerTask.java:84) ~[reactor-core-3.6.15.jar:3.6.15]
	at reactor.core.scheduler.WorkerTask.call(WorkerTask.java:37) ~[reactor-core-3.6.15.jar:3.6.15]
	at java.base/java.util.concurrent.FutureTask.run(FutureTask.java:317) ~[na:na]
	at java.base/java.util.concurrent.ScheduledThreadPoolExecutor$ScheduledFutureTask.run(ScheduledThreadPoolExecutor.java:304) ~[na:na]
	at java.base/java.util.concurrent.ThreadPoolExecutor.runWorker(ThreadPoolExecutor.java:1144) ~[na:na]
	at java.base/java.util.concurrent.ThreadPoolExecutor$Worker.run(ThreadPoolExecutor.java:642) ~[na:na]
	at java.base/java.lang.Thread.run(Thread.java:1583) ~[na:na]

2026-07-02T17:13:28.898+08:00 ERROR 15700 --- [gateway-server] [boundedElastic-5] c.a.c.n.d.r.NacosReactiveDiscoveryClient : get services from nacos server fail,

com.alibaba.nacos.api.exception.NacosException: Client not connected, current status:UNHEALTHY
	at com.alibaba.nacos.common.remote.client.RpcClient.request(RpcClient.java:645) ~[nacos-client-2.4.2.jar:na]
	at com.alibaba.nacos.common.remote.client.RpcClient.request(RpcClient.java:624) ~[nacos-client-2.4.2.jar:na]
	at com.alibaba.nacos.client.naming.remote.gprc.NamingGrpcClientProxy.requestToServer(NamingGrpcClientProxy.java:447) ~[nacos-client-2.4.2.jar:na]
	at com.alibaba.nacos.client.naming.remote.gprc.NamingGrpcClientProxy.getServiceList(NamingGrpcClientProxy.java:368) ~[nacos-client-2.4.2.jar:na]
	at com.alibaba.nacos.client.naming.remote.NamingClientProxyDelegate.getServiceList(NamingClientProxyDelegate.java:159) ~[nacos-client-2.4.2.jar:na]
	at com.alibaba.nacos.client.naming.NacosNamingService.getServicesOfServer(NacosNamingService.java:515) ~[nacos-client-2.4.2.jar:na]
	at com.alibaba.nacos.client.naming.NacosNamingService.getServicesOfServer(NacosNamingService.java:503) ~[nacos-client-2.4.2.jar:na]
	at com.alibaba.cloud.nacos.discovery.NacosServiceDiscovery.getServices(NacosServiceDiscovery.java:70) ~[spring-cloud-starter-alibaba-nacos-discovery-2023.0.3.2.jar:2023.0.3.2]
	at com.alibaba.cloud.nacos.discovery.reactive.NacosReactiveDiscoveryClient.lambda$getServices$3(NacosReactiveDiscoveryClient.java:87) ~[spring-cloud-starter-alibaba-nacos-discovery-2023.0.3.2.jar:2023.0.3.2]
	at reactor.core.publisher.FluxDefer.subscribe(FluxDefer.java:46) ~[reactor-core-3.6.15.jar:3.6.15]
	at reactor.core.publisher.FluxSubscribeOn$SubscribeOnSubscriber.run(FluxSubscribeOn.java:194) ~[reactor-core-3.6.15.jar:3.6.15]
	at reactor.core.scheduler.WorkerTask.call(WorkerTask.java:84) ~[reactor-core-3.6.15.jar:3.6.15]
	at reactor.core.scheduler.WorkerTask.call(WorkerTask.java:37) ~[reactor-core-3.6.15.jar:3.6.15]
	at java.base/java.util.concurrent.FutureTask.run(FutureTask.java:317) ~[na:na]
	at java.base/java.util.concurrent.ScheduledThreadPoolExecutor$ScheduledFutureTask.run(ScheduledThreadPoolExecutor.java:304) ~[na:na]
	at java.base/java.util.concurrent.ThreadPoolExecutor.runWorker(ThreadPoolExecutor.java:1144) ~[na:na]
	at java.base/java.util.concurrent.ThreadPoolExecutor$Worker.run(ThreadPoolExecutor.java:642) ~[na:na]
	at java.base/java.lang.Thread.run(Thread.java:1583) ~[na:na]

2026-07-02T17:13:58.880+08:00 ERROR 15700 --- [gateway-server] [boundedElastic-5] c.a.c.n.d.r.NacosReactiveDiscoveryClient : get services from nacos server fail,

com.alibaba.nacos.api.exception.NacosException: Client not connected, current status:UNHEALTHY
	at com.alibaba.nacos.common.remote.client.RpcClient.request(RpcClient.java:645) ~[nacos-client-2.4.2.jar:na]
	at com.alibaba.nacos.common.remote.client.RpcClient.request(RpcClient.java:624) ~[nacos-client-2.4.2.jar:na]
	at com.alibaba.nacos.client.naming.remote.gprc.NamingGrpcClientProxy.requestToServer(NamingGrpcClientProxy.java:447) ~[nacos-client-2.4.2.jar:na]
	at com.alibaba.nacos.client.naming.remote.gprc.NamingGrpcClientProxy.getServiceList(NamingGrpcClientProxy.java:368) ~[nacos-client-2.4.2.jar:na]
	at com.alibaba.nacos.client.naming.remote.NamingClientProxyDelegate.getServiceList(NamingClientProxyDelegate.java:159) ~[nacos-client-2.4.2.jar:na]
	at com.alibaba.nacos.client.naming.NacosNamingService.getServicesOfServer(NacosNamingService.java:515) ~[nacos-client-2.4.2.jar:na]
	at com.alibaba.nacos.client.naming.NacosNamingService.getServicesOfServer(NacosNamingService.java:503) ~[nacos-client-2.4.2.jar:na]
	at com.alibaba.cloud.nacos.discovery.NacosServiceDiscovery.getServices(NacosServiceDiscovery.java:70) ~[spring-cloud-starter-alibaba-nacos-discovery-2023.0.3.2.jar:2023.0.3.2]
	at com.alibaba.cloud.nacos.discovery.reactive.NacosReactiveDiscoveryClient.lambda$getServices$3(NacosReactiveDiscoveryClient.java:87) ~[spring-cloud-starter-alibaba-nacos-discovery-2023.0.3.2.jar:2023.0.3.2]
	at reactor.core.publisher.FluxDefer.subscribe(FluxDefer.java:46) ~[reactor-core-3.6.15.jar:3.6.15]
	at reactor.core.publisher.FluxSubscribeOn$SubscribeOnSubscriber.run(FluxSubscribeOn.java:194) ~[reactor-core-3.6.15.jar:3.6.15]
	at reactor.core.scheduler.WorkerTask.call(WorkerTask.java:84) ~[reactor-core-3.6.15.jar:3.6.15]
	at reactor.core.scheduler.WorkerTask.call(WorkerTask.java:37) ~[reactor-core-3.6.15.jar:3.6.15]
	at java.base/java.util.concurrent.FutureTask.run(FutureTask.java:317) ~[na:na]
	at java.base/java.util.concurrent.ScheduledThreadPoolExecutor$ScheduledFutureTask.run(ScheduledThreadPoolExecutor.java:304) ~[na:na]
	at java.base/java.util.concurrent.ThreadPoolExecutor.runWorker(ThreadPoolExecutor.java:1144) ~[na:na]
	at java.base/java.util.concurrent.ThreadPoolExecutor$Worker.run(ThreadPoolExecutor.java:642) ~[na:na]
	at java.base/java.lang.Thread.run(Thread.java:1583) ~[na:na]

2026-07-02T17:14:28.893+08:00 ERROR 15700 --- [gateway-server] [boundedElastic-5] c.a.c.n.d.r.NacosReactiveDiscoveryClient : get services from nacos server fail,

com.alibaba.nacos.api.exception.NacosException: Client not connected, current status:UNHEALTHY
	at com.alibaba.nacos.common.remote.client.RpcClient.request(RpcClient.java:645) ~[nacos-client-2.4.2.jar:na]
	at com.alibaba.nacos.common.remote.client.RpcClient.request(RpcClient.java:624) ~[nacos-client-2.4.2.jar:na]
	at com.alibaba.nacos.client.naming.remote.gprc.NamingGrpcClientProxy.requestToServer(NamingGrpcClientProxy.java:447) ~[nacos-client-2.4.2.jar:na]
	at com.alibaba.nacos.client.naming.remote.gprc.NamingGrpcClientProxy.getServiceList(NamingGrpcClientProxy.java:368) ~[nacos-client-2.4.2.jar:na]
	at com.alibaba.nacos.client.naming.remote.NamingClientProxyDelegate.getServiceList(NamingClientProxyDelegate.java:159) ~[nacos-client-2.4.2.jar:na]
	at com.alibaba.nacos.client.naming.NacosNamingService.getServicesOfServer(NacosNamingService.java:515) ~[nacos-client-2.4.2.jar:na]
	at com.alibaba.nacos.client.naming.NacosNamingService.getServicesOfServer(NacosNamingService.java:503) ~[nacos-client-2.4.2.jar:na]
	at com.alibaba.cloud.nacos.discovery.NacosServiceDiscovery.getServices(NacosServiceDiscovery.java:70) ~[spring-cloud-starter-alibaba-nacos-discovery-2023.0.3.2.jar:2023.0.3.2]
	at com.alibaba.cloud.nacos.discovery.reactive.NacosReactiveDiscoveryClient.lambda$getServices$3(NacosReactiveDiscoveryClient.java:87) ~[spring-cloud-starter-alibaba-nacos-discovery-2023.0.3.2.jar:2023.0.3.2]
	at reactor.core.publisher.FluxDefer.subscribe(FluxDefer.java:46) ~[reactor-core-3.6.15.jar:3.6.15]
	at reactor.core.publisher.FluxSubscribeOn$SubscribeOnSubscriber.run(FluxSubscribeOn.java:194) ~[reactor-core-3.6.15.jar:3.6.15]
	at reactor.core.scheduler.WorkerTask.call(WorkerTask.java:84) ~[reactor-core-3.6.15.jar:3.6.15]
	at reactor.core.scheduler.WorkerTask.call(WorkerTask.java:37) ~[reactor-core-3.6.15.jar:3.6.15]
	at java.base/java.util.concurrent.FutureTask.run(FutureTask.java:317) ~[na:na]
	at java.base/java.util.concurrent.ScheduledThreadPoolExecutor$ScheduledFutureTask.run(ScheduledThreadPoolExecutor.java:304) ~[na:na]
	at java.base/java.util.concurrent.ThreadPoolExecutor.runWorker(ThreadPoolExecutor.java:1144) ~[na:na]
	at java.base/java.util.concurrent.ThreadPoolExecutor$Worker.run(ThreadPoolExecutor.java:642) ~[na:na]
	at java.base/java.lang.Thread.run(Thread.java:1583) ~[na:na]

2026-07-02T17:14:58.902+08:00 ERROR 15700 --- [gateway-server] [boundedElastic-5] c.a.c.n.d.r.NacosReactiveDiscoveryClient : get services from nacos server fail,

com.alibaba.nacos.api.exception.NacosException: Client not connected, current status:UNHEALTHY
	at com.alibaba.nacos.common.remote.client.RpcClient.request(RpcClient.java:645) ~[nacos-client-2.4.2.jar:na]
	at com.alibaba.nacos.common.remote.client.RpcClient.request(RpcClient.java:624) ~[nacos-client-2.4.2.jar:na]
	at com.alibaba.nacos.client.naming.remote.gprc.NamingGrpcClientProxy.requestToServer(NamingGrpcClientProxy.java:447) ~[nacos-client-2.4.2.jar:na]
	at com.alibaba.nacos.client.naming.remote.gprc.NamingGrpcClientProxy.getServiceList(NamingGrpcClientProxy.java:368) ~[nacos-client-2.4.2.jar:na]
	at com.alibaba.nacos.client.naming.remote.NamingClientProxyDelegate.getServiceList(NamingClientProxyDelegate.java:159) ~[nacos-client-2.4.2.jar:na]
	at com.alibaba.nacos.client.naming.NacosNamingService.getServicesOfServer(NacosNamingService.java:515) ~[nacos-client-2.4.2.jar:na]
	at com.alibaba.nacos.client.naming.NacosNamingService.getServicesOfServer(NacosNamingService.java:503) ~[nacos-client-2.4.2.jar:na]
	at com.alibaba.cloud.nacos.discovery.NacosServiceDiscovery.getServices(NacosServiceDiscovery.java:70) ~[spring-cloud-starter-alibaba-nacos-discovery-2023.0.3.2.jar:2023.0.3.2]
	at com.alibaba.cloud.nacos.discovery.reactive.NacosReactiveDiscoveryClient.lambda$getServices$3(NacosReactiveDiscoveryClient.java:87) ~[spring-cloud-starter-alibaba-nacos-discovery-2023.0.3.2.jar:2023.0.3.2]
	at reactor.core.publisher.FluxDefer.subscribe(FluxDefer.java:46) ~[reactor-core-3.6.15.jar:3.6.15]
	at reactor.core.publisher.FluxSubscribeOn$SubscribeOnSubscriber.run(FluxSubscribeOn.java:194) ~[reactor-core-3.6.15.jar:3.6.15]
	at reactor.core.scheduler.WorkerTask.call(WorkerTask.java:84) ~[reactor-core-3.6.15.jar:3.6.15]
	at reactor.core.scheduler.WorkerTask.call(WorkerTask.java:37) ~[reactor-core-3.6.15.jar:3.6.15]
	at java.base/java.util.concurrent.FutureTask.run(FutureTask.java:317) ~[na:na]
	at java.base/java.util.concurrent.ScheduledThreadPoolExecutor$ScheduledFutureTask.run(ScheduledThreadPoolExecutor.java:304) ~[na:na]
	at java.base/java.util.concurrent.ThreadPoolExecutor.runWorker(ThreadPoolExecutor.java:1144) ~[na:na]
	at java.base/java.util.concurrent.ThreadPoolExecutor$Worker.run(ThreadPoolExecutor.java:642) ~[na:na]
	at java.base/java.lang.Thread.run(Thread.java:1583) ~[na:na]

2026-07-02T17:15:28.907+08:00 ERROR 15700 --- [gateway-server] [boundedElastic-5] c.a.c.n.d.r.NacosReactiveDiscoveryClient : get services from nacos server fail,

com.alibaba.nacos.api.exception.NacosException: Client not connected, current status:UNHEALTHY
	at com.alibaba.nacos.common.remote.client.RpcClient.request(RpcClient.java:645) ~[nacos-client-2.4.2.jar:na]
	at com.alibaba.nacos.common.remote.client.RpcClient.request(RpcClient.java:624) ~[nacos-client-2.4.2.jar:na]
	at com.alibaba.nacos.client.naming.remote.gprc.NamingGrpcClientProxy.requestToServer(NamingGrpcClientProxy.java:447) ~[nacos-client-2.4.2.jar:na]
	at com.alibaba.nacos.client.naming.remote.gprc.NamingGrpcClientProxy.getServiceList(NamingGrpcClientProxy.java:368) ~[nacos-client-2.4.2.jar:na]
	at com.alibaba.nacos.client.naming.remote.NamingClientProxyDelegate.getServiceList(NamingClientProxyDelegate.java:159) ~[nacos-client-2.4.2.jar:na]
	at com.alibaba.nacos.client.naming.NacosNamingService.getServicesOfServer(NacosNamingService.java:515) ~[nacos-client-2.4.2.jar:na]
	at com.alibaba.nacos.client.naming.NacosNamingService.getServicesOfServer(NacosNamingService.java:503) ~[nacos-client-2.4.2.jar:na]
	at com.alibaba.cloud.nacos.discovery.NacosServiceDiscovery.getServices(NacosServiceDiscovery.java:70) ~[spring-cloud-starter-alibaba-nacos-discovery-2023.0.3.2.jar:2023.0.3.2]
	at com.alibaba.cloud.nacos.discovery.reactive.NacosReactiveDiscoveryClient.lambda$getServices$3(NacosReactiveDiscoveryClient.java:87) ~[spring-cloud-starter-alibaba-nacos-discovery-2023.0.3.2.jar:2023.0.3.2]
	at reactor.core.publisher.FluxDefer.subscribe(FluxDefer.java:46) ~[reactor-core-3.6.15.jar:3.6.15]
	at reactor.core.publisher.FluxSubscribeOn$SubscribeOnSubscriber.run(FluxSubscribeOn.java:194) ~[reactor-core-3.6.15.jar:3.6.15]
	at reactor.core.scheduler.WorkerTask.call(WorkerTask.java:84) ~[reactor-core-3.6.15.jar:3.6.15]
	at reactor.core.scheduler.WorkerTask.call(WorkerTask.java:37) ~[reactor-core-3.6.15.jar:3.6.15]
	at java.base/java.util.concurrent.FutureTask.run(FutureTask.java:317) ~[na:na]
	at java.base/java.util.concurrent.ScheduledThreadPoolExecutor$ScheduledFutureTask.run(ScheduledThreadPoolExecutor.java:304) ~[na:na]
	at java.base/java.util.concurrent.ThreadPoolExecutor.runWorker(ThreadPoolExecutor.java:1144) ~[na:na]
	at java.base/java.util.concurrent.ThreadPoolExecutor$Worker.run(ThreadPoolExecutor.java:642) ~[na:na]
	at java.base/java.lang.Thread.run(Thread.java:1583) ~[na:na]

2026-07-02T17:15:58.914+08:00 ERROR 15700 --- [gateway-server] [boundedElastic-5] c.a.c.n.d.r.NacosReactiveDiscoveryClient : get services from nacos server fail,

com.alibaba.nacos.api.exception.NacosException: Client not connected, current status:UNHEALTHY
	at com.alibaba.nacos.common.remote.client.RpcClient.request(RpcClient.java:645) ~[nacos-client-2.4.2.jar:na]
	at com.alibaba.nacos.common.remote.client.RpcClient.request(RpcClient.java:624) ~[nacos-client-2.4.2.jar:na]
	at com.alibaba.nacos.client.naming.remote.gprc.NamingGrpcClientProxy.requestToServer(NamingGrpcClientProxy.java:447) ~[nacos-client-2.4.2.jar:na]
	at com.alibaba.nacos.client.naming.remote.gprc.NamingGrpcClientProxy.getServiceList(NamingGrpcClientProxy.java:368) ~[nacos-client-2.4.2.jar:na]
	at com.alibaba.nacos.client.naming.remote.NamingClientProxyDelegate.getServiceList(NamingClientProxyDelegate.java:159) ~[nacos-client-2.4.2.jar:na]
	at com.alibaba.nacos.client.naming.NacosNamingService.getServicesOfServer(NacosNamingService.java:515) ~[nacos-client-2.4.2.jar:na]
	at com.alibaba.nacos.client.naming.NacosNamingService.getServicesOfServer(NacosNamingService.java:503) ~[nacos-client-2.4.2.jar:na]
	at com.alibaba.cloud.nacos.discovery.NacosServiceDiscovery.getServices(NacosServiceDiscovery.java:70) ~[spring-cloud-starter-alibaba-nacos-discovery-2023.0.3.2.jar:2023.0.3.2]
	at com.alibaba.cloud.nacos.discovery.reactive.NacosReactiveDiscoveryClient.lambda$getServices$3(NacosReactiveDiscoveryClient.java:87) ~[spring-cloud-starter-alibaba-nacos-discovery-2023.0.3.2.jar:2023.0.3.2]
	at reactor.core.publisher.FluxDefer.subscribe(FluxDefer.java:46) ~[reactor-core-3.6.15.jar:3.6.15]
	at reactor.core.publisher.FluxSubscribeOn$SubscribeOnSubscriber.run(FluxSubscribeOn.java:194) ~[reactor-core-3.6.15.jar:3.6.15]
	at reactor.core.scheduler.WorkerTask.call(WorkerTask.java:84) ~[reactor-core-3.6.15.jar:3.6.15]
	at reactor.core.scheduler.WorkerTask.call(WorkerTask.java:37) ~[reactor-core-3.6.15.jar:3.6.15]
	at java.base/java.util.concurrent.FutureTask.run(FutureTask.java:317) ~[na:na]
	at java.base/java.util.concurrent.ScheduledThreadPoolExecutor$ScheduledFutureTask.run(ScheduledThreadPoolExecutor.java:304) ~[na:na]
	at java.base/java.util.concurrent.ThreadPoolExecutor.runWorker(ThreadPoolExecutor.java:1144) ~[na:na]
	at java.base/java.util.concurrent.ThreadPoolExecutor$Worker.run(ThreadPoolExecutor.java:642) ~[na:na]
	at java.base/java.lang.Thread.run(Thread.java:1583) ~[na:na]

2026-07-02T17:16:28.913+08:00 ERROR 15700 --- [gateway-server] [boundedElastic-5] c.a.c.n.d.r.NacosReactiveDiscoveryClient : get services from nacos server fail,

com.alibaba.nacos.api.exception.NacosException: Client not connected, current status:UNHEALTHY
	at com.alibaba.nacos.common.remote.client.RpcClient.request(RpcClient.java:645) ~[nacos-client-2.4.2.jar:na]
	at com.alibaba.nacos.common.remote.client.RpcClient.request(RpcClient.java:624) ~[nacos-client-2.4.2.jar:na]
	at com.alibaba.nacos.client.naming.remote.gprc.NamingGrpcClientProxy.requestToServer(NamingGrpcClientProxy.java:447) ~[nacos-client-2.4.2.jar:na]
	at com.alibaba.nacos.client.naming.remote.gprc.NamingGrpcClientProxy.getServiceList(NamingGrpcClientProxy.java:368) ~[nacos-client-2.4.2.jar:na]
	at com.alibaba.nacos.client.naming.remote.NamingClientProxyDelegate.getServiceList(NamingClientProxyDelegate.java:159) ~[nacos-client-2.4.2.jar:na]
	at com.alibaba.nacos.client.naming.NacosNamingService.getServicesOfServer(NacosNamingService.java:515) ~[nacos-client-2.4.2.jar:na]
	at com.alibaba.nacos.client.naming.NacosNamingService.getServicesOfServer(NacosNamingService.java:503) ~[nacos-client-2.4.2.jar:na]
	at com.alibaba.cloud.nacos.discovery.NacosServiceDiscovery.getServices(NacosServiceDiscovery.java:70) ~[spring-cloud-starter-alibaba-nacos-discovery-2023.0.3.2.jar:2023.0.3.2]
	at com.alibaba.cloud.nacos.discovery.reactive.NacosReactiveDiscoveryClient.lambda$getServices$3(NacosReactiveDiscoveryClient.java:87) ~[spring-cloud-starter-alibaba-nacos-discovery-2023.0.3.2.jar:2023.0.3.2]
	at reactor.core.publisher.FluxDefer.subscribe(FluxDefer.java:46) ~[reactor-core-3.6.15.jar:3.6.15]
	at reactor.core.publisher.FluxSubscribeOn$SubscribeOnSubscriber.run(FluxSubscribeOn.java:194) ~[reactor-core-3.6.15.jar:3.6.15]
	at reactor.core.scheduler.WorkerTask.call(WorkerTask.java:84) ~[reactor-core-3.6.15.jar:3.6.15]
	at reactor.core.scheduler.WorkerTask.call(WorkerTask.java:37) ~[reactor-core-3.6.15.jar:3.6.15]
	at java.base/java.util.concurrent.FutureTask.run(FutureTask.java:317) ~[na:na]
	at java.base/java.util.concurrent.ScheduledThreadPoolExecutor$ScheduledFutureTask.run(ScheduledThreadPoolExecutor.java:304) ~[na:na]
	at java.base/java.util.concurrent.ThreadPoolExecutor.runWorker(ThreadPoolExecutor.java:1144) ~[na:na]
	at java.base/java.util.concurrent.ThreadPoolExecutor$Worker.run(ThreadPoolExecutor.java:642) ~[na:na]
	at java.base/java.lang.Thread.run(Thread.java:1583) ~[na:na]

2026-07-02T17:16:58.926+08:00 ERROR 15700 --- [gateway-server] [boundedElastic-5] c.a.c.n.d.r.NacosReactiveDiscoveryClient : get services from nacos server fail,

com.alibaba.nacos.api.exception.NacosException: Client not connected, current status:UNHEALTHY
	at com.alibaba.nacos.common.remote.client.RpcClient.request(RpcClient.java:645) ~[nacos-client-2.4.2.jar:na]
	at com.alibaba.nacos.common.remote.client.RpcClient.request(RpcClient.java:624) ~[nacos-client-2.4.2.jar:na]
	at com.alibaba.nacos.client.naming.remote.gprc.NamingGrpcClientProxy.requestToServer(NamingGrpcClientProxy.java:447) ~[nacos-client-2.4.2.jar:na]
	at com.alibaba.nacos.client.naming.remote.gprc.NamingGrpcClientProxy.getServiceList(NamingGrpcClientProxy.java:368) ~[nacos-client-2.4.2.jar:na]
	at com.alibaba.nacos.client.naming.remote.NamingClientProxyDelegate.getServiceList(NamingClientProxyDelegate.java:159) ~[nacos-client-2.4.2.jar:na]
	at com.alibaba.nacos.client.naming.NacosNamingService.getServicesOfServer(NacosNamingService.java:515) ~[nacos-client-2.4.2.jar:na]
	at com.alibaba.nacos.client.naming.NacosNamingService.getServicesOfServer(NacosNamingService.java:503) ~[nacos-client-2.4.2.jar:na]
	at com.alibaba.cloud.nacos.discovery.NacosServiceDiscovery.getServices(NacosServiceDiscovery.java:70) ~[spring-cloud-starter-alibaba-nacos-discovery-2023.0.3.2.jar:2023.0.3.2]
	at com.alibaba.cloud.nacos.discovery.reactive.NacosReactiveDiscoveryClient.lambda$getServices$3(NacosReactiveDiscoveryClient.java:87) ~[spring-cloud-starter-alibaba-nacos-discovery-2023.0.3.2.jar:2023.0.3.2]
	at reactor.core.publisher.FluxDefer.subscribe(FluxDefer.java:46) ~[reactor-core-3.6.15.jar:3.6.15]
	at reactor.core.publisher.FluxSubscribeOn$SubscribeOnSubscriber.run(FluxSubscribeOn.java:194) ~[reactor-core-3.6.15.jar:3.6.15]
	at reactor.core.scheduler.WorkerTask.call(WorkerTask.java:84) ~[reactor-core-3.6.15.jar:3.6.15]
	at reactor.core.scheduler.WorkerTask.call(WorkerTask.java:37) ~[reactor-core-3.6.15.jar:3.6.15]
	at java.base/java.util.concurrent.FutureTask.run(FutureTask.java:317) ~[na:na]
	at java.base/java.util.concurrent.ScheduledThreadPoolExecutor$ScheduledFutureTask.run(ScheduledThreadPoolExecutor.java:304) ~[na:na]
	at java.base/java.util.concurrent.ThreadPoolExecutor.runWorker(ThreadPoolExecutor.java:1144) ~[na:na]
	at java.base/java.util.concurrent.ThreadPoolExecutor$Worker.run(ThreadPoolExecutor.java:642) ~[na:na]
	at java.base/java.lang.Thread.run(Thread.java:1583) ~[na:na]

2026-07-02T17:17:28.948+08:00 ERROR 15700 --- [gateway-server] [boundedElastic-5] c.a.c.n.d.r.NacosReactiveDiscoveryClient : get services from nacos server fail,

com.alibaba.nacos.api.exception.NacosException: Client not connected, current status:UNHEALTHY
	at com.alibaba.nacos.common.remote.client.RpcClient.request(RpcClient.java:645) ~[nacos-client-2.4.2.jar:na]
	at com.alibaba.nacos.common.remote.client.RpcClient.request(RpcClient.java:624) ~[nacos-client-2.4.2.jar:na]
	at com.alibaba.nacos.client.naming.remote.gprc.NamingGrpcClientProxy.requestToServer(NamingGrpcClientProxy.java:447) ~[nacos-client-2.4.2.jar:na]
	at com.alibaba.nacos.client.naming.remote.gprc.NamingGrpcClientProxy.getServiceList(NamingGrpcClientProxy.java:368) ~[nacos-client-2.4.2.jar:na]
	at com.alibaba.nacos.client.naming.remote.NamingClientProxyDelegate.getServiceList(NamingClientProxyDelegate.java:159) ~[nacos-client-2.4.2.jar:na]
	at com.alibaba.nacos.client.naming.NacosNamingService.getServicesOfServer(NacosNamingService.java:515) ~[nacos-client-2.4.2.jar:na]
	at com.alibaba.nacos.client.naming.NacosNamingService.getServicesOfServer(NacosNamingService.java:503) ~[nacos-client-2.4.2.jar:na]
	at com.alibaba.cloud.nacos.discovery.NacosServiceDiscovery.getServices(NacosServiceDiscovery.java:70) ~[spring-cloud-starter-alibaba-nacos-discovery-2023.0.3.2.jar:2023.0.3.2]
	at com.alibaba.cloud.nacos.discovery.reactive.NacosReactiveDiscoveryClient.lambda$getServices$3(NacosReactiveDiscoveryClient.java:87) ~[spring-cloud-starter-alibaba-nacos-discovery-2023.0.3.2.jar:2023.0.3.2]
	at reactor.core.publisher.FluxDefer.subscribe(FluxDefer.java:46) ~[reactor-core-3.6.15.jar:3.6.15]
	at reactor.core.publisher.FluxSubscribeOn$SubscribeOnSubscriber.run(FluxSubscribeOn.java:194) ~[reactor-core-3.6.15.jar:3.6.15]
	at reactor.core.scheduler.WorkerTask.call(WorkerTask.java:84) ~[reactor-core-3.6.15.jar:3.6.15]
	at reactor.core.scheduler.WorkerTask.call(WorkerTask.java:37) ~[reactor-core-3.6.15.jar:3.6.15]
	at java.base/java.util.concurrent.FutureTask.run(FutureTask.java:317) ~[na:na]
	at java.base/java.util.concurrent.ScheduledThreadPoolExecutor$ScheduledFutureTask.run(ScheduledThreadPoolExecutor.java:304) ~[na:na]
	at java.base/java.util.concurrent.ThreadPoolExecutor.runWorker(ThreadPoolExecutor.java:1144) ~[na:na]
	at java.base/java.util.concurrent.ThreadPoolExecutor$Worker.run(ThreadPoolExecutor.java:642) ~[na:na]
	at java.base/java.lang.Thread.run(Thread.java:1583) ~[na:na]

2026-07-02T17:17:58.952+08:00 ERROR 15700 --- [gateway-server] [boundedElastic-5] c.a.c.n.d.r.NacosReactiveDiscoveryClient : get services from nacos server fail,

com.alibaba.nacos.api.exception.NacosException: Client not connected, current status:UNHEALTHY
	at com.alibaba.nacos.common.remote.client.RpcClient.request(RpcClient.java:645) ~[nacos-client-2.4.2.jar:na]
	at com.alibaba.nacos.common.remote.client.RpcClient.request(RpcClient.java:624) ~[nacos-client-2.4.2.jar:na]
	at com.alibaba.nacos.client.naming.remote.gprc.NamingGrpcClientProxy.requestToServer(NamingGrpcClientProxy.java:447) ~[nacos-client-2.4.2.jar:na]
	at com.alibaba.nacos.client.naming.remote.gprc.NamingGrpcClientProxy.getServiceList(NamingGrpcClientProxy.java:368) ~[nacos-client-2.4.2.jar:na]
	at com.alibaba.nacos.client.naming.remote.NamingClientProxyDelegate.getServiceList(NamingClientProxyDelegate.java:159) ~[nacos-client-2.4.2.jar:na]
	at com.alibaba.nacos.client.naming.NacosNamingService.getServicesOfServer(NacosNamingService.java:515) ~[nacos-client-2.4.2.jar:na]
	at com.alibaba.nacos.client.naming.NacosNamingService.getServicesOfServer(NacosNamingService.java:503) ~[nacos-client-2.4.2.jar:na]
	at com.alibaba.cloud.nacos.discovery.NacosServiceDiscovery.getServices(NacosServiceDiscovery.java:70) ~[spring-cloud-starter-alibaba-nacos-discovery-2023.0.3.2.jar:2023.0.3.2]
	at com.alibaba.cloud.nacos.discovery.reactive.NacosReactiveDiscoveryClient.lambda$getServices$3(NacosReactiveDiscoveryClient.java:87) ~[spring-cloud-starter-alibaba-nacos-discovery-2023.0.3.2.jar:2023.0.3.2]
	at reactor.core.publisher.FluxDefer.subscribe(FluxDefer.java:46) ~[reactor-core-3.6.15.jar:3.6.15]
	at reactor.core.publisher.FluxSubscribeOn$SubscribeOnSubscriber.run(FluxSubscribeOn.java:194) ~[reactor-core-3.6.15.jar:3.6.15]
	at reactor.core.scheduler.WorkerTask.call(WorkerTask.java:84) ~[reactor-core-3.6.15.jar:3.6.15]
	at reactor.core.scheduler.WorkerTask.call(WorkerTask.java:37) ~[reactor-core-3.6.15.jar:3.6.15]
	at java.base/java.util.concurrent.FutureTask.run(FutureTask.java:317) ~[na:na]
	at java.base/java.util.concurrent.ScheduledThreadPoolExecutor$ScheduledFutureTask.run(ScheduledThreadPoolExecutor.java:304) ~[na:na]
	at java.base/java.util.concurrent.ThreadPoolExecutor.runWorker(ThreadPoolExecutor.java:1144) ~[na:na]
	at java.base/java.util.concurrent.ThreadPoolExecutor$Worker.run(ThreadPoolExecutor.java:642) ~[na:na]
	at java.base/java.lang.Thread.run(Thread.java:1583) ~[na:na]

2026-07-02T17:18:28.958+08:00 ERROR 15700 --- [gateway-server] [boundedElastic-5] c.a.c.n.d.r.NacosReactiveDiscoveryClient : get services from nacos server fail,

com.alibaba.nacos.api.exception.NacosException: Client not connected, current status:UNHEALTHY
	at com.alibaba.nacos.common.remote.client.RpcClient.request(RpcClient.java:645) ~[nacos-client-2.4.2.jar:na]
	at com.alibaba.nacos.common.remote.client.RpcClient.request(RpcClient.java:624) ~[nacos-client-2.4.2.jar:na]
	at com.alibaba.nacos.client.naming.remote.gprc.NamingGrpcClientProxy.requestToServer(NamingGrpcClientProxy.java:447) ~[nacos-client-2.4.2.jar:na]
	at com.alibaba.nacos.client.naming.remote.gprc.NamingGrpcClientProxy.getServiceList(NamingGrpcClientProxy.java:368) ~[nacos-client-2.4.2.jar:na]
	at com.alibaba.nacos.client.naming.remote.NamingClientProxyDelegate.getServiceList(NamingClientProxyDelegate.java:159) ~[nacos-client-2.4.2.jar:na]
	at com.alibaba.nacos.client.naming.NacosNamingService.getServicesOfServer(NacosNamingService.java:515) ~[nacos-client-2.4.2.jar:na]
	at com.alibaba.nacos.client.naming.NacosNamingService.getServicesOfServer(NacosNamingService.java:503) ~[nacos-client-2.4.2.jar:na]
	at com.alibaba.cloud.nacos.discovery.NacosServiceDiscovery.getServices(NacosServiceDiscovery.java:70) ~[spring-cloud-starter-alibaba-nacos-discovery-2023.0.3.2.jar:2023.0.3.2]
	at com.alibaba.cloud.nacos.discovery.reactive.NacosReactiveDiscoveryClient.lambda$getServices$3(NacosReactiveDiscoveryClient.java:87) ~[spring-cloud-starter-alibaba-nacos-discovery-2023.0.3.2.jar:2023.0.3.2]
	at reactor.core.publisher.FluxDefer.subscribe(FluxDefer.java:46) ~[reactor-core-3.6.15.jar:3.6.15]
	at reactor.core.publisher.FluxSubscribeOn$SubscribeOnSubscriber.run(FluxSubscribeOn.java:194) ~[reactor-core-3.6.15.jar:3.6.15]
	at reactor.core.scheduler.WorkerTask.call(WorkerTask.java:84) ~[reactor-core-3.6.15.jar:3.6.15]
	at reactor.core.scheduler.WorkerTask.call(WorkerTask.java:37) ~[reactor-core-3.6.15.jar:3.6.15]
	at java.base/java.util.concurrent.FutureTask.run(FutureTask.java:317) ~[na:na]
	at java.base/java.util.concurrent.ScheduledThreadPoolExecutor$ScheduledFutureTask.run(ScheduledThreadPoolExecutor.java:304) ~[na:na]
	at java.base/java.util.concurrent.ThreadPoolExecutor.runWorker(ThreadPoolExecutor.java:1144) ~[na:na]
	at java.base/java.util.concurrent.ThreadPoolExecutor$Worker.run(ThreadPoolExecutor.java:642) ~[na:na]
	at java.base/java.lang.Thread.run(Thread.java:1583) ~[na:na]

2026-07-02T17:18:58.970+08:00 ERROR 15700 --- [gateway-server] [boundedElastic-5] c.a.c.n.d.r.NacosReactiveDiscoveryClient : get services from nacos server fail,

com.alibaba.nacos.api.exception.NacosException: Client not connected, current status:UNHEALTHY
	at com.alibaba.nacos.common.remote.client.RpcClient.request(RpcClient.java:645) ~[nacos-client-2.4.2.jar:na]
	at com.alibaba.nacos.common.remote.client.RpcClient.request(RpcClient.java:624) ~[nacos-client-2.4.2.jar:na]
	at com.alibaba.nacos.client.naming.remote.gprc.NamingGrpcClientProxy.requestToServer(NamingGrpcClientProxy.java:447) ~[nacos-client-2.4.2.jar:na]
	at com.alibaba.nacos.client.naming.remote.gprc.NamingGrpcClientProxy.getServiceList(NamingGrpcClientProxy.java:368) ~[nacos-client-2.4.2.jar:na]
	at com.alibaba.nacos.client.naming.remote.NamingClientProxyDelegate.getServiceList(NamingClientProxyDelegate.java:159) ~[nacos-client-2.4.2.jar:na]
	at com.alibaba.nacos.client.naming.NacosNamingService.getServicesOfServer(NacosNamingService.java:515) ~[nacos-client-2.4.2.jar:na]
	at com.alibaba.nacos.client.naming.NacosNamingService.getServicesOfServer(NacosNamingService.java:503) ~[nacos-client-2.4.2.jar:na]
	at com.alibaba.cloud.nacos.discovery.NacosServiceDiscovery.getServices(NacosServiceDiscovery.java:70) ~[spring-cloud-starter-alibaba-nacos-discovery-2023.0.3.2.jar:2023.0.3.2]
	at com.alibaba.cloud.nacos.discovery.reactive.NacosReactiveDiscoveryClient.lambda$getServices$3(NacosReactiveDiscoveryClient.java:87) ~[spring-cloud-starter-alibaba-nacos-discovery-2023.0.3.2.jar:2023.0.3.2]
	at reactor.core.publisher.FluxDefer.subscribe(FluxDefer.java:46) ~[reactor-core-3.6.15.jar:3.6.15]
	at reactor.core.publisher.FluxSubscribeOn$SubscribeOnSubscriber.run(FluxSubscribeOn.java:194) ~[reactor-core-3.6.15.jar:3.6.15]
	at reactor.core.scheduler.WorkerTask.call(WorkerTask.java:84) ~[reactor-core-3.6.15.jar:3.6.15]
	at reactor.core.scheduler.WorkerTask.call(WorkerTask.java:37) ~[reactor-core-3.6.15.jar:3.6.15]
	at java.base/java.util.concurrent.FutureTask.run(FutureTask.java:317) ~[na:na]
	at java.base/java.util.concurrent.ScheduledThreadPoolExecutor$ScheduledFutureTask.run(ScheduledThreadPoolExecutor.java:304) ~[na:na]
	at java.base/java.util.concurrent.ThreadPoolExecutor.runWorker(ThreadPoolExecutor.java:1144) ~[na:na]
	at java.base/java.util.concurrent.ThreadPoolExecutor$Worker.run(ThreadPoolExecutor.java:642) ~[na:na]
	at java.base/java.lang.Thread.run(Thread.java:1583) ~[na:na]

2026-07-02T17:19:28.989+08:00 ERROR 15700 --- [gateway-server] [boundedElastic-5] c.a.c.n.d.r.NacosReactiveDiscoveryClient : get services from nacos server fail,

com.alibaba.nacos.api.exception.NacosException: Client not connected, current status:UNHEALTHY
	at com.alibaba.nacos.common.remote.client.RpcClient.request(RpcClient.java:645) ~[nacos-client-2.4.2.jar:na]
	at com.alibaba.nacos.common.remote.client.RpcClient.request(RpcClient.java:624) ~[nacos-client-2.4.2.jar:na]
	at com.alibaba.nacos.client.naming.remote.gprc.NamingGrpcClientProxy.requestToServer(NamingGrpcClientProxy.java:447) ~[nacos-client-2.4.2.jar:na]
	at com.alibaba.nacos.client.naming.remote.gprc.NamingGrpcClientProxy.getServiceList(NamingGrpcClientProxy.java:368) ~[nacos-client-2.4.2.jar:na]
	at com.alibaba.nacos.client.naming.remote.NamingClientProxyDelegate.getServiceList(NamingClientProxyDelegate.java:159) ~[nacos-client-2.4.2.jar:na]
	at com.alibaba.nacos.client.naming.NacosNamingService.getServicesOfServer(NacosNamingService.java:515) ~[nacos-client-2.4.2.jar:na]
	at com.alibaba.nacos.client.naming.NacosNamingService.getServicesOfServer(NacosNamingService.java:503) ~[nacos-client-2.4.2.jar:na]
	at com.alibaba.cloud.nacos.discovery.NacosServiceDiscovery.getServices(NacosServiceDiscovery.java:70) ~[spring-cloud-starter-alibaba-nacos-discovery-2023.0.3.2.jar:2023.0.3.2]
	at com.alibaba.cloud.nacos.discovery.reactive.NacosReactiveDiscoveryClient.lambda$getServices$3(NacosReactiveDiscoveryClient.java:87) ~[spring-cloud-starter-alibaba-nacos-discovery-2023.0.3.2.jar:2023.0.3.2]
	at reactor.core.publisher.FluxDefer.subscribe(FluxDefer.java:46) ~[reactor-core-3.6.15.jar:3.6.15]
	at reactor.core.publisher.FluxSubscribeOn$SubscribeOnSubscriber.run(FluxSubscribeOn.java:194) ~[reactor-core-3.6.15.jar:3.6.15]
	at reactor.core.scheduler.WorkerTask.call(WorkerTask.java:84) ~[reactor-core-3.6.15.jar:3.6.15]
	at reactor.core.scheduler.WorkerTask.call(WorkerTask.java:37) ~[reactor-core-3.6.15.jar:3.6.15]
	at java.base/java.util.concurrent.FutureTask.run(FutureTask.java:317) ~[na:na]
	at java.base/java.util.concurrent.ScheduledThreadPoolExecutor$ScheduledFutureTask.run(ScheduledThreadPoolExecutor.java:304) ~[na:na]
	at java.base/java.util.concurrent.ThreadPoolExecutor.runWorker(ThreadPoolExecutor.java:1144) ~[na:na]
	at java.base/java.util.concurrent.ThreadPoolExecutor$Worker.run(ThreadPoolExecutor.java:642) ~[na:na]
	at java.base/java.lang.Thread.run(Thread.java:1583) ~[na:na]

2026-07-02T17:19:59.000+08:00 ERROR 15700 --- [gateway-server] [boundedElastic-5] c.a.c.n.d.r.NacosReactiveDiscoveryClient : get services from nacos server fail,

com.alibaba.nacos.api.exception.NacosException: Client not connected, current status:UNHEALTHY
	at com.alibaba.nacos.common.remote.client.RpcClient.request(RpcClient.java:645) ~[nacos-client-2.4.2.jar:na]
	at com.alibaba.nacos.common.remote.client.RpcClient.request(RpcClient.java:624) ~[nacos-client-2.4.2.jar:na]
	at com.alibaba.nacos.client.naming.remote.gprc.NamingGrpcClientProxy.requestToServer(NamingGrpcClientProxy.java:447) ~[nacos-client-2.4.2.jar:na]
	at com.alibaba.nacos.client.naming.remote.gprc.NamingGrpcClientProxy.getServiceList(NamingGrpcClientProxy.java:368) ~[nacos-client-2.4.2.jar:na]
	at com.alibaba.nacos.client.naming.remote.NamingClientProxyDelegate.getServiceList(NamingClientProxyDelegate.java:159) ~[nacos-client-2.4.2.jar:na]
	at com.alibaba.nacos.client.naming.NacosNamingService.getServicesOfServer(NacosNamingService.java:515) ~[nacos-client-2.4.2.jar:na]
	at com.alibaba.nacos.client.naming.NacosNamingService.getServicesOfServer(NacosNamingService.java:503) ~[nacos-client-2.4.2.jar:na]
	at com.alibaba.cloud.nacos.discovery.NacosServiceDiscovery.getServices(NacosServiceDiscovery.java:70) ~[spring-cloud-starter-alibaba-nacos-discovery-2023.0.3.2.jar:2023.0.3.2]
	at com.alibaba.cloud.nacos.discovery.reactive.NacosReactiveDiscoveryClient.lambda$getServices$3(NacosReactiveDiscoveryClient.java:87) ~[spring-cloud-starter-alibaba-nacos-discovery-2023.0.3.2.jar:2023.0.3.2]
	at reactor.core.publisher.FluxDefer.subscribe(FluxDefer.java:46) ~[reactor-core-3.6.15.jar:3.6.15]
	at reactor.core.publisher.FluxSubscribeOn$SubscribeOnSubscriber.run(FluxSubscribeOn.java:194) ~[reactor-core-3.6.15.jar:3.6.15]
	at reactor.core.scheduler.WorkerTask.call(WorkerTask.java:84) ~[reactor-core-3.6.15.jar:3.6.15]
	at reactor.core.scheduler.WorkerTask.call(WorkerTask.java:37) ~[reactor-core-3.6.15.jar:3.6.15]
	at java.base/java.util.concurrent.FutureTask.run(FutureTask.java:317) ~[na:na]
	at java.base/java.util.concurrent.ScheduledThreadPoolExecutor$ScheduledFutureTask.run(ScheduledThreadPoolExecutor.java:304) ~[na:na]
	at java.base/java.util.concurrent.ThreadPoolExecutor.runWorker(ThreadPoolExecutor.java:1144) ~[na:na]
	at java.base/java.util.concurrent.ThreadPoolExecutor$Worker.run(ThreadPoolExecutor.java:642) ~[na:na]
	at java.base/java.lang.Thread.run(Thread.java:1583) ~[na:na]

2026-07-02T17:20:29.014+08:00 ERROR 15700 --- [gateway-server] [boundedElastic-5] c.a.c.n.d.r.NacosReactiveDiscoveryClient : get services from nacos server fail,

com.alibaba.nacos.api.exception.NacosException: Client not connected, current status:UNHEALTHY
	at com.alibaba.nacos.common.remote.client.RpcClient.request(RpcClient.java:645) ~[nacos-client-2.4.2.jar:na]
	at com.alibaba.nacos.common.remote.client.RpcClient.request(RpcClient.java:624) ~[nacos-client-2.4.2.jar:na]
	at com.alibaba.nacos.client.naming.remote.gprc.NamingGrpcClientProxy.requestToServer(NamingGrpcClientProxy.java:447) ~[nacos-client-2.4.2.jar:na]
	at com.alibaba.nacos.client.naming.remote.gprc.NamingGrpcClientProxy.getServiceList(NamingGrpcClientProxy.java:368) ~[nacos-client-2.4.2.jar:na]
	at com.alibaba.nacos.client.naming.remote.NamingClientProxyDelegate.getServiceList(NamingClientProxyDelegate.java:159) ~[nacos-client-2.4.2.jar:na]
	at com.alibaba.nacos.client.naming.NacosNamingService.getServicesOfServer(NacosNamingService.java:515) ~[nacos-client-2.4.2.jar:na]
	at com.alibaba.nacos.client.naming.NacosNamingService.getServicesOfServer(NacosNamingService.java:503) ~[nacos-client-2.4.2.jar:na]
	at com.alibaba.cloud.nacos.discovery.NacosServiceDiscovery.getServices(NacosServiceDiscovery.java:70) ~[spring-cloud-starter-alibaba-nacos-discovery-2023.0.3.2.jar:2023.0.3.2]
	at com.alibaba.cloud.nacos.discovery.reactive.NacosReactiveDiscoveryClient.lambda$getServices$3(NacosReactiveDiscoveryClient.java:87) ~[spring-cloud-starter-alibaba-nacos-discovery-2023.0.3.2.jar:2023.0.3.2]
	at reactor.core.publisher.FluxDefer.subscribe(FluxDefer.java:46) ~[reactor-core-3.6.15.jar:3.6.15]
	at reactor.core.publisher.FluxSubscribeOn$SubscribeOnSubscriber.run(FluxSubscribeOn.java:194) ~[reactor-core-3.6.15.jar:3.6.15]
	at reactor.core.scheduler.WorkerTask.call(WorkerTask.java:84) ~[reactor-core-3.6.15.jar:3.6.15]
	at reactor.core.scheduler.WorkerTask.call(WorkerTask.java:37) ~[reactor-core-3.6.15.jar:3.6.15]
	at java.base/java.util.concurrent.FutureTask.run(FutureTask.java:317) ~[na:na]
	at java.base/java.util.concurrent.ScheduledThreadPoolExecutor$ScheduledFutureTask.run(ScheduledThreadPoolExecutor.java:304) ~[na:na]
	at java.base/java.util.concurrent.ThreadPoolExecutor.runWorker(ThreadPoolExecutor.java:1144) ~[na:na]
	at java.base/java.util.concurrent.ThreadPoolExecutor$Worker.run(ThreadPoolExecutor.java:642) ~[na:na]
	at java.base/java.lang.Thread.run(Thread.java:1583) ~[na:na]

2026-07-02T17:20:59.020+08:00 ERROR 15700 --- [gateway-server] [boundedElastic-5] c.a.c.n.d.r.NacosReactiveDiscoveryClient : get services from nacos server fail,

com.alibaba.nacos.api.exception.NacosException: Client not connected, current status:UNHEALTHY
	at com.alibaba.nacos.common.remote.client.RpcClient.request(RpcClient.java:645) ~[nacos-client-2.4.2.jar:na]
	at com.alibaba.nacos.common.remote.client.RpcClient.request(RpcClient.java:624) ~[nacos-client-2.4.2.jar:na]
	at com.alibaba.nacos.client.naming.remote.gprc.NamingGrpcClientProxy.requestToServer(NamingGrpcClientProxy.java:447) ~[nacos-client-2.4.2.jar:na]
	at com.alibaba.nacos.client.naming.remote.gprc.NamingGrpcClientProxy.getServiceList(NamingGrpcClientProxy.java:368) ~[nacos-client-2.4.2.jar:na]
	at com.alibaba.nacos.client.naming.remote.NamingClientProxyDelegate.getServiceList(NamingClientProxyDelegate.java:159) ~[nacos-client-2.4.2.jar:na]
	at com.alibaba.nacos.client.naming.NacosNamingService.getServicesOfServer(NacosNamingService.java:515) ~[nacos-client-2.4.2.jar:na]
	at com.alibaba.nacos.client.naming.NacosNamingService.getServicesOfServer(NacosNamingService.java:503) ~[nacos-client-2.4.2.jar:na]
	at com.alibaba.cloud.nacos.discovery.NacosServiceDiscovery.getServices(NacosServiceDiscovery.java:70) ~[spring-cloud-starter-alibaba-nacos-discovery-2023.0.3.2.jar:2023.0.3.2]
	at com.alibaba.cloud.nacos.discovery.reactive.NacosReactiveDiscoveryClient.lambda$getServices$3(NacosReactiveDiscoveryClient.java:87) ~[spring-cloud-starter-alibaba-nacos-discovery-2023.0.3.2.jar:2023.0.3.2]
	at reactor.core.publisher.FluxDefer.subscribe(FluxDefer.java:46) ~[reactor-core-3.6.15.jar:3.6.15]
	at reactor.core.publisher.FluxSubscribeOn$SubscribeOnSubscriber.run(FluxSubscribeOn.java:194) ~[reactor-core-3.6.15.jar:3.6.15]
	at reactor.core.scheduler.WorkerTask.call(WorkerTask.java:84) ~[reactor-core-3.6.15.jar:3.6.15]
	at reactor.core.scheduler.WorkerTask.call(WorkerTask.java:37) ~[reactor-core-3.6.15.jar:3.6.15]
	at java.base/java.util.concurrent.FutureTask.run(FutureTask.java:317) ~[na:na]
	at java.base/java.util.concurrent.ScheduledThreadPoolExecutor$ScheduledFutureTask.run(ScheduledThreadPoolExecutor.java:304) ~[na:na]
	at java.base/java.util.concurrent.ThreadPoolExecutor.runWorker(ThreadPoolExecutor.java:1144) ~[na:na]
	at java.base/java.util.concurrent.ThreadPoolExecutor$Worker.run(ThreadPoolExecutor.java:642) ~[na:na]
	at java.base/java.lang.Thread.run(Thread.java:1583) ~[na:na]

2026-07-02T17:21:29.031+08:00 ERROR 15700 --- [gateway-server] [boundedElastic-5] c.a.c.n.d.r.NacosReactiveDiscoveryClient : get services from nacos server fail,

com.alibaba.nacos.api.exception.NacosException: Client not connected, current status:UNHEALTHY
	at com.alibaba.nacos.common.remote.client.RpcClient.request(RpcClient.java:645) ~[nacos-client-2.4.2.jar:na]
	at com.alibaba.nacos.common.remote.client.RpcClient.request(RpcClient.java:624) ~[nacos-client-2.4.2.jar:na]
	at com.alibaba.nacos.client.naming.remote.gprc.NamingGrpcClientProxy.requestToServer(NamingGrpcClientProxy.java:447) ~[nacos-client-2.4.2.jar:na]
	at com.alibaba.nacos.client.naming.remote.gprc.NamingGrpcClientProxy.getServiceList(NamingGrpcClientProxy.java:368) ~[nacos-client-2.4.2.jar:na]
	at com.alibaba.nacos.client.naming.remote.NamingClientProxyDelegate.getServiceList(NamingClientProxyDelegate.java:159) ~[nacos-client-2.4.2.jar:na]
	at com.alibaba.nacos.client.naming.NacosNamingService.getServicesOfServer(NacosNamingService.java:515) ~[nacos-client-2.4.2.jar:na]
	at com.alibaba.nacos.client.naming.NacosNamingService.getServicesOfServer(NacosNamingService.java:503) ~[nacos-client-2.4.2.jar:na]
	at com.alibaba.cloud.nacos.discovery.NacosServiceDiscovery.getServices(NacosServiceDiscovery.java:70) ~[spring-cloud-starter-alibaba-nacos-discovery-2023.0.3.2.jar:2023.0.3.2]
	at com.alibaba.cloud.nacos.discovery.reactive.NacosReactiveDiscoveryClient.lambda$getServices$3(NacosReactiveDiscoveryClient.java:87) ~[spring-cloud-starter-alibaba-nacos-discovery-2023.0.3.2.jar:2023.0.3.2]
	at reactor.core.publisher.FluxDefer.subscribe(FluxDefer.java:46) ~[reactor-core-3.6.15.jar:3.6.15]
	at reactor.core.publisher.FluxSubscribeOn$SubscribeOnSubscriber.run(FluxSubscribeOn.java:194) ~[reactor-core-3.6.15.jar:3.6.15]
	at reactor.core.scheduler.WorkerTask.call(WorkerTask.java:84) ~[reactor-core-3.6.15.jar:3.6.15]
	at reactor.core.scheduler.WorkerTask.call(WorkerTask.java:37) ~[reactor-core-3.6.15.jar:3.6.15]
	at java.base/java.util.concurrent.FutureTask.run(FutureTask.java:317) ~[na:na]
	at java.base/java.util.concurrent.ScheduledThreadPoolExecutor$ScheduledFutureTask.run(ScheduledThreadPoolExecutor.java:304) ~[na:na]
	at java.base/java.util.concurrent.ThreadPoolExecutor.runWorker(ThreadPoolExecutor.java:1144) ~[na:na]
	at java.base/java.util.concurrent.ThreadPoolExecutor$Worker.run(ThreadPoolExecutor.java:642) ~[na:na]
	at java.base/java.lang.Thread.run(Thread.java:1583) ~[na:na]

2026-07-02T17:21:59.036+08:00 ERROR 15700 --- [gateway-server] [boundedElastic-5] c.a.c.n.d.r.NacosReactiveDiscoveryClient : get services from nacos server fail,

com.alibaba.nacos.api.exception.NacosException: Client not connected, current status:UNHEALTHY
	at com.alibaba.nacos.common.remote.client.RpcClient.request(RpcClient.java:645) ~[nacos-client-2.4.2.jar:na]
	at com.alibaba.nacos.common.remote.client.RpcClient.request(RpcClient.java:624) ~[nacos-client-2.4.2.jar:na]
	at com.alibaba.nacos.client.naming.remote.gprc.NamingGrpcClientProxy.requestToServer(NamingGrpcClientProxy.java:447) ~[nacos-client-2.4.2.jar:na]
	at com.alibaba.nacos.client.naming.remote.gprc.NamingGrpcClientProxy.getServiceList(NamingGrpcClientProxy.java:368) ~[nacos-client-2.4.2.jar:na]
	at com.alibaba.nacos.client.naming.remote.NamingClientProxyDelegate.getServiceList(NamingClientProxyDelegate.java:159) ~[nacos-client-2.4.2.jar:na]
	at com.alibaba.nacos.client.naming.NacosNamingService.getServicesOfServer(NacosNamingService.java:515) ~[nacos-client-2.4.2.jar:na]
	at com.alibaba.nacos.client.naming.NacosNamingService.getServicesOfServer(NacosNamingService.java:503) ~[nacos-client-2.4.2.jar:na]
	at com.alibaba.cloud.nacos.discovery.NacosServiceDiscovery.getServices(NacosServiceDiscovery.java:70) ~[spring-cloud-starter-alibaba-nacos-discovery-2023.0.3.2.jar:2023.0.3.2]
	at com.alibaba.cloud.nacos.discovery.reactive.NacosReactiveDiscoveryClient.lambda$getServices$3(NacosReactiveDiscoveryClient.java:87) ~[spring-cloud-starter-alibaba-nacos-discovery-2023.0.3.2.jar:2023.0.3.2]
	at reactor.core.publisher.FluxDefer.subscribe(FluxDefer.java:46) ~[reactor-core-3.6.15.jar:3.6.15]
	at reactor.core.publisher.FluxSubscribeOn$SubscribeOnSubscriber.run(FluxSubscribeOn.java:194) ~[reactor-core-3.6.15.jar:3.6.15]
	at reactor.core.scheduler.WorkerTask.call(WorkerTask.java:84) ~[reactor-core-3.6.15.jar:3.6.15]
	at reactor.core.scheduler.WorkerTask.call(WorkerTask.java:37) ~[reactor-core-3.6.15.jar:3.6.15]
	at java.base/java.util.concurrent.FutureTask.run(FutureTask.java:317) ~[na:na]
	at java.base/java.util.concurrent.ScheduledThreadPoolExecutor$ScheduledFutureTask.run(ScheduledThreadPoolExecutor.java:304) ~[na:na]
	at java.base/java.util.concurrent.ThreadPoolExecutor.runWorker(ThreadPoolExecutor.java:1144) ~[na:na]
	at java.base/java.util.concurrent.ThreadPoolExecutor$Worker.run(ThreadPoolExecutor.java:642) ~[na:na]
	at java.base/java.lang.Thread.run(Thread.java:1583) ~[na:na]

2026-07-02T17:22:29.049+08:00 ERROR 15700 --- [gateway-server] [boundedElastic-5] c.a.c.n.d.r.NacosReactiveDiscoveryClient : get services from nacos server fail,

com.alibaba.nacos.api.exception.NacosException: Client not connected, current status:UNHEALTHY
	at com.alibaba.nacos.common.remote.client.RpcClient.request(RpcClient.java:645) ~[nacos-client-2.4.2.jar:na]
	at com.alibaba.nacos.common.remote.client.RpcClient.request(RpcClient.java:624) ~[nacos-client-2.4.2.jar:na]
	at com.alibaba.nacos.client.naming.remote.gprc.NamingGrpcClientProxy.requestToServer(NamingGrpcClientProxy.java:447) ~[nacos-client-2.4.2.jar:na]
	at com.alibaba.nacos.client.naming.remote.gprc.NamingGrpcClientProxy.getServiceList(NamingGrpcClientProxy.java:368) ~[nacos-client-2.4.2.jar:na]
	at com.alibaba.nacos.client.naming.remote.NamingClientProxyDelegate.getServiceList(NamingClientProxyDelegate.java:159) ~[nacos-client-2.4.2.jar:na]
	at com.alibaba.nacos.client.naming.NacosNamingService.getServicesOfServer(NacosNamingService.java:515) ~[nacos-client-2.4.2.jar:na]
	at com.alibaba.nacos.client.naming.NacosNamingService.getServicesOfServer(NacosNamingService.java:503) ~[nacos-client-2.4.2.jar:na]
	at com.alibaba.cloud.nacos.discovery.NacosServiceDiscovery.getServices(NacosServiceDiscovery.java:70) ~[spring-cloud-starter-alibaba-nacos-discovery-2023.0.3.2.jar:2023.0.3.2]
	at com.alibaba.cloud.nacos.discovery.reactive.NacosReactiveDiscoveryClient.lambda$getServices$3(NacosReactiveDiscoveryClient.java:87) ~[spring-cloud-starter-alibaba-nacos-discovery-2023.0.3.2.jar:2023.0.3.2]
	at reactor.core.publisher.FluxDefer.subscribe(FluxDefer.java:46) ~[reactor-core-3.6.15.jar:3.6.15]
	at reactor.core.publisher.FluxSubscribeOn$SubscribeOnSubscriber.run(FluxSubscribeOn.java:194) ~[reactor-core-3.6.15.jar:3.6.15]
	at reactor.core.scheduler.WorkerTask.call(WorkerTask.java:84) ~[reactor-core-3.6.15.jar:3.6.15]
	at reactor.core.scheduler.WorkerTask.call(WorkerTask.java:37) ~[reactor-core-3.6.15.jar:3.6.15]
	at java.base/java.util.concurrent.FutureTask.run(FutureTask.java:317) ~[na:na]
	at java.base/java.util.concurrent.ScheduledThreadPoolExecutor$ScheduledFutureTask.run(ScheduledThreadPoolExecutor.java:304) ~[na:na]
	at java.base/java.util.concurrent.ThreadPoolExecutor.runWorker(ThreadPoolExecutor.java:1144) ~[na:na]
	at java.base/java.util.concurrent.ThreadPoolExecutor$Worker.run(ThreadPoolExecutor.java:642) ~[na:na]
	at java.base/java.lang.Thread.run(Thread.java:1583) ~[na:na]

2026-07-02T17:22:59.043+08:00 ERROR 15700 --- [gateway-server] [boundedElastic-5] c.a.c.n.d.r.NacosReactiveDiscoveryClient : get services from nacos server fail,

com.alibaba.nacos.api.exception.NacosException: Client not connected, current status:UNHEALTHY
	at com.alibaba.nacos.common.remote.client.RpcClient.request(RpcClient.java:645) ~[nacos-client-2.4.2.jar:na]
	at com.alibaba.nacos.common.remote.client.RpcClient.request(RpcClient.java:624) ~[nacos-client-2.4.2.jar:na]
	at com.alibaba.nacos.client.naming.remote.gprc.NamingGrpcClientProxy.requestToServer(NamingGrpcClientProxy.java:447) ~[nacos-client-2.4.2.jar:na]
	at com.alibaba.nacos.client.naming.remote.gprc.NamingGrpcClientProxy.getServiceList(NamingGrpcClientProxy.java:368) ~[nacos-client-2.4.2.jar:na]
	at com.alibaba.nacos.client.naming.remote.NamingClientProxyDelegate.getServiceList(NamingClientProxyDelegate.java:159) ~[nacos-client-2.4.2.jar:na]
	at com.alibaba.nacos.client.naming.NacosNamingService.getServicesOfServer(NacosNamingService.java:515) ~[nacos-client-2.4.2.jar:na]
	at com.alibaba.nacos.client.naming.NacosNamingService.getServicesOfServer(NacosNamingService.java:503) ~[nacos-client-2.4.2.jar:na]
	at com.alibaba.cloud.nacos.discovery.NacosServiceDiscovery.getServices(NacosServiceDiscovery.java:70) ~[spring-cloud-starter-alibaba-nacos-discovery-2023.0.3.2.jar:2023.0.3.2]
	at com.alibaba.cloud.nacos.discovery.reactive.NacosReactiveDiscoveryClient.lambda$getServices$3(NacosReactiveDiscoveryClient.java:87) ~[spring-cloud-starter-alibaba-nacos-discovery-2023.0.3.2.jar:2023.0.3.2]
	at reactor.core.publisher.FluxDefer.subscribe(FluxDefer.java:46) ~[reactor-core-3.6.15.jar:3.6.15]
	at reactor.core.publisher.FluxSubscribeOn$SubscribeOnSubscriber.run(FluxSubscribeOn.java:194) ~[reactor-core-3.6.15.jar:3.6.15]
	at reactor.core.scheduler.WorkerTask.call(WorkerTask.java:84) ~[reactor-core-3.6.15.jar:3.6.15]
	at reactor.core.scheduler.WorkerTask.call(WorkerTask.java:37) ~[reactor-core-3.6.15.jar:3.6.15]
	at java.base/java.util.concurrent.FutureTask.run(FutureTask.java:317) ~[na:na]
	at java.base/java.util.concurrent.ScheduledThreadPoolExecutor$ScheduledFutureTask.run(ScheduledThreadPoolExecutor.java:304) ~[na:na]
	at java.base/java.util.concurrent.ThreadPoolExecutor.runWorker(ThreadPoolExecutor.java:1144) ~[na:na]
	at java.base/java.util.concurrent.ThreadPoolExecutor$Worker.run(ThreadPoolExecutor.java:642) ~[na:na]
	at java.base/java.lang.Thread.run(Thread.java:1583) ~[na:na]

2026-07-02T17:23:29.054+08:00 ERROR 15700 --- [gateway-server] [boundedElastic-5] c.a.c.n.d.r.NacosReactiveDiscoveryClient : get services from nacos server fail,

com.alibaba.nacos.api.exception.NacosException: Client not connected, current status:UNHEALTHY
	at com.alibaba.nacos.common.remote.client.RpcClient.request(RpcClient.java:645) ~[nacos-client-2.4.2.jar:na]
	at com.alibaba.nacos.common.remote.client.RpcClient.request(RpcClient.java:624) ~[nacos-client-2.4.2.jar:na]
	at com.alibaba.nacos.client.naming.remote.gprc.NamingGrpcClientProxy.requestToServer(NamingGrpcClientProxy.java:447) ~[nacos-client-2.4.2.jar:na]
	at com.alibaba.nacos.client.naming.remote.gprc.NamingGrpcClientProxy.getServiceList(NamingGrpcClientProxy.java:368) ~[nacos-client-2.4.2.jar:na]
	at com.alibaba.nacos.client.naming.remote.NamingClientProxyDelegate.getServiceList(NamingClientProxyDelegate.java:159) ~[nacos-client-2.4.2.jar:na]
	at com.alibaba.nacos.client.naming.NacosNamingService.getServicesOfServer(NacosNamingService.java:515) ~[nacos-client-2.4.2.jar:na]
	at com.alibaba.nacos.client.naming.NacosNamingService.getServicesOfServer(NacosNamingService.java:503) ~[nacos-client-2.4.2.jar:na]
	at com.alibaba.cloud.nacos.discovery.NacosServiceDiscovery.getServices(NacosServiceDiscovery.java:70) ~[spring-cloud-starter-alibaba-nacos-discovery-2023.0.3.2.jar:2023.0.3.2]
	at com.alibaba.cloud.nacos.discovery.reactive.NacosReactiveDiscoveryClient.lambda$getServices$3(NacosReactiveDiscoveryClient.java:87) ~[spring-cloud-starter-alibaba-nacos-discovery-2023.0.3.2.jar:2023.0.3.2]
	at reactor.core.publisher.FluxDefer.subscribe(FluxDefer.java:46) ~[reactor-core-3.6.15.jar:3.6.15]
	at reactor.core.publisher.FluxSubscribeOn$SubscribeOnSubscriber.run(FluxSubscribeOn.java:194) ~[reactor-core-3.6.15.jar:3.6.15]
	at reactor.core.scheduler.WorkerTask.call(WorkerTask.java:84) ~[reactor-core-3.6.15.jar:3.6.15]
	at reactor.core.scheduler.WorkerTask.call(WorkerTask.java:37) ~[reactor-core-3.6.15.jar:3.6.15]
	at java.base/java.util.concurrent.FutureTask.run(FutureTask.java:317) ~[na:na]
	at java.base/java.util.concurrent.ScheduledThreadPoolExecutor$ScheduledFutureTask.run(ScheduledThreadPoolExecutor.java:304) ~[na:na]
	at java.base/java.util.concurrent.ThreadPoolExecutor.runWorker(ThreadPoolExecutor.java:1144) ~[na:na]
	at java.base/java.util.concurrent.ThreadPoolExecutor$Worker.run(ThreadPoolExecutor.java:642) ~[na:na]
	at java.base/java.lang.Thread.run(Thread.java:1583) ~[na:na]

2026-07-02T17:23:59.063+08:00 ERROR 15700 --- [gateway-server] [boundedElastic-5] c.a.c.n.d.r.NacosReactiveDiscoveryClient : get services from nacos server fail,

com.alibaba.nacos.api.exception.NacosException: Client not connected, current status:UNHEALTHY
	at com.alibaba.nacos.common.remote.client.RpcClient.request(RpcClient.java:645) ~[nacos-client-2.4.2.jar:na]
	at com.alibaba.nacos.common.remote.client.RpcClient.request(RpcClient.java:624) ~[nacos-client-2.4.2.jar:na]
	at com.alibaba.nacos.client.naming.remote.gprc.NamingGrpcClientProxy.requestToServer(NamingGrpcClientProxy.java:447) ~[nacos-client-2.4.2.jar:na]
	at com.alibaba.nacos.client.naming.remote.gprc.NamingGrpcClientProxy.getServiceList(NamingGrpcClientProxy.java:368) ~[nacos-client-2.4.2.jar:na]
	at com.alibaba.nacos.client.naming.remote.NamingClientProxyDelegate.getServiceList(NamingClientProxyDelegate.java:159) ~[nacos-client-2.4.2.jar:na]
	at com.alibaba.nacos.client.naming.NacosNamingService.getServicesOfServer(NacosNamingService.java:515) ~[nacos-client-2.4.2.jar:na]
	at com.alibaba.nacos.client.naming.NacosNamingService.getServicesOfServer(NacosNamingService.java:503) ~[nacos-client-2.4.2.jar:na]
	at com.alibaba.cloud.nacos.discovery.NacosServiceDiscovery.getServices(NacosServiceDiscovery.java:70) ~[spring-cloud-starter-alibaba-nacos-discovery-2023.0.3.2.jar:2023.0.3.2]
	at com.alibaba.cloud.nacos.discovery.reactive.NacosReactiveDiscoveryClient.lambda$getServices$3(NacosReactiveDiscoveryClient.java:87) ~[spring-cloud-starter-alibaba-nacos-discovery-2023.0.3.2.jar:2023.0.3.2]
	at reactor.core.publisher.FluxDefer.subscribe(FluxDefer.java:46) ~[reactor-core-3.6.15.jar:3.6.15]
	at reactor.core.publisher.FluxSubscribeOn$SubscribeOnSubscriber.run(FluxSubscribeOn.java:194) ~[reactor-core-3.6.15.jar:3.6.15]
	at reactor.core.scheduler.WorkerTask.call(WorkerTask.java:84) ~[reactor-core-3.6.15.jar:3.6.15]
	at reactor.core.scheduler.WorkerTask.call(WorkerTask.java:37) ~[reactor-core-3.6.15.jar:3.6.15]
	at java.base/java.util.concurrent.FutureTask.run(FutureTask.java:317) ~[na:na]
	at java.base/java.util.concurrent.ScheduledThreadPoolExecutor$ScheduledFutureTask.run(ScheduledThreadPoolExecutor.java:304) ~[na:na]
	at java.base/java.util.concurrent.ThreadPoolExecutor.runWorker(ThreadPoolExecutor.java:1144) ~[na:na]
	at java.base/java.util.concurrent.ThreadPoolExecutor$Worker.run(ThreadPoolExecutor.java:642) ~[na:na]
	at java.base/java.lang.Thread.run(Thread.java:1583) ~[na:na]

2026-07-02T17:24:29.079+08:00 ERROR 15700 --- [gateway-server] [boundedElastic-5] c.a.c.n.d.r.NacosReactiveDiscoveryClient : get services from nacos server fail,

com.alibaba.nacos.api.exception.NacosException: Client not connected, current status:UNHEALTHY
	at com.alibaba.nacos.common.remote.client.RpcClient.request(RpcClient.java:645) ~[nacos-client-2.4.2.jar:na]
	at com.alibaba.nacos.common.remote.client.RpcClient.request(RpcClient.java:624) ~[nacos-client-2.4.2.jar:na]
	at com.alibaba.nacos.client.naming.remote.gprc.NamingGrpcClientProxy.requestToServer(NamingGrpcClientProxy.java:447) ~[nacos-client-2.4.2.jar:na]
	at com.alibaba.nacos.client.naming.remote.gprc.NamingGrpcClientProxy.getServiceList(NamingGrpcClientProxy.java:368) ~[nacos-client-2.4.2.jar:na]
	at com.alibaba.nacos.client.naming.remote.NamingClientProxyDelegate.getServiceList(NamingClientProxyDelegate.java:159) ~[nacos-client-2.4.2.jar:na]
	at com.alibaba.nacos.client.naming.NacosNamingService.getServicesOfServer(NacosNamingService.java:515) ~[nacos-client-2.4.2.jar:na]
	at com.alibaba.nacos.client.naming.NacosNamingService.getServicesOfServer(NacosNamingService.java:503) ~[nacos-client-2.4.2.jar:na]
	at com.alibaba.cloud.nacos.discovery.NacosServiceDiscovery.getServices(NacosServiceDiscovery.java:70) ~[spring-cloud-starter-alibaba-nacos-discovery-2023.0.3.2.jar:2023.0.3.2]
	at com.alibaba.cloud.nacos.discovery.reactive.NacosReactiveDiscoveryClient.lambda$getServices$3(NacosReactiveDiscoveryClient.java:87) ~[spring-cloud-starter-alibaba-nacos-discovery-2023.0.3.2.jar:2023.0.3.2]
	at reactor.core.publisher.FluxDefer.subscribe(FluxDefer.java:46) ~[reactor-core-3.6.15.jar:3.6.15]
	at reactor.core.publisher.FluxSubscribeOn$SubscribeOnSubscriber.run(FluxSubscribeOn.java:194) ~[reactor-core-3.6.15.jar:3.6.15]
	at reactor.core.scheduler.WorkerTask.call(WorkerTask.java:84) ~[reactor-core-3.6.15.jar:3.6.15]
	at reactor.core.scheduler.WorkerTask.call(WorkerTask.java:37) ~[reactor-core-3.6.15.jar:3.6.15]
	at java.base/java.util.concurrent.FutureTask.run(FutureTask.java:317) ~[na:na]
	at java.base/java.util.concurrent.ScheduledThreadPoolExecutor$ScheduledFutureTask.run(ScheduledThreadPoolExecutor.java:304) ~[na:na]
	at java.base/java.util.concurrent.ThreadPoolExecutor.runWorker(ThreadPoolExecutor.java:1144) ~[na:na]
	at java.base/java.util.concurrent.ThreadPoolExecutor$Worker.run(ThreadPoolExecutor.java:642) ~[na:na]
	at java.base/java.lang.Thread.run(Thread.java:1583) ~[na:na]

2026-07-02T17:24:59.084+08:00 ERROR 15700 --- [gateway-server] [boundedElastic-5] c.a.c.n.d.r.NacosReactiveDiscoveryClient : get services from nacos server fail,

com.alibaba.nacos.api.exception.NacosException: Client not connected, current status:UNHEALTHY
	at com.alibaba.nacos.common.remote.client.RpcClient.request(RpcClient.java:645) ~[nacos-client-2.4.2.jar:na]
	at com.alibaba.nacos.common.remote.client.RpcClient.request(RpcClient.java:624) ~[nacos-client-2.4.2.jar:na]
	at com.alibaba.nacos.client.naming.remote.gprc.NamingGrpcClientProxy.requestToServer(NamingGrpcClientProxy.java:447) ~[nacos-client-2.4.2.jar:na]
	at com.alibaba.nacos.client.naming.remote.gprc.NamingGrpcClientProxy.getServiceList(NamingGrpcClientProxy.java:368) ~[nacos-client-2.4.2.jar:na]
	at com.alibaba.nacos.client.naming.remote.NamingClientProxyDelegate.getServiceList(NamingClientProxyDelegate.java:159) ~[nacos-client-2.4.2.jar:na]
	at com.alibaba.nacos.client.naming.NacosNamingService.getServicesOfServer(NacosNamingService.java:515) ~[nacos-client-2.4.2.jar:na]
	at com.alibaba.nacos.client.naming.NacosNamingService.getServicesOfServer(NacosNamingService.java:503) ~[nacos-client-2.4.2.jar:na]
	at com.alibaba.cloud.nacos.discovery.NacosServiceDiscovery.getServices(NacosServiceDiscovery.java:70) ~[spring-cloud-starter-alibaba-nacos-discovery-2023.0.3.2.jar:2023.0.3.2]
	at com.alibaba.cloud.nacos.discovery.reactive.NacosReactiveDiscoveryClient.lambda$getServices$3(NacosReactiveDiscoveryClient.java:87) ~[spring-cloud-starter-alibaba-nacos-discovery-2023.0.3.2.jar:2023.0.3.2]
	at reactor.core.publisher.FluxDefer.subscribe(FluxDefer.java:46) ~[reactor-core-3.6.15.jar:3.6.15]
	at reactor.core.publisher.FluxSubscribeOn$SubscribeOnSubscriber.run(FluxSubscribeOn.java:194) ~[reactor-core-3.6.15.jar:3.6.15]
	at reactor.core.scheduler.WorkerTask.call(WorkerTask.java:84) ~[reactor-core-3.6.15.jar:3.6.15]
	at reactor.core.scheduler.WorkerTask.call(WorkerTask.java:37) ~[reactor-core-3.6.15.jar:3.6.15]
	at java.base/java.util.concurrent.FutureTask.run(FutureTask.java:317) ~[na:na]
	at java.base/java.util.concurrent.ScheduledThreadPoolExecutor$ScheduledFutureTask.run(ScheduledThreadPoolExecutor.java:304) ~[na:na]
	at java.base/java.util.concurrent.ThreadPoolExecutor.runWorker(ThreadPoolExecutor.java:1144) ~[na:na]
	at java.base/java.util.concurrent.ThreadPoolExecutor$Worker.run(ThreadPoolExecutor.java:642) ~[na:na]
	at java.base/java.lang.Thread.run(Thread.java:1583) ~[na:na]

2026-07-02T17:25:29.083+08:00 ERROR 15700 --- [gateway-server] [boundedElastic-5] c.a.c.n.d.r.NacosReactiveDiscoveryClient : get services from nacos server fail,

com.alibaba.nacos.api.exception.NacosException: Client not connected, current status:UNHEALTHY
	at com.alibaba.nacos.common.remote.client.RpcClient.request(RpcClient.java:645) ~[nacos-client-2.4.2.jar:na]
	at com.alibaba.nacos.common.remote.client.RpcClient.request(RpcClient.java:624) ~[nacos-client-2.4.2.jar:na]
	at com.alibaba.nacos.client.naming.remote.gprc.NamingGrpcClientProxy.requestToServer(NamingGrpcClientProxy.java:447) ~[nacos-client-2.4.2.jar:na]
	at com.alibaba.nacos.client.naming.remote.gprc.NamingGrpcClientProxy.getServiceList(NamingGrpcClientProxy.java:368) ~[nacos-client-2.4.2.jar:na]
	at com.alibaba.nacos.client.naming.remote.NamingClientProxyDelegate.getServiceList(NamingClientProxyDelegate.java:159) ~[nacos-client-2.4.2.jar:na]
	at com.alibaba.nacos.client.naming.NacosNamingService.getServicesOfServer(NacosNamingService.java:515) ~[nacos-client-2.4.2.jar:na]
	at com.alibaba.nacos.client.naming.NacosNamingService.getServicesOfServer(NacosNamingService.java:503) ~[nacos-client-2.4.2.jar:na]
	at com.alibaba.cloud.nacos.discovery.NacosServiceDiscovery.getServices(NacosServiceDiscovery.java:70) ~[spring-cloud-starter-alibaba-nacos-discovery-2023.0.3.2.jar:2023.0.3.2]
	at com.alibaba.cloud.nacos.discovery.reactive.NacosReactiveDiscoveryClient.lambda$getServices$3(NacosReactiveDiscoveryClient.java:87) ~[spring-cloud-starter-alibaba-nacos-discovery-2023.0.3.2.jar:2023.0.3.2]
	at reactor.core.publisher.FluxDefer.subscribe(FluxDefer.java:46) ~[reactor-core-3.6.15.jar:3.6.15]
	at reactor.core.publisher.FluxSubscribeOn$SubscribeOnSubscriber.run(FluxSubscribeOn.java:194) ~[reactor-core-3.6.15.jar:3.6.15]
	at reactor.core.scheduler.WorkerTask.call(WorkerTask.java:84) ~[reactor-core-3.6.15.jar:3.6.15]
	at reactor.core.scheduler.WorkerTask.call(WorkerTask.java:37) ~[reactor-core-3.6.15.jar:3.6.15]
	at java.base/java.util.concurrent.FutureTask.run(FutureTask.java:317) ~[na:na]
	at java.base/java.util.concurrent.ScheduledThreadPoolExecutor$ScheduledFutureTask.run(ScheduledThreadPoolExecutor.java:304) ~[na:na]
	at java.base/java.util.concurrent.ThreadPoolExecutor.runWorker(ThreadPoolExecutor.java:1144) ~[na:na]
	at java.base/java.util.concurrent.ThreadPoolExecutor$Worker.run(ThreadPoolExecutor.java:642) ~[na:na]
	at java.base/java.lang.Thread.run(Thread.java:1583) ~[na:na]

2026-07-02T17:25:59.089+08:00 ERROR 15700 --- [gateway-server] [boundedElastic-5] c.a.c.n.d.r.NacosReactiveDiscoveryClient : get services from nacos server fail,

com.alibaba.nacos.api.exception.NacosException: Client not connected, current status:UNHEALTHY
	at com.alibaba.nacos.common.remote.client.RpcClient.request(RpcClient.java:645) ~[nacos-client-2.4.2.jar:na]
	at com.alibaba.nacos.common.remote.client.RpcClient.request(RpcClient.java:624) ~[nacos-client-2.4.2.jar:na]
	at com.alibaba.nacos.client.naming.remote.gprc.NamingGrpcClientProxy.requestToServer(NamingGrpcClientProxy.java:447) ~[nacos-client-2.4.2.jar:na]
	at com.alibaba.nacos.client.naming.remote.gprc.NamingGrpcClientProxy.getServiceList(NamingGrpcClientProxy.java:368) ~[nacos-client-2.4.2.jar:na]
	at com.alibaba.nacos.client.naming.remote.NamingClientProxyDelegate.getServiceList(NamingClientProxyDelegate.java:159) ~[nacos-client-2.4.2.jar:na]
	at com.alibaba.nacos.client.naming.NacosNamingService.getServicesOfServer(NacosNamingService.java:515) ~[nacos-client-2.4.2.jar:na]
	at com.alibaba.nacos.client.naming.NacosNamingService.getServicesOfServer(NacosNamingService.java:503) ~[nacos-client-2.4.2.jar:na]
	at com.alibaba.cloud.nacos.discovery.NacosServiceDiscovery.getServices(NacosServiceDiscovery.java:70) ~[spring-cloud-starter-alibaba-nacos-discovery-2023.0.3.2.jar:2023.0.3.2]
	at com.alibaba.cloud.nacos.discovery.reactive.NacosReactiveDiscoveryClient.lambda$getServices$3(NacosReactiveDiscoveryClient.java:87) ~[spring-cloud-starter-alibaba-nacos-discovery-2023.0.3.2.jar:2023.0.3.2]
	at reactor.core.publisher.FluxDefer.subscribe(FluxDefer.java:46) ~[reactor-core-3.6.15.jar:3.6.15]
	at reactor.core.publisher.FluxSubscribeOn$SubscribeOnSubscriber.run(FluxSubscribeOn.java:194) ~[reactor-core-3.6.15.jar:3.6.15]
	at reactor.core.scheduler.WorkerTask.call(WorkerTask.java:84) ~[reactor-core-3.6.15.jar:3.6.15]
	at reactor.core.scheduler.WorkerTask.call(WorkerTask.java:37) ~[reactor-core-3.6.15.jar:3.6.15]
	at java.base/java.util.concurrent.FutureTask.run(FutureTask.java:317) ~[na:na]
	at java.base/java.util.concurrent.ScheduledThreadPoolExecutor$ScheduledFutureTask.run(ScheduledThreadPoolExecutor.java:304) ~[na:na]
	at java.base/java.util.concurrent.ThreadPoolExecutor.runWorker(ThreadPoolExecutor.java:1144) ~[na:na]
	at java.base/java.util.concurrent.ThreadPoolExecutor$Worker.run(ThreadPoolExecutor.java:642) ~[na:na]
	at java.base/java.lang.Thread.run(Thread.java:1583) ~[na:na]

2026-07-02T17:26:29.102+08:00 ERROR 15700 --- [gateway-server] [boundedElastic-5] c.a.c.n.d.r.NacosReactiveDiscoveryClient : get services from nacos server fail,

com.alibaba.nacos.api.exception.NacosException: Client not connected, current status:UNHEALTHY
	at com.alibaba.nacos.common.remote.client.RpcClient.request(RpcClient.java:645) ~[nacos-client-2.4.2.jar:na]
	at com.alibaba.nacos.common.remote.client.RpcClient.request(RpcClient.java:624) ~[nacos-client-2.4.2.jar:na]
	at com.alibaba.nacos.client.naming.remote.gprc.NamingGrpcClientProxy.requestToServer(NamingGrpcClientProxy.java:447) ~[nacos-client-2.4.2.jar:na]
	at com.alibaba.nacos.client.naming.remote.gprc.NamingGrpcClientProxy.getServiceList(NamingGrpcClientProxy.java:368) ~[nacos-client-2.4.2.jar:na]
	at com.alibaba.nacos.client.naming.remote.NamingClientProxyDelegate.getServiceList(NamingClientProxyDelegate.java:159) ~[nacos-client-2.4.2.jar:na]
	at com.alibaba.nacos.client.naming.NacosNamingService.getServicesOfServer(NacosNamingService.java:515) ~[nacos-client-2.4.2.jar:na]
	at com.alibaba.nacos.client.naming.NacosNamingService.getServicesOfServer(NacosNamingService.java:503) ~[nacos-client-2.4.2.jar:na]
	at com.alibaba.cloud.nacos.discovery.NacosServiceDiscovery.getServices(NacosServiceDiscovery.java:70) ~[spring-cloud-starter-alibaba-nacos-discovery-2023.0.3.2.jar:2023.0.3.2]
	at com.alibaba.cloud.nacos.discovery.reactive.NacosReactiveDiscoveryClient.lambda$getServices$3(NacosReactiveDiscoveryClient.java:87) ~[spring-cloud-starter-alibaba-nacos-discovery-2023.0.3.2.jar:2023.0.3.2]
	at reactor.core.publisher.FluxDefer.subscribe(FluxDefer.java:46) ~[reactor-core-3.6.15.jar:3.6.15]
	at reactor.core.publisher.FluxSubscribeOn$SubscribeOnSubscriber.run(FluxSubscribeOn.java:194) ~[reactor-core-3.6.15.jar:3.6.15]
	at reactor.core.scheduler.WorkerTask.call(WorkerTask.java:84) ~[reactor-core-3.6.15.jar:3.6.15]
	at reactor.core.scheduler.WorkerTask.call(WorkerTask.java:37) ~[reactor-core-3.6.15.jar:3.6.15]
	at java.base/java.util.concurrent.FutureTask.run(FutureTask.java:317) ~[na:na]
	at java.base/java.util.concurrent.ScheduledThreadPoolExecutor$ScheduledFutureTask.run(ScheduledThreadPoolExecutor.java:304) ~[na:na]
	at java.base/java.util.concurrent.ThreadPoolExecutor.runWorker(ThreadPoolExecutor.java:1144) ~[na:na]
	at java.base/java.util.concurrent.ThreadPoolExecutor$Worker.run(ThreadPoolExecutor.java:642) ~[na:na]
	at java.base/java.lang.Thread.run(Thread.java:1583) ~[na:na]

2026-07-02T17:26:59.114+08:00 ERROR 15700 --- [gateway-server] [boundedElastic-5] c.a.c.n.d.r.NacosReactiveDiscoveryClient : get services from nacos server fail,

com.alibaba.nacos.api.exception.NacosException: Client not connected, current status:UNHEALTHY
	at com.alibaba.nacos.common.remote.client.RpcClient.request(RpcClient.java:645) ~[nacos-client-2.4.2.jar:na]
	at com.alibaba.nacos.common.remote.client.RpcClient.request(RpcClient.java:624) ~[nacos-client-2.4.2.jar:na]
	at com.alibaba.nacos.client.naming.remote.gprc.NamingGrpcClientProxy.requestToServer(NamingGrpcClientProxy.java:447) ~[nacos-client-2.4.2.jar:na]
	at com.alibaba.nacos.client.naming.remote.gprc.NamingGrpcClientProxy.getServiceList(NamingGrpcClientProxy.java:368) ~[nacos-client-2.4.2.jar:na]
	at com.alibaba.nacos.client.naming.remote.NamingClientProxyDelegate.getServiceList(NamingClientProxyDelegate.java:159) ~[nacos-client-2.4.2.jar:na]
	at com.alibaba.nacos.client.naming.NacosNamingService.getServicesOfServer(NacosNamingService.java:515) ~[nacos-client-2.4.2.jar:na]
	at com.alibaba.nacos.client.naming.NacosNamingService.getServicesOfServer(NacosNamingService.java:503) ~[nacos-client-2.4.2.jar:na]
	at com.alibaba.cloud.nacos.discovery.NacosServiceDiscovery.getServices(NacosServiceDiscovery.java:70) ~[spring-cloud-starter-alibaba-nacos-discovery-2023.0.3.2.jar:2023.0.3.2]
	at com.alibaba.cloud.nacos.discovery.reactive.NacosReactiveDiscoveryClient.lambda$getServices$3(NacosReactiveDiscoveryClient.java:87) ~[spring-cloud-starter-alibaba-nacos-discovery-2023.0.3.2.jar:2023.0.3.2]
	at reactor.core.publisher.FluxDefer.subscribe(FluxDefer.java:46) ~[reactor-core-3.6.15.jar:3.6.15]
	at reactor.core.publisher.FluxSubscribeOn$SubscribeOnSubscriber.run(FluxSubscribeOn.java:194) ~[reactor-core-3.6.15.jar:3.6.15]
	at reactor.core.scheduler.WorkerTask.call(WorkerTask.java:84) ~[reactor-core-3.6.15.jar:3.6.15]
	at reactor.core.scheduler.WorkerTask.call(WorkerTask.java:37) ~[reactor-core-3.6.15.jar:3.6.15]
	at java.base/java.util.concurrent.FutureTask.run(FutureTask.java:317) ~[na:na]
	at java.base/java.util.concurrent.ScheduledThreadPoolExecutor$ScheduledFutureTask.run(ScheduledThreadPoolExecutor.java:304) ~[na:na]
	at java.base/java.util.concurrent.ThreadPoolExecutor.runWorker(ThreadPoolExecutor.java:1144) ~[na:na]
	at java.base/java.util.concurrent.ThreadPoolExecutor$Worker.run(ThreadPoolExecutor.java:642) ~[na:na]
	at java.base/java.lang.Thread.run(Thread.java:1583) ~[na:na]

2026-07-02T17:27:29.121+08:00 ERROR 15700 --- [gateway-server] [boundedElastic-5] c.a.c.n.d.r.NacosReactiveDiscoveryClient : get services from nacos server fail,

com.alibaba.nacos.api.exception.NacosException: Client not connected, current status:UNHEALTHY
	at com.alibaba.nacos.common.remote.client.RpcClient.request(RpcClient.java:645) ~[nacos-client-2.4.2.jar:na]
	at com.alibaba.nacos.common.remote.client.RpcClient.request(RpcClient.java:624) ~[nacos-client-2.4.2.jar:na]
	at com.alibaba.nacos.client.naming.remote.gprc.NamingGrpcClientProxy.requestToServer(NamingGrpcClientProxy.java:447) ~[nacos-client-2.4.2.jar:na]
	at com.alibaba.nacos.client.naming.remote.gprc.NamingGrpcClientProxy.getServiceList(NamingGrpcClientProxy.java:368) ~[nacos-client-2.4.2.jar:na]
	at com.alibaba.nacos.client.naming.remote.NamingClientProxyDelegate.getServiceList(NamingClientProxyDelegate.java:159) ~[nacos-client-2.4.2.jar:na]
	at com.alibaba.nacos.client.naming.NacosNamingService.getServicesOfServer(NacosNamingService.java:515) ~[nacos-client-2.4.2.jar:na]
	at com.alibaba.nacos.client.naming.NacosNamingService.getServicesOfServer(NacosNamingService.java:503) ~[nacos-client-2.4.2.jar:na]
	at com.alibaba.cloud.nacos.discovery.NacosServiceDiscovery.getServices(NacosServiceDiscovery.java:70) ~[spring-cloud-starter-alibaba-nacos-discovery-2023.0.3.2.jar:2023.0.3.2]
	at com.alibaba.cloud.nacos.discovery.reactive.NacosReactiveDiscoveryClient.lambda$getServices$3(NacosReactiveDiscoveryClient.java:87) ~[spring-cloud-starter-alibaba-nacos-discovery-2023.0.3.2.jar:2023.0.3.2]
	at reactor.core.publisher.FluxDefer.subscribe(FluxDefer.java:46) ~[reactor-core-3.6.15.jar:3.6.15]
	at reactor.core.publisher.FluxSubscribeOn$SubscribeOnSubscriber.run(FluxSubscribeOn.java:194) ~[reactor-core-3.6.15.jar:3.6.15]
	at reactor.core.scheduler.WorkerTask.call(WorkerTask.java:84) ~[reactor-core-3.6.15.jar:3.6.15]
	at reactor.core.scheduler.WorkerTask.call(WorkerTask.java:37) ~[reactor-core-3.6.15.jar:3.6.15]
	at java.base/java.util.concurrent.FutureTask.run(FutureTask.java:317) ~[na:na]
	at java.base/java.util.concurrent.ScheduledThreadPoolExecutor$ScheduledFutureTask.run(ScheduledThreadPoolExecutor.java:304) ~[na:na]
	at java.base/java.util.concurrent.ThreadPoolExecutor.runWorker(ThreadPoolExecutor.java:1144) ~[na:na]
	at java.base/java.util.concurrent.ThreadPoolExecutor$Worker.run(ThreadPoolExecutor.java:642) ~[na:na]
	at java.base/java.lang.Thread.run(Thread.java:1583) ~[na:na]

2026-07-02T17:27:59.123+08:00 ERROR 15700 --- [gateway-server] [boundedElastic-5] c.a.c.n.d.r.NacosReactiveDiscoveryClient : get services from nacos server fail,

com.alibaba.nacos.api.exception.NacosException: Client not connected, current status:UNHEALTHY
	at com.alibaba.nacos.common.remote.client.RpcClient.request(RpcClient.java:645) ~[nacos-client-2.4.2.jar:na]
	at com.alibaba.nacos.common.remote.client.RpcClient.request(RpcClient.java:624) ~[nacos-client-2.4.2.jar:na]
	at com.alibaba.nacos.client.naming.remote.gprc.NamingGrpcClientProxy.requestToServer(NamingGrpcClientProxy.java:447) ~[nacos-client-2.4.2.jar:na]
	at com.alibaba.nacos.client.naming.remote.gprc.NamingGrpcClientProxy.getServiceList(NamingGrpcClientProxy.java:368) ~[nacos-client-2.4.2.jar:na]
	at com.alibaba.nacos.client.naming.remote.NamingClientProxyDelegate.getServiceList(NamingClientProxyDelegate.java:159) ~[nacos-client-2.4.2.jar:na]
	at com.alibaba.nacos.client.naming.NacosNamingService.getServicesOfServer(NacosNamingService.java:515) ~[nacos-client-2.4.2.jar:na]
	at com.alibaba.nacos.client.naming.NacosNamingService.getServicesOfServer(NacosNamingService.java:503) ~[nacos-client-2.4.2.jar:na]
	at com.alibaba.cloud.nacos.discovery.NacosServiceDiscovery.getServices(NacosServiceDiscovery.java:70) ~[spring-cloud-starter-alibaba-nacos-discovery-2023.0.3.2.jar:2023.0.3.2]
	at com.alibaba.cloud.nacos.discovery.reactive.NacosReactiveDiscoveryClient.lambda$getServices$3(NacosReactiveDiscoveryClient.java:87) ~[spring-cloud-starter-alibaba-nacos-discovery-2023.0.3.2.jar:2023.0.3.2]
	at reactor.core.publisher.FluxDefer.subscribe(FluxDefer.java:46) ~[reactor-core-3.6.15.jar:3.6.15]
	at reactor.core.publisher.FluxSubscribeOn$SubscribeOnSubscriber.run(FluxSubscribeOn.java:194) ~[reactor-core-3.6.15.jar:3.6.15]
	at reactor.core.scheduler.WorkerTask.call(WorkerTask.java:84) ~[reactor-core-3.6.15.jar:3.6.15]
	at reactor.core.scheduler.WorkerTask.call(WorkerTask.java:37) ~[reactor-core-3.6.15.jar:3.6.15]
	at java.base/java.util.concurrent.FutureTask.run(FutureTask.java:317) ~[na:na]
	at java.base/java.util.concurrent.ScheduledThreadPoolExecutor$ScheduledFutureTask.run(ScheduledThreadPoolExecutor.java:304) ~[na:na]
	at java.base/java.util.concurrent.ThreadPoolExecutor.runWorker(ThreadPoolExecutor.java:1144) ~[na:na]
	at java.base/java.util.concurrent.ThreadPoolExecutor$Worker.run(ThreadPoolExecutor.java:642) ~[na:na]
	at java.base/java.lang.Thread.run(Thread.java:1583) ~[na:na]

2026-07-02T17:28:29.127+08:00 ERROR 15700 --- [gateway-server] [boundedElastic-5] c.a.c.n.d.r.NacosReactiveDiscoveryClient : get services from nacos server fail,

com.alibaba.nacos.api.exception.NacosException: Client not connected, current status:UNHEALTHY
	at com.alibaba.nacos.common.remote.client.RpcClient.request(RpcClient.java:645) ~[nacos-client-2.4.2.jar:na]
	at com.alibaba.nacos.common.remote.client.RpcClient.request(RpcClient.java:624) ~[nacos-client-2.4.2.jar:na]
	at com.alibaba.nacos.client.naming.remote.gprc.NamingGrpcClientProxy.requestToServer(NamingGrpcClientProxy.java:447) ~[nacos-client-2.4.2.jar:na]
	at com.alibaba.nacos.client.naming.remote.gprc.NamingGrpcClientProxy.getServiceList(NamingGrpcClientProxy.java:368) ~[nacos-client-2.4.2.jar:na]
	at com.alibaba.nacos.client.naming.remote.NamingClientProxyDelegate.getServiceList(NamingClientProxyDelegate.java:159) ~[nacos-client-2.4.2.jar:na]
	at com.alibaba.nacos.client.naming.NacosNamingService.getServicesOfServer(NacosNamingService.java:515) ~[nacos-client-2.4.2.jar:na]
	at com.alibaba.nacos.client.naming.NacosNamingService.getServicesOfServer(NacosNamingService.java:503) ~[nacos-client-2.4.2.jar:na]
	at com.alibaba.cloud.nacos.discovery.NacosServiceDiscovery.getServices(NacosServiceDiscovery.java:70) ~[spring-cloud-starter-alibaba-nacos-discovery-2023.0.3.2.jar:2023.0.3.2]
	at com.alibaba.cloud.nacos.discovery.reactive.NacosReactiveDiscoveryClient.lambda$getServices$3(NacosReactiveDiscoveryClient.java:87) ~[spring-cloud-starter-alibaba-nacos-discovery-2023.0.3.2.jar:2023.0.3.2]
	at reactor.core.publisher.FluxDefer.subscribe(FluxDefer.java:46) ~[reactor-core-3.6.15.jar:3.6.15]
	at reactor.core.publisher.FluxSubscribeOn$SubscribeOnSubscriber.run(FluxSubscribeOn.java:194) ~[reactor-core-3.6.15.jar:3.6.15]
	at reactor.core.scheduler.WorkerTask.call(WorkerTask.java:84) ~[reactor-core-3.6.15.jar:3.6.15]
	at reactor.core.scheduler.WorkerTask.call(WorkerTask.java:37) ~[reactor-core-3.6.15.jar:3.6.15]
	at java.base/java.util.concurrent.FutureTask.run(FutureTask.java:317) ~[na:na]
	at java.base/java.util.concurrent.ScheduledThreadPoolExecutor$ScheduledFutureTask.run(ScheduledThreadPoolExecutor.java:304) ~[na:na]
	at java.base/java.util.concurrent.ThreadPoolExecutor.runWorker(ThreadPoolExecutor.java:1144) ~[na:na]
	at java.base/java.util.concurrent.ThreadPoolExecutor$Worker.run(ThreadPoolExecutor.java:642) ~[na:na]
	at java.base/java.lang.Thread.run(Thread.java:1583) ~[na:na]

2026-07-02T17:28:59.146+08:00 ERROR 15700 --- [gateway-server] [boundedElastic-5] c.a.c.n.d.r.NacosReactiveDiscoveryClient : get services from nacos server fail,

com.alibaba.nacos.api.exception.NacosException: Client not connected, current status:UNHEALTHY
	at com.alibaba.nacos.common.remote.client.RpcClient.request(RpcClient.java:645) ~[nacos-client-2.4.2.jar:na]
	at com.alibaba.nacos.common.remote.client.RpcClient.request(RpcClient.java:624) ~[nacos-client-2.4.2.jar:na]
	at com.alibaba.nacos.client.naming.remote.gprc.NamingGrpcClientProxy.requestToServer(NamingGrpcClientProxy.java:447) ~[nacos-client-2.4.2.jar:na]
	at com.alibaba.nacos.client.naming.remote.gprc.NamingGrpcClientProxy.getServiceList(NamingGrpcClientProxy.java:368) ~[nacos-client-2.4.2.jar:na]
	at com.alibaba.nacos.client.naming.remote.NamingClientProxyDelegate.getServiceList(NamingClientProxyDelegate.java:159) ~[nacos-client-2.4.2.jar:na]
	at com.alibaba.nacos.client.naming.NacosNamingService.getServicesOfServer(NacosNamingService.java:515) ~[nacos-client-2.4.2.jar:na]
	at com.alibaba.nacos.client.naming.NacosNamingService.getServicesOfServer(NacosNamingService.java:503) ~[nacos-client-2.4.2.jar:na]
	at com.alibaba.cloud.nacos.discovery.NacosServiceDiscovery.getServices(NacosServiceDiscovery.java:70) ~[spring-cloud-starter-alibaba-nacos-discovery-2023.0.3.2.jar:2023.0.3.2]
	at com.alibaba.cloud.nacos.discovery.reactive.NacosReactiveDiscoveryClient.lambda$getServices$3(NacosReactiveDiscoveryClient.java:87) ~[spring-cloud-starter-alibaba-nacos-discovery-2023.0.3.2.jar:2023.0.3.2]
	at reactor.core.publisher.FluxDefer.subscribe(FluxDefer.java:46) ~[reactor-core-3.6.15.jar:3.6.15]
	at reactor.core.publisher.FluxSubscribeOn$SubscribeOnSubscriber.run(FluxSubscribeOn.java:194) ~[reactor-core-3.6.15.jar:3.6.15]
	at reactor.core.scheduler.WorkerTask.call(WorkerTask.java:84) ~[reactor-core-3.6.15.jar:3.6.15]
	at reactor.core.scheduler.WorkerTask.call(WorkerTask.java:37) ~[reactor-core-3.6.15.jar:3.6.15]
	at java.base/java.util.concurrent.FutureTask.run(FutureTask.java:317) ~[na:na]
	at java.base/java.util.concurrent.ScheduledThreadPoolExecutor$ScheduledFutureTask.run(ScheduledThreadPoolExecutor.java:304) ~[na:na]
	at java.base/java.util.concurrent.ThreadPoolExecutor.runWorker(ThreadPoolExecutor.java:1144) ~[na:na]
	at java.base/java.util.concurrent.ThreadPoolExecutor$Worker.run(ThreadPoolExecutor.java:642) ~[na:na]
	at java.base/java.lang.Thread.run(Thread.java:1583) ~[na:na]

2026-07-02T17:29:29.145+08:00 ERROR 15700 --- [gateway-server] [boundedElastic-5] c.a.c.n.d.r.NacosReactiveDiscoveryClient : get services from nacos server fail,

com.alibaba.nacos.api.exception.NacosException: Client not connected, current status:UNHEALTHY
	at com.alibaba.nacos.common.remote.client.RpcClient.request(RpcClient.java:645) ~[nacos-client-2.4.2.jar:na]
	at com.alibaba.nacos.common.remote.client.RpcClient.request(RpcClient.java:624) ~[nacos-client-2.4.2.jar:na]
	at com.alibaba.nacos.client.naming.remote.gprc.NamingGrpcClientProxy.requestToServer(NamingGrpcClientProxy.java:447) ~[nacos-client-2.4.2.jar:na]
	at com.alibaba.nacos.client.naming.remote.gprc.NamingGrpcClientProxy.getServiceList(NamingGrpcClientProxy.java:368) ~[nacos-client-2.4.2.jar:na]
	at com.alibaba.nacos.client.naming.remote.NamingClientProxyDelegate.getServiceList(NamingClientProxyDelegate.java:159) ~[nacos-client-2.4.2.jar:na]
	at com.alibaba.nacos.client.naming.NacosNamingService.getServicesOfServer(NacosNamingService.java:515) ~[nacos-client-2.4.2.jar:na]
	at com.alibaba.nacos.client.naming.NacosNamingService.getServicesOfServer(NacosNamingService.java:503) ~[nacos-client-2.4.2.jar:na]
	at com.alibaba.cloud.nacos.discovery.NacosServiceDiscovery.getServices(NacosServiceDiscovery.java:70) ~[spring-cloud-starter-alibaba-nacos-discovery-2023.0.3.2.jar:2023.0.3.2]
	at com.alibaba.cloud.nacos.discovery.reactive.NacosReactiveDiscoveryClient.lambda$getServices$3(NacosReactiveDiscoveryClient.java:87) ~[spring-cloud-starter-alibaba-nacos-discovery-2023.0.3.2.jar:2023.0.3.2]
	at reactor.core.publisher.FluxDefer.subscribe(FluxDefer.java:46) ~[reactor-core-3.6.15.jar:3.6.15]
	at reactor.core.publisher.FluxSubscribeOn$SubscribeOnSubscriber.run(FluxSubscribeOn.java:194) ~[reactor-core-3.6.15.jar:3.6.15]
	at reactor.core.scheduler.WorkerTask.call(WorkerTask.java:84) ~[reactor-core-3.6.15.jar:3.6.15]
	at reactor.core.scheduler.WorkerTask.call(WorkerTask.java:37) ~[reactor-core-3.6.15.jar:3.6.15]
	at java.base/java.util.concurrent.FutureTask.run(FutureTask.java:317) ~[na:na]
	at java.base/java.util.concurrent.ScheduledThreadPoolExecutor$ScheduledFutureTask.run(ScheduledThreadPoolExecutor.java:304) ~[na:na]
	at java.base/java.util.concurrent.ThreadPoolExecutor.runWorker(ThreadPoolExecutor.java:1144) ~[na:na]
	at java.base/java.util.concurrent.ThreadPoolExecutor$Worker.run(ThreadPoolExecutor.java:642) ~[na:na]
	at java.base/java.lang.Thread.run(Thread.java:1583) ~[na:na]

2026-07-02T17:29:59.155+08:00 ERROR 15700 --- [gateway-server] [boundedElastic-5] c.a.c.n.d.r.NacosReactiveDiscoveryClient : get services from nacos server fail,

com.alibaba.nacos.api.exception.NacosException: Client not connected, current status:UNHEALTHY
	at com.alibaba.nacos.common.remote.client.RpcClient.request(RpcClient.java:645) ~[nacos-client-2.4.2.jar:na]
	at com.alibaba.nacos.common.remote.client.RpcClient.request(RpcClient.java:624) ~[nacos-client-2.4.2.jar:na]
	at com.alibaba.nacos.client.naming.remote.gprc.NamingGrpcClientProxy.requestToServer(NamingGrpcClientProxy.java:447) ~[nacos-client-2.4.2.jar:na]
	at com.alibaba.nacos.client.naming.remote.gprc.NamingGrpcClientProxy.getServiceList(NamingGrpcClientProxy.java:368) ~[nacos-client-2.4.2.jar:na]
	at com.alibaba.nacos.client.naming.remote.NamingClientProxyDelegate.getServiceList(NamingClientProxyDelegate.java:159) ~[nacos-client-2.4.2.jar:na]
	at com.alibaba.nacos.client.naming.NacosNamingService.getServicesOfServer(NacosNamingService.java:515) ~[nacos-client-2.4.2.jar:na]
	at com.alibaba.nacos.client.naming.NacosNamingService.getServicesOfServer(NacosNamingService.java:503) ~[nacos-client-2.4.2.jar:na]
	at com.alibaba.cloud.nacos.discovery.NacosServiceDiscovery.getServices(NacosServiceDiscovery.java:70) ~[spring-cloud-starter-alibaba-nacos-discovery-2023.0.3.2.jar:2023.0.3.2]
	at com.alibaba.cloud.nacos.discovery.reactive.NacosReactiveDiscoveryClient.lambda$getServices$3(NacosReactiveDiscoveryClient.java:87) ~[spring-cloud-starter-alibaba-nacos-discovery-2023.0.3.2.jar:2023.0.3.2]
	at reactor.core.publisher.FluxDefer.subscribe(FluxDefer.java:46) ~[reactor-core-3.6.15.jar:3.6.15]
	at reactor.core.publisher.FluxSubscribeOn$SubscribeOnSubscriber.run(FluxSubscribeOn.java:194) ~[reactor-core-3.6.15.jar:3.6.15]
	at reactor.core.scheduler.WorkerTask.call(WorkerTask.java:84) ~[reactor-core-3.6.15.jar:3.6.15]
	at reactor.core.scheduler.WorkerTask.call(WorkerTask.java:37) ~[reactor-core-3.6.15.jar:3.6.15]
	at java.base/java.util.concurrent.FutureTask.run(FutureTask.java:317) ~[na:na]
	at java.base/java.util.concurrent.ScheduledThreadPoolExecutor$ScheduledFutureTask.run(ScheduledThreadPoolExecutor.java:304) ~[na:na]
	at java.base/java.util.concurrent.ThreadPoolExecutor.runWorker(ThreadPoolExecutor.java:1144) ~[na:na]
	at java.base/java.util.concurrent.ThreadPoolExecutor$Worker.run(ThreadPoolExecutor.java:642) ~[na:na]
	at java.base/java.lang.Thread.run(Thread.java:1583) ~[na:na]

2026-07-02T17:30:29.163+08:00 ERROR 15700 --- [gateway-server] [boundedElastic-5] c.a.c.n.d.r.NacosReactiveDiscoveryClient : get services from nacos server fail,

com.alibaba.nacos.api.exception.NacosException: Client not connected, current status:UNHEALTHY
	at com.alibaba.nacos.common.remote.client.RpcClient.request(RpcClient.java:645) ~[nacos-client-2.4.2.jar:na]
	at com.alibaba.nacos.common.remote.client.RpcClient.request(RpcClient.java:624) ~[nacos-client-2.4.2.jar:na]
	at com.alibaba.nacos.client.naming.remote.gprc.NamingGrpcClientProxy.requestToServer(NamingGrpcClientProxy.java:447) ~[nacos-client-2.4.2.jar:na]
	at com.alibaba.nacos.client.naming.remote.gprc.NamingGrpcClientProxy.getServiceList(NamingGrpcClientProxy.java:368) ~[nacos-client-2.4.2.jar:na]
	at com.alibaba.nacos.client.naming.remote.NamingClientProxyDelegate.getServiceList(NamingClientProxyDelegate.java:159) ~[nacos-client-2.4.2.jar:na]
	at com.alibaba.nacos.client.naming.NacosNamingService.getServicesOfServer(NacosNamingService.java:515) ~[nacos-client-2.4.2.jar:na]
	at com.alibaba.nacos.client.naming.NacosNamingService.getServicesOfServer(NacosNamingService.java:503) ~[nacos-client-2.4.2.jar:na]
	at com.alibaba.cloud.nacos.discovery.NacosServiceDiscovery.getServices(NacosServiceDiscovery.java:70) ~[spring-cloud-starter-alibaba-nacos-discovery-2023.0.3.2.jar:2023.0.3.2]
	at com.alibaba.cloud.nacos.discovery.reactive.NacosReactiveDiscoveryClient.lambda$getServices$3(NacosReactiveDiscoveryClient.java:87) ~[spring-cloud-starter-alibaba-nacos-discovery-2023.0.3.2.jar:2023.0.3.2]
	at reactor.core.publisher.FluxDefer.subscribe(FluxDefer.java:46) ~[reactor-core-3.6.15.jar:3.6.15]
	at reactor.core.publisher.FluxSubscribeOn$SubscribeOnSubscriber.run(FluxSubscribeOn.java:194) ~[reactor-core-3.6.15.jar:3.6.15]
	at reactor.core.scheduler.WorkerTask.call(WorkerTask.java:84) ~[reactor-core-3.6.15.jar:3.6.15]
	at reactor.core.scheduler.WorkerTask.call(WorkerTask.java:37) ~[reactor-core-3.6.15.jar:3.6.15]
	at java.base/java.util.concurrent.FutureTask.run(FutureTask.java:317) ~[na:na]
	at java.base/java.util.concurrent.ScheduledThreadPoolExecutor$ScheduledFutureTask.run(ScheduledThreadPoolExecutor.java:304) ~[na:na]
	at java.base/java.util.concurrent.ThreadPoolExecutor.runWorker(ThreadPoolExecutor.java:1144) ~[na:na]
	at java.base/java.util.concurrent.ThreadPoolExecutor$Worker.run(ThreadPoolExecutor.java:642) ~[na:na]
	at java.base/java.lang.Thread.run(Thread.java:1583) ~[na:na]

2026-07-02T17:30:59.173+08:00 ERROR 15700 --- [gateway-server] [boundedElastic-5] c.a.c.n.d.r.NacosReactiveDiscoveryClient : get services from nacos server fail,

com.alibaba.nacos.api.exception.NacosException: Client not connected, current status:UNHEALTHY
	at com.alibaba.nacos.common.remote.client.RpcClient.request(RpcClient.java:645) ~[nacos-client-2.4.2.jar:na]
	at com.alibaba.nacos.common.remote.client.RpcClient.request(RpcClient.java:624) ~[nacos-client-2.4.2.jar:na]
	at com.alibaba.nacos.client.naming.remote.gprc.NamingGrpcClientProxy.requestToServer(NamingGrpcClientProxy.java:447) ~[nacos-client-2.4.2.jar:na]
	at com.alibaba.nacos.client.naming.remote.gprc.NamingGrpcClientProxy.getServiceList(NamingGrpcClientProxy.java:368) ~[nacos-client-2.4.2.jar:na]
	at com.alibaba.nacos.client.naming.remote.NamingClientProxyDelegate.getServiceList(NamingClientProxyDelegate.java:159) ~[nacos-client-2.4.2.jar:na]
	at com.alibaba.nacos.client.naming.NacosNamingService.getServicesOfServer(NacosNamingService.java:515) ~[nacos-client-2.4.2.jar:na]
	at com.alibaba.nacos.client.naming.NacosNamingService.getServicesOfServer(NacosNamingService.java:503) ~[nacos-client-2.4.2.jar:na]
	at com.alibaba.cloud.nacos.discovery.NacosServiceDiscovery.getServices(NacosServiceDiscovery.java:70) ~[spring-cloud-starter-alibaba-nacos-discovery-2023.0.3.2.jar:2023.0.3.2]
	at com.alibaba.cloud.nacos.discovery.reactive.NacosReactiveDiscoveryClient.lambda$getServices$3(NacosReactiveDiscoveryClient.java:87) ~[spring-cloud-starter-alibaba-nacos-discovery-2023.0.3.2.jar:2023.0.3.2]
	at reactor.core.publisher.FluxDefer.subscribe(FluxDefer.java:46) ~[reactor-core-3.6.15.jar:3.6.15]
	at reactor.core.publisher.FluxSubscribeOn$SubscribeOnSubscriber.run(FluxSubscribeOn.java:194) ~[reactor-core-3.6.15.jar:3.6.15]
	at reactor.core.scheduler.WorkerTask.call(WorkerTask.java:84) ~[reactor-core-3.6.15.jar:3.6.15]
	at reactor.core.scheduler.WorkerTask.call(WorkerTask.java:37) ~[reactor-core-3.6.15.jar:3.6.15]
	at java.base/java.util.concurrent.FutureTask.run(FutureTask.java:317) ~[na:na]
	at java.base/java.util.concurrent.ScheduledThreadPoolExecutor$ScheduledFutureTask.run(ScheduledThreadPoolExecutor.java:304) ~[na:na]
	at java.base/java.util.concurrent.ThreadPoolExecutor.runWorker(ThreadPoolExecutor.java:1144) ~[na:na]
	at java.base/java.util.concurrent.ThreadPoolExecutor$Worker.run(ThreadPoolExecutor.java:642) ~[na:na]
	at java.base/java.lang.Thread.run(Thread.java:1583) ~[na:na]

2026-07-02T17:31:29.176+08:00 ERROR 15700 --- [gateway-server] [boundedElastic-5] c.a.c.n.d.r.NacosReactiveDiscoveryClient : get services from nacos server fail,

com.alibaba.nacos.api.exception.NacosException: Client not connected, current status:UNHEALTHY
	at com.alibaba.nacos.common.remote.client.RpcClient.request(RpcClient.java:645) ~[nacos-client-2.4.2.jar:na]
	at com.alibaba.nacos.common.remote.client.RpcClient.request(RpcClient.java:624) ~[nacos-client-2.4.2.jar:na]
	at com.alibaba.nacos.client.naming.remote.gprc.NamingGrpcClientProxy.requestToServer(NamingGrpcClientProxy.java:447) ~[nacos-client-2.4.2.jar:na]
	at com.alibaba.nacos.client.naming.remote.gprc.NamingGrpcClientProxy.getServiceList(NamingGrpcClientProxy.java:368) ~[nacos-client-2.4.2.jar:na]
	at com.alibaba.nacos.client.naming.remote.NamingClientProxyDelegate.getServiceList(NamingClientProxyDelegate.java:159) ~[nacos-client-2.4.2.jar:na]
	at com.alibaba.nacos.client.naming.NacosNamingService.getServicesOfServer(NacosNamingService.java:515) ~[nacos-client-2.4.2.jar:na]
	at com.alibaba.nacos.client.naming.NacosNamingService.getServicesOfServer(NacosNamingService.java:503) ~[nacos-client-2.4.2.jar:na]
	at com.alibaba.cloud.nacos.discovery.NacosServiceDiscovery.getServices(NacosServiceDiscovery.java:70) ~[spring-cloud-starter-alibaba-nacos-discovery-2023.0.3.2.jar:2023.0.3.2]
	at com.alibaba.cloud.nacos.discovery.reactive.NacosReactiveDiscoveryClient.lambda$getServices$3(NacosReactiveDiscoveryClient.java:87) ~[spring-cloud-starter-alibaba-nacos-discovery-2023.0.3.2.jar:2023.0.3.2]
	at reactor.core.publisher.FluxDefer.subscribe(FluxDefer.java:46) ~[reactor-core-3.6.15.jar:3.6.15]
	at reactor.core.publisher.FluxSubscribeOn$SubscribeOnSubscriber.run(FluxSubscribeOn.java:194) ~[reactor-core-3.6.15.jar:3.6.15]
	at reactor.core.scheduler.WorkerTask.call(WorkerTask.java:84) ~[reactor-core-3.6.15.jar:3.6.15]
	at reactor.core.scheduler.WorkerTask.call(WorkerTask.java:37) ~[reactor-core-3.6.15.jar:3.6.15]
	at java.base/java.util.concurrent.FutureTask.run(FutureTask.java:317) ~[na:na]
	at java.base/java.util.concurrent.ScheduledThreadPoolExecutor$ScheduledFutureTask.run(ScheduledThreadPoolExecutor.java:304) ~[na:na]
	at java.base/java.util.concurrent.ThreadPoolExecutor.runWorker(ThreadPoolExecutor.java:1144) ~[na:na]
	at java.base/java.util.concurrent.ThreadPoolExecutor$Worker.run(ThreadPoolExecutor.java:642) ~[na:na]
	at java.base/java.lang.Thread.run(Thread.java:1583) ~[na:na]

2026-07-02T17:31:59.183+08:00 ERROR 15700 --- [gateway-server] [boundedElastic-5] c.a.c.n.d.r.NacosReactiveDiscoveryClient : get services from nacos server fail,

com.alibaba.nacos.api.exception.NacosException: Client not connected, current status:UNHEALTHY
	at com.alibaba.nacos.common.remote.client.RpcClient.request(RpcClient.java:645) ~[nacos-client-2.4.2.jar:na]
	at com.alibaba.nacos.common.remote.client.RpcClient.request(RpcClient.java:624) ~[nacos-client-2.4.2.jar:na]
	at com.alibaba.nacos.client.naming.remote.gprc.NamingGrpcClientProxy.requestToServer(NamingGrpcClientProxy.java:447) ~[nacos-client-2.4.2.jar:na]
	at com.alibaba.nacos.client.naming.remote.gprc.NamingGrpcClientProxy.getServiceList(NamingGrpcClientProxy.java:368) ~[nacos-client-2.4.2.jar:na]
	at com.alibaba.nacos.client.naming.remote.NamingClientProxyDelegate.getServiceList(NamingClientProxyDelegate.java:159) ~[nacos-client-2.4.2.jar:na]
	at com.alibaba.nacos.client.naming.NacosNamingService.getServicesOfServer(NacosNamingService.java:515) ~[nacos-client-2.4.2.jar:na]
	at com.alibaba.nacos.client.naming.NacosNamingService.getServicesOfServer(NacosNamingService.java:503) ~[nacos-client-2.4.2.jar:na]
	at com.alibaba.cloud.nacos.discovery.NacosServiceDiscovery.getServices(NacosServiceDiscovery.java:70) ~[spring-cloud-starter-alibaba-nacos-discovery-2023.0.3.2.jar:2023.0.3.2]
	at com.alibaba.cloud.nacos.discovery.reactive.NacosReactiveDiscoveryClient.lambda$getServices$3(NacosReactiveDiscoveryClient.java:87) ~[spring-cloud-starter-alibaba-nacos-discovery-2023.0.3.2.jar:2023.0.3.2]
	at reactor.core.publisher.FluxDefer.subscribe(FluxDefer.java:46) ~[reactor-core-3.6.15.jar:3.6.15]
	at reactor.core.publisher.FluxSubscribeOn$SubscribeOnSubscriber.run(FluxSubscribeOn.java:194) ~[reactor-core-3.6.15.jar:3.6.15]
	at reactor.core.scheduler.WorkerTask.call(WorkerTask.java:84) ~[reactor-core-3.6.15.jar:3.6.15]
	at reactor.core.scheduler.WorkerTask.call(WorkerTask.java:37) ~[reactor-core-3.6.15.jar:3.6.15]
	at java.base/java.util.concurrent.FutureTask.run(FutureTask.java:317) ~[na:na]
	at java.base/java.util.concurrent.ScheduledThreadPoolExecutor$ScheduledFutureTask.run(ScheduledThreadPoolExecutor.java:304) ~[na:na]
	at java.base/java.util.concurrent.ThreadPoolExecutor.runWorker(ThreadPoolExecutor.java:1144) ~[na:na]
	at java.base/java.util.concurrent.ThreadPoolExecutor$Worker.run(ThreadPoolExecutor.java:642) ~[na:na]
	at java.base/java.lang.Thread.run(Thread.java:1583) ~[na:na]

2026-07-02T17:32:29.198+08:00 ERROR 15700 --- [gateway-server] [boundedElastic-5] c.a.c.n.d.r.NacosReactiveDiscoveryClient : get services from nacos server fail,

com.alibaba.nacos.api.exception.NacosException: Client not connected, current status:UNHEALTHY
	at com.alibaba.nacos.common.remote.client.RpcClient.request(RpcClient.java:645) ~[nacos-client-2.4.2.jar:na]
	at com.alibaba.nacos.common.remote.client.RpcClient.request(RpcClient.java:624) ~[nacos-client-2.4.2.jar:na]
	at com.alibaba.nacos.client.naming.remote.gprc.NamingGrpcClientProxy.requestToServer(NamingGrpcClientProxy.java:447) ~[nacos-client-2.4.2.jar:na]
	at com.alibaba.nacos.client.naming.remote.gprc.NamingGrpcClientProxy.getServiceList(NamingGrpcClientProxy.java:368) ~[nacos-client-2.4.2.jar:na]
	at com.alibaba.nacos.client.naming.remote.NamingClientProxyDelegate.getServiceList(NamingClientProxyDelegate.java:159) ~[nacos-client-2.4.2.jar:na]
	at com.alibaba.nacos.client.naming.NacosNamingService.getServicesOfServer(NacosNamingService.java:515) ~[nacos-client-2.4.2.jar:na]
	at com.alibaba.nacos.client.naming.NacosNamingService.getServicesOfServer(NacosNamingService.java:503) ~[nacos-client-2.4.2.jar:na]
	at com.alibaba.cloud.nacos.discovery.NacosServiceDiscovery.getServices(NacosServiceDiscovery.java:70) ~[spring-cloud-starter-alibaba-nacos-discovery-2023.0.3.2.jar:2023.0.3.2]
	at com.alibaba.cloud.nacos.discovery.reactive.NacosReactiveDiscoveryClient.lambda$getServices$3(NacosReactiveDiscoveryClient.java:87) ~[spring-cloud-starter-alibaba-nacos-discovery-2023.0.3.2.jar:2023.0.3.2]
	at reactor.core.publisher.FluxDefer.subscribe(FluxDefer.java:46) ~[reactor-core-3.6.15.jar:3.6.15]
	at reactor.core.publisher.FluxSubscribeOn$SubscribeOnSubscriber.run(FluxSubscribeOn.java:194) ~[reactor-core-3.6.15.jar:3.6.15]
	at reactor.core.scheduler.WorkerTask.call(WorkerTask.java:84) ~[reactor-core-3.6.15.jar:3.6.15]
	at reactor.core.scheduler.WorkerTask.call(WorkerTask.java:37) ~[reactor-core-3.6.15.jar:3.6.15]
	at java.base/java.util.concurrent.FutureTask.run(FutureTask.java:317) ~[na:na]
	at java.base/java.util.concurrent.ScheduledThreadPoolExecutor$ScheduledFutureTask.run(ScheduledThreadPoolExecutor.java:304) ~[na:na]
	at java.base/java.util.concurrent.ThreadPoolExecutor.runWorker(ThreadPoolExecutor.java:1144) ~[na:na]
	at java.base/java.util.concurrent.ThreadPoolExecutor$Worker.run(ThreadPoolExecutor.java:642) ~[na:na]
	at java.base/java.lang.Thread.run(Thread.java:1583) ~[na:na]

2026-07-02T17:32:59.209+08:00 ERROR 15700 --- [gateway-server] [boundedElastic-5] c.a.c.n.d.r.NacosReactiveDiscoveryClient : get services from nacos server fail,

com.alibaba.nacos.api.exception.NacosException: Client not connected, current status:UNHEALTHY
	at com.alibaba.nacos.common.remote.client.RpcClient.request(RpcClient.java:645) ~[nacos-client-2.4.2.jar:na]
	at com.alibaba.nacos.common.remote.client.RpcClient.request(RpcClient.java:624) ~[nacos-client-2.4.2.jar:na]
	at com.alibaba.nacos.client.naming.remote.gprc.NamingGrpcClientProxy.requestToServer(NamingGrpcClientProxy.java:447) ~[nacos-client-2.4.2.jar:na]
	at com.alibaba.nacos.client.naming.remote.gprc.NamingGrpcClientProxy.getServiceList(NamingGrpcClientProxy.java:368) ~[nacos-client-2.4.2.jar:na]
	at com.alibaba.nacos.client.naming.remote.NamingClientProxyDelegate.getServiceList(NamingClientProxyDelegate.java:159) ~[nacos-client-2.4.2.jar:na]
	at com.alibaba.nacos.client.naming.NacosNamingService.getServicesOfServer(NacosNamingService.java:515) ~[nacos-client-2.4.2.jar:na]
	at com.alibaba.nacos.client.naming.NacosNamingService.getServicesOfServer(NacosNamingService.java:503) ~[nacos-client-2.4.2.jar:na]
	at com.alibaba.cloud.nacos.discovery.NacosServiceDiscovery.getServices(NacosServiceDiscovery.java:70) ~[spring-cloud-starter-alibaba-nacos-discovery-2023.0.3.2.jar:2023.0.3.2]
	at com.alibaba.cloud.nacos.discovery.reactive.NacosReactiveDiscoveryClient.lambda$getServices$3(NacosReactiveDiscoveryClient.java:87) ~[spring-cloud-starter-alibaba-nacos-discovery-2023.0.3.2.jar:2023.0.3.2]
	at reactor.core.publisher.FluxDefer.subscribe(FluxDefer.java:46) ~[reactor-core-3.6.15.jar:3.6.15]
	at reactor.core.publisher.FluxSubscribeOn$SubscribeOnSubscriber.run(FluxSubscribeOn.java:194) ~[reactor-core-3.6.15.jar:3.6.15]
	at reactor.core.scheduler.WorkerTask.call(WorkerTask.java:84) ~[reactor-core-3.6.15.jar:3.6.15]
	at reactor.core.scheduler.WorkerTask.call(WorkerTask.java:37) ~[reactor-core-3.6.15.jar:3.6.15]
	at java.base/java.util.concurrent.FutureTask.run(FutureTask.java:317) ~[na:na]
	at java.base/java.util.concurrent.ScheduledThreadPoolExecutor$ScheduledFutureTask.run(ScheduledThreadPoolExecutor.java:304) ~[na:na]
	at java.base/java.util.concurrent.ThreadPoolExecutor.runWorker(ThreadPoolExecutor.java:1144) ~[na:na]
	at java.base/java.util.concurrent.ThreadPoolExecutor$Worker.run(ThreadPoolExecutor.java:642) ~[na:na]
	at java.base/java.lang.Thread.run(Thread.java:1583) ~[na:na]

2026-07-02T17:33:29.217+08:00 ERROR 15700 --- [gateway-server] [boundedElastic-5] c.a.c.n.d.r.NacosReactiveDiscoveryClient : get services from nacos server fail,

com.alibaba.nacos.api.exception.NacosException: Client not connected, current status:UNHEALTHY
	at com.alibaba.nacos.common.remote.client.RpcClient.request(RpcClient.java:645) ~[nacos-client-2.4.2.jar:na]
	at com.alibaba.nacos.common.remote.client.RpcClient.request(RpcClient.java:624) ~[nacos-client-2.4.2.jar:na]
	at com.alibaba.nacos.client.naming.remote.gprc.NamingGrpcClientProxy.requestToServer(NamingGrpcClientProxy.java:447) ~[nacos-client-2.4.2.jar:na]
	at com.alibaba.nacos.client.naming.remote.gprc.NamingGrpcClientProxy.getServiceList(NamingGrpcClientProxy.java:368) ~[nacos-client-2.4.2.jar:na]
	at com.alibaba.nacos.client.naming.remote.NamingClientProxyDelegate.getServiceList(NamingClientProxyDelegate.java:159) ~[nacos-client-2.4.2.jar:na]
	at com.alibaba.nacos.client.naming.NacosNamingService.getServicesOfServer(NacosNamingService.java:515) ~[nacos-client-2.4.2.jar:na]
	at com.alibaba.nacos.client.naming.NacosNamingService.getServicesOfServer(NacosNamingService.java:503) ~[nacos-client-2.4.2.jar:na]
	at com.alibaba.cloud.nacos.discovery.NacosServiceDiscovery.getServices(NacosServiceDiscovery.java:70) ~[spring-cloud-starter-alibaba-nacos-discovery-2023.0.3.2.jar:2023.0.3.2]
	at com.alibaba.cloud.nacos.discovery.reactive.NacosReactiveDiscoveryClient.lambda$getServices$3(NacosReactiveDiscoveryClient.java:87) ~[spring-cloud-starter-alibaba-nacos-discovery-2023.0.3.2.jar:2023.0.3.2]
	at reactor.core.publisher.FluxDefer.subscribe(FluxDefer.java:46) ~[reactor-core-3.6.15.jar:3.6.15]
	at reactor.core.publisher.FluxSubscribeOn$SubscribeOnSubscriber.run(FluxSubscribeOn.java:194) ~[reactor-core-3.6.15.jar:3.6.15]
	at reactor.core.scheduler.WorkerTask.call(WorkerTask.java:84) ~[reactor-core-3.6.15.jar:3.6.15]
	at reactor.core.scheduler.WorkerTask.call(WorkerTask.java:37) ~[reactor-core-3.6.15.jar:3.6.15]
	at java.base/java.util.concurrent.FutureTask.run(FutureTask.java:317) ~[na:na]
	at java.base/java.util.concurrent.ScheduledThreadPoolExecutor$ScheduledFutureTask.run(ScheduledThreadPoolExecutor.java:304) ~[na:na]
	at java.base/java.util.concurrent.ThreadPoolExecutor.runWorker(ThreadPoolExecutor.java:1144) ~[na:na]
	at java.base/java.util.concurrent.ThreadPoolExecutor$Worker.run(ThreadPoolExecutor.java:642) ~[na:na]
	at java.base/java.lang.Thread.run(Thread.java:1583) ~[na:na]

2026-07-02T17:33:59.235+08:00 ERROR 15700 --- [gateway-server] [boundedElastic-5] c.a.c.n.d.r.NacosReactiveDiscoveryClient : get services from nacos server fail,

com.alibaba.nacos.api.exception.NacosException: Client not connected, current status:UNHEALTHY
	at com.alibaba.nacos.common.remote.client.RpcClient.request(RpcClient.java:645) ~[nacos-client-2.4.2.jar:na]
	at com.alibaba.nacos.common.remote.client.RpcClient.request(RpcClient.java:624) ~[nacos-client-2.4.2.jar:na]
	at com.alibaba.nacos.client.naming.remote.gprc.NamingGrpcClientProxy.requestToServer(NamingGrpcClientProxy.java:447) ~[nacos-client-2.4.2.jar:na]
	at com.alibaba.nacos.client.naming.remote.gprc.NamingGrpcClientProxy.getServiceList(NamingGrpcClientProxy.java:368) ~[nacos-client-2.4.2.jar:na]
	at com.alibaba.nacos.client.naming.remote.NamingClientProxyDelegate.getServiceList(NamingClientProxyDelegate.java:159) ~[nacos-client-2.4.2.jar:na]
	at com.alibaba.nacos.client.naming.NacosNamingService.getServicesOfServer(NacosNamingService.java:515) ~[nacos-client-2.4.2.jar:na]
	at com.alibaba.nacos.client.naming.NacosNamingService.getServicesOfServer(NacosNamingService.java:503) ~[nacos-client-2.4.2.jar:na]
	at com.alibaba.cloud.nacos.discovery.NacosServiceDiscovery.getServices(NacosServiceDiscovery.java:70) ~[spring-cloud-starter-alibaba-nacos-discovery-2023.0.3.2.jar:2023.0.3.2]
	at com.alibaba.cloud.nacos.discovery.reactive.NacosReactiveDiscoveryClient.lambda$getServices$3(NacosReactiveDiscoveryClient.java:87) ~[spring-cloud-starter-alibaba-nacos-discovery-2023.0.3.2.jar:2023.0.3.2]
	at reactor.core.publisher.FluxDefer.subscribe(FluxDefer.java:46) ~[reactor-core-3.6.15.jar:3.6.15]
	at reactor.core.publisher.FluxSubscribeOn$SubscribeOnSubscriber.run(FluxSubscribeOn.java:194) ~[reactor-core-3.6.15.jar:3.6.15]
	at reactor.core.scheduler.WorkerTask.call(WorkerTask.java:84) ~[reactor-core-3.6.15.jar:3.6.15]
	at reactor.core.scheduler.WorkerTask.call(WorkerTask.java:37) ~[reactor-core-3.6.15.jar:3.6.15]
	at java.base/java.util.concurrent.FutureTask.run(FutureTask.java:317) ~[na:na]
	at java.base/java.util.concurrent.ScheduledThreadPoolExecutor$ScheduledFutureTask.run(ScheduledThreadPoolExecutor.java:304) ~[na:na]
	at java.base/java.util.concurrent.ThreadPoolExecutor.runWorker(ThreadPoolExecutor.java:1144) ~[na:na]
	at java.base/java.util.concurrent.ThreadPoolExecutor$Worker.run(ThreadPoolExecutor.java:642) ~[na:na]
	at java.base/java.lang.Thread.run(Thread.java:1583) ~[na:na]

2026-07-02T17:34:29.241+08:00 ERROR 15700 --- [gateway-server] [boundedElastic-5] c.a.c.n.d.r.NacosReactiveDiscoveryClient : get services from nacos server fail,

com.alibaba.nacos.api.exception.NacosException: Client not connected, current status:UNHEALTHY
	at com.alibaba.nacos.common.remote.client.RpcClient.request(RpcClient.java:645) ~[nacos-client-2.4.2.jar:na]
	at com.alibaba.nacos.common.remote.client.RpcClient.request(RpcClient.java:624) ~[nacos-client-2.4.2.jar:na]
	at com.alibaba.nacos.client.naming.remote.gprc.NamingGrpcClientProxy.requestToServer(NamingGrpcClientProxy.java:447) ~[nacos-client-2.4.2.jar:na]
	at com.alibaba.nacos.client.naming.remote.gprc.NamingGrpcClientProxy.getServiceList(NamingGrpcClientProxy.java:368) ~[nacos-client-2.4.2.jar:na]
	at com.alibaba.nacos.client.naming.remote.NamingClientProxyDelegate.getServiceList(NamingClientProxyDelegate.java:159) ~[nacos-client-2.4.2.jar:na]
	at com.alibaba.nacos.client.naming.NacosNamingService.getServicesOfServer(NacosNamingService.java:515) ~[nacos-client-2.4.2.jar:na]
	at com.alibaba.nacos.client.naming.NacosNamingService.getServicesOfServer(NacosNamingService.java:503) ~[nacos-client-2.4.2.jar:na]
	at com.alibaba.cloud.nacos.discovery.NacosServiceDiscovery.getServices(NacosServiceDiscovery.java:70) ~[spring-cloud-starter-alibaba-nacos-discovery-2023.0.3.2.jar:2023.0.3.2]
	at com.alibaba.cloud.nacos.discovery.reactive.NacosReactiveDiscoveryClient.lambda$getServices$3(NacosReactiveDiscoveryClient.java:87) ~[spring-cloud-starter-alibaba-nacos-discovery-2023.0.3.2.jar:2023.0.3.2]
	at reactor.core.publisher.FluxDefer.subscribe(FluxDefer.java:46) ~[reactor-core-3.6.15.jar:3.6.15]
	at reactor.core.publisher.FluxSubscribeOn$SubscribeOnSubscriber.run(FluxSubscribeOn.java:194) ~[reactor-core-3.6.15.jar:3.6.15]
	at reactor.core.scheduler.WorkerTask.call(WorkerTask.java:84) ~[reactor-core-3.6.15.jar:3.6.15]
	at reactor.core.scheduler.WorkerTask.call(WorkerTask.java:37) ~[reactor-core-3.6.15.jar:3.6.15]
	at java.base/java.util.concurrent.FutureTask.run(FutureTask.java:317) ~[na:na]
	at java.base/java.util.concurrent.ScheduledThreadPoolExecutor$ScheduledFutureTask.run(ScheduledThreadPoolExecutor.java:304) ~[na:na]
	at java.base/java.util.concurrent.ThreadPoolExecutor.runWorker(ThreadPoolExecutor.java:1144) ~[na:na]
	at java.base/java.util.concurrent.ThreadPoolExecutor$Worker.run(ThreadPoolExecutor.java:642) ~[na:na]
	at java.base/java.lang.Thread.run(Thread.java:1583) ~[na:na]

2026-07-02T17:34:59.253+08:00 ERROR 15700 --- [gateway-server] [boundedElastic-5] c.a.c.n.d.r.NacosReactiveDiscoveryClient : get services from nacos server fail,

com.alibaba.nacos.api.exception.NacosException: Client not connected, current status:UNHEALTHY
	at com.alibaba.nacos.common.remote.client.RpcClient.request(RpcClient.java:645) ~[nacos-client-2.4.2.jar:na]
	at com.alibaba.nacos.common.remote.client.RpcClient.request(RpcClient.java:624) ~[nacos-client-2.4.2.jar:na]
	at com.alibaba.nacos.client.naming.remote.gprc.NamingGrpcClientProxy.requestToServer(NamingGrpcClientProxy.java:447) ~[nacos-client-2.4.2.jar:na]
	at com.alibaba.nacos.client.naming.remote.gprc.NamingGrpcClientProxy.getServiceList(NamingGrpcClientProxy.java:368) ~[nacos-client-2.4.2.jar:na]
	at com.alibaba.nacos.client.naming.remote.NamingClientProxyDelegate.getServiceList(NamingClientProxyDelegate.java:159) ~[nacos-client-2.4.2.jar:na]
	at com.alibaba.nacos.client.naming.NacosNamingService.getServicesOfServer(NacosNamingService.java:515) ~[nacos-client-2.4.2.jar:na]
	at com.alibaba.nacos.client.naming.NacosNamingService.getServicesOfServer(NacosNamingService.java:503) ~[nacos-client-2.4.2.jar:na]
	at com.alibaba.cloud.nacos.discovery.NacosServiceDiscovery.getServices(NacosServiceDiscovery.java:70) ~[spring-cloud-starter-alibaba-nacos-discovery-2023.0.3.2.jar:2023.0.3.2]
	at com.alibaba.cloud.nacos.discovery.reactive.NacosReactiveDiscoveryClient.lambda$getServices$3(NacosReactiveDiscoveryClient.java:87) ~[spring-cloud-starter-alibaba-nacos-discovery-2023.0.3.2.jar:2023.0.3.2]
	at reactor.core.publisher.FluxDefer.subscribe(FluxDefer.java:46) ~[reactor-core-3.6.15.jar:3.6.15]
	at reactor.core.publisher.FluxSubscribeOn$SubscribeOnSubscriber.run(FluxSubscribeOn.java:194) ~[reactor-core-3.6.15.jar:3.6.15]
	at reactor.core.scheduler.WorkerTask.call(WorkerTask.java:84) ~[reactor-core-3.6.15.jar:3.6.15]
	at reactor.core.scheduler.WorkerTask.call(WorkerTask.java:37) ~[reactor-core-3.6.15.jar:3.6.15]
	at java.base/java.util.concurrent.FutureTask.run(FutureTask.java:317) ~[na:na]
	at java.base/java.util.concurrent.ScheduledThreadPoolExecutor$ScheduledFutureTask.run(ScheduledThreadPoolExecutor.java:304) ~[na:na]
	at java.base/java.util.concurrent.ThreadPoolExecutor.runWorker(ThreadPoolExecutor.java:1144) ~[na:na]
	at java.base/java.util.concurrent.ThreadPoolExecutor$Worker.run(ThreadPoolExecutor.java:642) ~[na:na]
	at java.base/java.lang.Thread.run(Thread.java:1583) ~[na:na]

2026-07-02T17:35:29.259+08:00 ERROR 15700 --- [gateway-server] [boundedElastic-5] c.a.c.n.d.r.NacosReactiveDiscoveryClient : get services from nacos server fail,

com.alibaba.nacos.api.exception.NacosException: Client not connected, current status:UNHEALTHY
	at com.alibaba.nacos.common.remote.client.RpcClient.request(RpcClient.java:645) ~[nacos-client-2.4.2.jar:na]
	at com.alibaba.nacos.common.remote.client.RpcClient.request(RpcClient.java:624) ~[nacos-client-2.4.2.jar:na]
	at com.alibaba.nacos.client.naming.remote.gprc.NamingGrpcClientProxy.requestToServer(NamingGrpcClientProxy.java:447) ~[nacos-client-2.4.2.jar:na]
	at com.alibaba.nacos.client.naming.remote.gprc.NamingGrpcClientProxy.getServiceList(NamingGrpcClientProxy.java:368) ~[nacos-client-2.4.2.jar:na]
	at com.alibaba.nacos.client.naming.remote.NamingClientProxyDelegate.getServiceList(NamingClientProxyDelegate.java:159) ~[nacos-client-2.4.2.jar:na]
	at com.alibaba.nacos.client.naming.NacosNamingService.getServicesOfServer(NacosNamingService.java:515) ~[nacos-client-2.4.2.jar:na]
	at com.alibaba.nacos.client.naming.NacosNamingService.getServicesOfServer(NacosNamingService.java:503) ~[nacos-client-2.4.2.jar:na]
	at com.alibaba.cloud.nacos.discovery.NacosServiceDiscovery.getServices(NacosServiceDiscovery.java:70) ~[spring-cloud-starter-alibaba-nacos-discovery-2023.0.3.2.jar:2023.0.3.2]
	at com.alibaba.cloud.nacos.discovery.reactive.NacosReactiveDiscoveryClient.lambda$getServices$3(NacosReactiveDiscoveryClient.java:87) ~[spring-cloud-starter-alibaba-nacos-discovery-2023.0.3.2.jar:2023.0.3.2]
	at reactor.core.publisher.FluxDefer.subscribe(FluxDefer.java:46) ~[reactor-core-3.6.15.jar:3.6.15]
	at reactor.core.publisher.FluxSubscribeOn$SubscribeOnSubscriber.run(FluxSubscribeOn.java:194) ~[reactor-core-3.6.15.jar:3.6.15]
	at reactor.core.scheduler.WorkerTask.call(WorkerTask.java:84) ~[reactor-core-3.6.15.jar:3.6.15]
	at reactor.core.scheduler.WorkerTask.call(WorkerTask.java:37) ~[reactor-core-3.6.15.jar:3.6.15]
	at java.base/java.util.concurrent.FutureTask.run(FutureTask.java:317) ~[na:na]
	at java.base/java.util.concurrent.ScheduledThreadPoolExecutor$ScheduledFutureTask.run(ScheduledThreadPoolExecutor.java:304) ~[na:na]
	at java.base/java.util.concurrent.ThreadPoolExecutor.runWorker(ThreadPoolExecutor.java:1144) ~[na:na]
	at java.base/java.util.concurrent.ThreadPoolExecutor$Worker.run(ThreadPoolExecutor.java:642) ~[na:na]
	at java.base/java.lang.Thread.run(Thread.java:1583) ~[na:na]

2026-07-02T17:35:59.268+08:00 ERROR 15700 --- [gateway-server] [boundedElastic-5] c.a.c.n.d.r.NacosReactiveDiscoveryClient : get services from nacos server fail,

com.alibaba.nacos.api.exception.NacosException: Client not connected, current status:UNHEALTHY
	at com.alibaba.nacos.common.remote.client.RpcClient.request(RpcClient.java:645) ~[nacos-client-2.4.2.jar:na]
	at com.alibaba.nacos.common.remote.client.RpcClient.request(RpcClient.java:624) ~[nacos-client-2.4.2.jar:na]
	at com.alibaba.nacos.client.naming.remote.gprc.NamingGrpcClientProxy.requestToServer(NamingGrpcClientProxy.java:447) ~[nacos-client-2.4.2.jar:na]
	at com.alibaba.nacos.client.naming.remote.gprc.NamingGrpcClientProxy.getServiceList(NamingGrpcClientProxy.java:368) ~[nacos-client-2.4.2.jar:na]
	at com.alibaba.nacos.client.naming.remote.NamingClientProxyDelegate.getServiceList(NamingClientProxyDelegate.java:159) ~[nacos-client-2.4.2.jar:na]
	at com.alibaba.nacos.client.naming.NacosNamingService.getServicesOfServer(NacosNamingService.java:515) ~[nacos-client-2.4.2.jar:na]
	at com.alibaba.nacos.client.naming.NacosNamingService.getServicesOfServer(NacosNamingService.java:503) ~[nacos-client-2.4.2.jar:na]
	at com.alibaba.cloud.nacos.discovery.NacosServiceDiscovery.getServices(NacosServiceDiscovery.java:70) ~[spring-cloud-starter-alibaba-nacos-discovery-2023.0.3.2.jar:2023.0.3.2]
	at com.alibaba.cloud.nacos.discovery.reactive.NacosReactiveDiscoveryClient.lambda$getServices$3(NacosReactiveDiscoveryClient.java:87) ~[spring-cloud-starter-alibaba-nacos-discovery-2023.0.3.2.jar:2023.0.3.2]
	at reactor.core.publisher.FluxDefer.subscribe(FluxDefer.java:46) ~[reactor-core-3.6.15.jar:3.6.15]
	at reactor.core.publisher.FluxSubscribeOn$SubscribeOnSubscriber.run(FluxSubscribeOn.java:194) ~[reactor-core-3.6.15.jar:3.6.15]
	at reactor.core.scheduler.WorkerTask.call(WorkerTask.java:84) ~[reactor-core-3.6.15.jar:3.6.15]
	at reactor.core.scheduler.WorkerTask.call(WorkerTask.java:37) ~[reactor-core-3.6.15.jar:3.6.15]
	at java.base/java.util.concurrent.FutureTask.run(FutureTask.java:317) ~[na:na]
	at java.base/java.util.concurrent.ScheduledThreadPoolExecutor$ScheduledFutureTask.run(ScheduledThreadPoolExecutor.java:304) ~[na:na]
	at java.base/java.util.concurrent.ThreadPoolExecutor.runWorker(ThreadPoolExecutor.java:1144) ~[na:na]
	at java.base/java.util.concurrent.ThreadPoolExecutor$Worker.run(ThreadPoolExecutor.java:642) ~[na:na]
	at java.base/java.lang.Thread.run(Thread.java:1583) ~[na:na]

2026-07-02T17:36:29.285+08:00 ERROR 15700 --- [gateway-server] [boundedElastic-5] c.a.c.n.d.r.NacosReactiveDiscoveryClient : get services from nacos server fail,

com.alibaba.nacos.api.exception.NacosException: Client not connected, current status:UNHEALTHY
	at com.alibaba.nacos.common.remote.client.RpcClient.request(RpcClient.java:645) ~[nacos-client-2.4.2.jar:na]
	at com.alibaba.nacos.common.remote.client.RpcClient.request(RpcClient.java:624) ~[nacos-client-2.4.2.jar:na]
	at com.alibaba.nacos.client.naming.remote.gprc.NamingGrpcClientProxy.requestToServer(NamingGrpcClientProxy.java:447) ~[nacos-client-2.4.2.jar:na]
	at com.alibaba.nacos.client.naming.remote.gprc.NamingGrpcClientProxy.getServiceList(NamingGrpcClientProxy.java:368) ~[nacos-client-2.4.2.jar:na]
	at com.alibaba.nacos.client.naming.remote.NamingClientProxyDelegate.getServiceList(NamingClientProxyDelegate.java:159) ~[nacos-client-2.4.2.jar:na]
	at com.alibaba.nacos.client.naming.NacosNamingService.getServicesOfServer(NacosNamingService.java:515) ~[nacos-client-2.4.2.jar:na]
	at com.alibaba.nacos.client.naming.NacosNamingService.getServicesOfServer(NacosNamingService.java:503) ~[nacos-client-2.4.2.jar:na]
	at com.alibaba.cloud.nacos.discovery.NacosServiceDiscovery.getServices(NacosServiceDiscovery.java:70) ~[spring-cloud-starter-alibaba-nacos-discovery-2023.0.3.2.jar:2023.0.3.2]
	at com.alibaba.cloud.nacos.discovery.reactive.NacosReactiveDiscoveryClient.lambda$getServices$3(NacosReactiveDiscoveryClient.java:87) ~[spring-cloud-starter-alibaba-nacos-discovery-2023.0.3.2.jar:2023.0.3.2]
	at reactor.core.publisher.FluxDefer.subscribe(FluxDefer.java:46) ~[reactor-core-3.6.15.jar:3.6.15]
	at reactor.core.publisher.FluxSubscribeOn$SubscribeOnSubscriber.run(FluxSubscribeOn.java:194) ~[reactor-core-3.6.15.jar:3.6.15]
	at reactor.core.scheduler.WorkerTask.call(WorkerTask.java:84) ~[reactor-core-3.6.15.jar:3.6.15]
	at reactor.core.scheduler.WorkerTask.call(WorkerTask.java:37) ~[reactor-core-3.6.15.jar:3.6.15]
	at java.base/java.util.concurrent.FutureTask.run(FutureTask.java:317) ~[na:na]
	at java.base/java.util.concurrent.ScheduledThreadPoolExecutor$ScheduledFutureTask.run(ScheduledThreadPoolExecutor.java:304) ~[na:na]
	at java.base/java.util.concurrent.ThreadPoolExecutor.runWorker(ThreadPoolExecutor.java:1144) ~[na:na]
	at java.base/java.util.concurrent.ThreadPoolExecutor$Worker.run(ThreadPoolExecutor.java:642) ~[na:na]
	at java.base/java.lang.Thread.run(Thread.java:1583) ~[na:na]

2026-07-02T17:36:59.299+08:00 ERROR 15700 --- [gateway-server] [boundedElastic-5] c.a.c.n.d.r.NacosReactiveDiscoveryClient : get services from nacos server fail,

com.alibaba.nacos.api.exception.NacosException: Client not connected, current status:UNHEALTHY
	at com.alibaba.nacos.common.remote.client.RpcClient.request(RpcClient.java:645) ~[nacos-client-2.4.2.jar:na]
	at com.alibaba.nacos.common.remote.client.RpcClient.request(RpcClient.java:624) ~[nacos-client-2.4.2.jar:na]
	at com.alibaba.nacos.client.naming.remote.gprc.NamingGrpcClientProxy.requestToServer(NamingGrpcClientProxy.java:447) ~[nacos-client-2.4.2.jar:na]
	at com.alibaba.nacos.client.naming.remote.gprc.NamingGrpcClientProxy.getServiceList(NamingGrpcClientProxy.java:368) ~[nacos-client-2.4.2.jar:na]
	at com.alibaba.nacos.client.naming.remote.NamingClientProxyDelegate.getServiceList(NamingClientProxyDelegate.java:159) ~[nacos-client-2.4.2.jar:na]
	at com.alibaba.nacos.client.naming.NacosNamingService.getServicesOfServer(NacosNamingService.java:515) ~[nacos-client-2.4.2.jar:na]
	at com.alibaba.nacos.client.naming.NacosNamingService.getServicesOfServer(NacosNamingService.java:503) ~[nacos-client-2.4.2.jar:na]
	at com.alibaba.cloud.nacos.discovery.NacosServiceDiscovery.getServices(NacosServiceDiscovery.java:70) ~[spring-cloud-starter-alibaba-nacos-discovery-2023.0.3.2.jar:2023.0.3.2]
	at com.alibaba.cloud.nacos.discovery.reactive.NacosReactiveDiscoveryClient.lambda$getServices$3(NacosReactiveDiscoveryClient.java:87) ~[spring-cloud-starter-alibaba-nacos-discovery-2023.0.3.2.jar:2023.0.3.2]
	at reactor.core.publisher.FluxDefer.subscribe(FluxDefer.java:46) ~[reactor-core-3.6.15.jar:3.6.15]
	at reactor.core.publisher.FluxSubscribeOn$SubscribeOnSubscriber.run(FluxSubscribeOn.java:194) ~[reactor-core-3.6.15.jar:3.6.15]
	at reactor.core.scheduler.WorkerTask.call(WorkerTask.java:84) ~[reactor-core-3.6.15.jar:3.6.15]
	at reactor.core.scheduler.WorkerTask.call(WorkerTask.java:37) ~[reactor-core-3.6.15.jar:3.6.15]
	at java.base/java.util.concurrent.FutureTask.run(FutureTask.java:317) ~[na:na]
	at java.base/java.util.concurrent.ScheduledThreadPoolExecutor$ScheduledFutureTask.run(ScheduledThreadPoolExecutor.java:304) ~[na:na]
	at java.base/java.util.concurrent.ThreadPoolExecutor.runWorker(ThreadPoolExecutor.java:1144) ~[na:na]
	at java.base/java.util.concurrent.ThreadPoolExecutor$Worker.run(ThreadPoolExecutor.java:642) ~[na:na]
	at java.base/java.lang.Thread.run(Thread.java:1583) ~[na:na]

2026-07-02T17:37:29.304+08:00 ERROR 15700 --- [gateway-server] [boundedElastic-5] c.a.c.n.d.r.NacosReactiveDiscoveryClient : get services from nacos server fail,

com.alibaba.nacos.api.exception.NacosException: Client not connected, current status:UNHEALTHY
	at com.alibaba.nacos.common.remote.client.RpcClient.request(RpcClient.java:645) ~[nacos-client-2.4.2.jar:na]
	at com.alibaba.nacos.common.remote.client.RpcClient.request(RpcClient.java:624) ~[nacos-client-2.4.2.jar:na]
	at com.alibaba.nacos.client.naming.remote.gprc.NamingGrpcClientProxy.requestToServer(NamingGrpcClientProxy.java:447) ~[nacos-client-2.4.2.jar:na]
	at com.alibaba.nacos.client.naming.remote.gprc.NamingGrpcClientProxy.getServiceList(NamingGrpcClientProxy.java:368) ~[nacos-client-2.4.2.jar:na]
	at com.alibaba.nacos.client.naming.remote.NamingClientProxyDelegate.getServiceList(NamingClientProxyDelegate.java:159) ~[nacos-client-2.4.2.jar:na]
	at com.alibaba.nacos.client.naming.NacosNamingService.getServicesOfServer(NacosNamingService.java:515) ~[nacos-client-2.4.2.jar:na]
	at com.alibaba.nacos.client.naming.NacosNamingService.getServicesOfServer(NacosNamingService.java:503) ~[nacos-client-2.4.2.jar:na]
	at com.alibaba.cloud.nacos.discovery.NacosServiceDiscovery.getServices(NacosServiceDiscovery.java:70) ~[spring-cloud-starter-alibaba-nacos-discovery-2023.0.3.2.jar:2023.0.3.2]
	at com.alibaba.cloud.nacos.discovery.reactive.NacosReactiveDiscoveryClient.lambda$getServices$3(NacosReactiveDiscoveryClient.java:87) ~[spring-cloud-starter-alibaba-nacos-discovery-2023.0.3.2.jar:2023.0.3.2]
	at reactor.core.publisher.FluxDefer.subscribe(FluxDefer.java:46) ~[reactor-core-3.6.15.jar:3.6.15]
	at reactor.core.publisher.FluxSubscribeOn$SubscribeOnSubscriber.run(FluxSubscribeOn.java:194) ~[reactor-core-3.6.15.jar:3.6.15]
	at reactor.core.scheduler.WorkerTask.call(WorkerTask.java:84) ~[reactor-core-3.6.15.jar:3.6.15]
	at reactor.core.scheduler.WorkerTask.call(WorkerTask.java:37) ~[reactor-core-3.6.15.jar:3.6.15]
	at java.base/java.util.concurrent.FutureTask.run(FutureTask.java:317) ~[na:na]
	at java.base/java.util.concurrent.ScheduledThreadPoolExecutor$ScheduledFutureTask.run(ScheduledThreadPoolExecutor.java:304) ~[na:na]
	at java.base/java.util.concurrent.ThreadPoolExecutor.runWorker(ThreadPoolExecutor.java:1144) ~[na:na]
	at java.base/java.util.concurrent.ThreadPoolExecutor$Worker.run(ThreadPoolExecutor.java:642) ~[na:na]
	at java.base/java.lang.Thread.run(Thread.java:1583) ~[na:na]

2026-07-02T17:37:59.311+08:00 ERROR 15700 --- [gateway-server] [boundedElastic-5] c.a.c.n.d.r.NacosReactiveDiscoveryClient : get services from nacos server fail,

com.alibaba.nacos.api.exception.NacosException: Client not connected, current status:UNHEALTHY
	at com.alibaba.nacos.common.remote.client.RpcClient.request(RpcClient.java:645) ~[nacos-client-2.4.2.jar:na]
	at com.alibaba.nacos.common.remote.client.RpcClient.request(RpcClient.java:624) ~[nacos-client-2.4.2.jar:na]
	at com.alibaba.nacos.client.naming.remote.gprc.NamingGrpcClientProxy.requestToServer(NamingGrpcClientProxy.java:447) ~[nacos-client-2.4.2.jar:na]
	at com.alibaba.nacos.client.naming.remote.gprc.NamingGrpcClientProxy.getServiceList(NamingGrpcClientProxy.java:368) ~[nacos-client-2.4.2.jar:na]
	at com.alibaba.nacos.client.naming.remote.NamingClientProxyDelegate.getServiceList(NamingClientProxyDelegate.java:159) ~[nacos-client-2.4.2.jar:na]
	at com.alibaba.nacos.client.naming.NacosNamingService.getServicesOfServer(NacosNamingService.java:515) ~[nacos-client-2.4.2.jar:na]
	at com.alibaba.nacos.client.naming.NacosNamingService.getServicesOfServer(NacosNamingService.java:503) ~[nacos-client-2.4.2.jar:na]
	at com.alibaba.cloud.nacos.discovery.NacosServiceDiscovery.getServices(NacosServiceDiscovery.java:70) ~[spring-cloud-starter-alibaba-nacos-discovery-2023.0.3.2.jar:2023.0.3.2]
	at com.alibaba.cloud.nacos.discovery.reactive.NacosReactiveDiscoveryClient.lambda$getServices$3(NacosReactiveDiscoveryClient.java:87) ~[spring-cloud-starter-alibaba-nacos-discovery-2023.0.3.2.jar:2023.0.3.2]
	at reactor.core.publisher.FluxDefer.subscribe(FluxDefer.java:46) ~[reactor-core-3.6.15.jar:3.6.15]
	at reactor.core.publisher.FluxSubscribeOn$SubscribeOnSubscriber.run(FluxSubscribeOn.java:194) ~[reactor-core-3.6.15.jar:3.6.15]
	at reactor.core.scheduler.WorkerTask.call(WorkerTask.java:84) ~[reactor-core-3.6.15.jar:3.6.15]
	at reactor.core.scheduler.WorkerTask.call(WorkerTask.java:37) ~[reactor-core-3.6.15.jar:3.6.15]
	at java.base/java.util.concurrent.FutureTask.run(FutureTask.java:317) ~[na:na]
	at java.base/java.util.concurrent.ScheduledThreadPoolExecutor$ScheduledFutureTask.run(ScheduledThreadPoolExecutor.java:304) ~[na:na]
	at java.base/java.util.concurrent.ThreadPoolExecutor.runWorker(ThreadPoolExecutor.java:1144) ~[na:na]
	at java.base/java.util.concurrent.ThreadPoolExecutor$Worker.run(ThreadPoolExecutor.java:642) ~[na:na]
	at java.base/java.lang.Thread.run(Thread.java:1583) ~[na:na]

2026-07-02T17:38:29.324+08:00 ERROR 15700 --- [gateway-server] [boundedElastic-5] c.a.c.n.d.r.NacosReactiveDiscoveryClient : get services from nacos server fail,

com.alibaba.nacos.api.exception.NacosException: Client not connected, current status:UNHEALTHY
	at com.alibaba.nacos.common.remote.client.RpcClient.request(RpcClient.java:645) ~[nacos-client-2.4.2.jar:na]
	at com.alibaba.nacos.common.remote.client.RpcClient.request(RpcClient.java:624) ~[nacos-client-2.4.2.jar:na]
	at com.alibaba.nacos.client.naming.remote.gprc.NamingGrpcClientProxy.requestToServer(NamingGrpcClientProxy.java:447) ~[nacos-client-2.4.2.jar:na]
	at com.alibaba.nacos.client.naming.remote.gprc.NamingGrpcClientProxy.getServiceList(NamingGrpcClientProxy.java:368) ~[nacos-client-2.4.2.jar:na]
	at com.alibaba.nacos.client.naming.remote.NamingClientProxyDelegate.getServiceList(NamingClientProxyDelegate.java:159) ~[nacos-client-2.4.2.jar:na]
	at com.alibaba.nacos.client.naming.NacosNamingService.getServicesOfServer(NacosNamingService.java:515) ~[nacos-client-2.4.2.jar:na]
	at com.alibaba.nacos.client.naming.NacosNamingService.getServicesOfServer(NacosNamingService.java:503) ~[nacos-client-2.4.2.jar:na]
	at com.alibaba.cloud.nacos.discovery.NacosServiceDiscovery.getServices(NacosServiceDiscovery.java:70) ~[spring-cloud-starter-alibaba-nacos-discovery-2023.0.3.2.jar:2023.0.3.2]
	at com.alibaba.cloud.nacos.discovery.reactive.NacosReactiveDiscoveryClient.lambda$getServices$3(NacosReactiveDiscoveryClient.java:87) ~[spring-cloud-starter-alibaba-nacos-discovery-2023.0.3.2.jar:2023.0.3.2]
	at reactor.core.publisher.FluxDefer.subscribe(FluxDefer.java:46) ~[reactor-core-3.6.15.jar:3.6.15]
	at reactor.core.publisher.FluxSubscribeOn$SubscribeOnSubscriber.run(FluxSubscribeOn.java:194) ~[reactor-core-3.6.15.jar:3.6.15]
	at reactor.core.scheduler.WorkerTask.call(WorkerTask.java:84) ~[reactor-core-3.6.15.jar:3.6.15]
	at reactor.core.scheduler.WorkerTask.call(WorkerTask.java:37) ~[reactor-core-3.6.15.jar:3.6.15]
	at java.base/java.util.concurrent.FutureTask.run(FutureTask.java:317) ~[na:na]
	at java.base/java.util.concurrent.ScheduledThreadPoolExecutor$ScheduledFutureTask.run(ScheduledThreadPoolExecutor.java:304) ~[na:na]
	at java.base/java.util.concurrent.ThreadPoolExecutor.runWorker(ThreadPoolExecutor.java:1144) ~[na:na]
	at java.base/java.util.concurrent.ThreadPoolExecutor$Worker.run(ThreadPoolExecutor.java:642) ~[na:na]
	at java.base/java.lang.Thread.run(Thread.java:1583) ~[na:na]

2026-07-02T17:38:59.333+08:00 ERROR 15700 --- [gateway-server] [boundedElastic-5] c.a.c.n.d.r.NacosReactiveDiscoveryClient : get services from nacos server fail,

com.alibaba.nacos.api.exception.NacosException: Client not connected, current status:UNHEALTHY
	at com.alibaba.nacos.common.remote.client.RpcClient.request(RpcClient.java:645) ~[nacos-client-2.4.2.jar:na]
	at com.alibaba.nacos.common.remote.client.RpcClient.request(RpcClient.java:624) ~[nacos-client-2.4.2.jar:na]
	at com.alibaba.nacos.client.naming.remote.gprc.NamingGrpcClientProxy.requestToServer(NamingGrpcClientProxy.java:447) ~[nacos-client-2.4.2.jar:na]
	at com.alibaba.nacos.client.naming.remote.gprc.NamingGrpcClientProxy.getServiceList(NamingGrpcClientProxy.java:368) ~[nacos-client-2.4.2.jar:na]
	at com.alibaba.nacos.client.naming.remote.NamingClientProxyDelegate.getServiceList(NamingClientProxyDelegate.java:159) ~[nacos-client-2.4.2.jar:na]
	at com.alibaba.nacos.client.naming.NacosNamingService.getServicesOfServer(NacosNamingService.java:515) ~[nacos-client-2.4.2.jar:na]
	at com.alibaba.nacos.client.naming.NacosNamingService.getServicesOfServer(NacosNamingService.java:503) ~[nacos-client-2.4.2.jar:na]
	at com.alibaba.cloud.nacos.discovery.NacosServiceDiscovery.getServices(NacosServiceDiscovery.java:70) ~[spring-cloud-starter-alibaba-nacos-discovery-2023.0.3.2.jar:2023.0.3.2]
	at com.alibaba.cloud.nacos.discovery.reactive.NacosReactiveDiscoveryClient.lambda$getServices$3(NacosReactiveDiscoveryClient.java:87) ~[spring-cloud-starter-alibaba-nacos-discovery-2023.0.3.2.jar:2023.0.3.2]
	at reactor.core.publisher.FluxDefer.subscribe(FluxDefer.java:46) ~[reactor-core-3.6.15.jar:3.6.15]
	at reactor.core.publisher.FluxSubscribeOn$SubscribeOnSubscriber.run(FluxSubscribeOn.java:194) ~[reactor-core-3.6.15.jar:3.6.15]
	at reactor.core.scheduler.WorkerTask.call(WorkerTask.java:84) ~[reactor-core-3.6.15.jar:3.6.15]
	at reactor.core.scheduler.WorkerTask.call(WorkerTask.java:37) ~[reactor-core-3.6.15.jar:3.6.15]
	at java.base/java.util.concurrent.FutureTask.run(FutureTask.java:317) ~[na:na]
	at java.base/java.util.concurrent.ScheduledThreadPoolExecutor$ScheduledFutureTask.run(ScheduledThreadPoolExecutor.java:304) ~[na:na]
	at java.base/java.util.concurrent.ThreadPoolExecutor.runWorker(ThreadPoolExecutor.java:1144) ~[na:na]
	at java.base/java.util.concurrent.ThreadPoolExecutor$Worker.run(ThreadPoolExecutor.java:642) ~[na:na]
	at java.base/java.lang.Thread.run(Thread.java:1583) ~[na:na]

2026-07-02T17:39:29.349+08:00 ERROR 15700 --- [gateway-server] [boundedElastic-5] c.a.c.n.d.r.NacosReactiveDiscoveryClient : get services from nacos server fail,

com.alibaba.nacos.api.exception.NacosException: Client not connected, current status:UNHEALTHY
	at com.alibaba.nacos.common.remote.client.RpcClient.request(RpcClient.java:645) ~[nacos-client-2.4.2.jar:na]
	at com.alibaba.nacos.common.remote.client.RpcClient.request(RpcClient.java:624) ~[nacos-client-2.4.2.jar:na]
	at com.alibaba.nacos.client.naming.remote.gprc.NamingGrpcClientProxy.requestToServer(NamingGrpcClientProxy.java:447) ~[nacos-client-2.4.2.jar:na]
	at com.alibaba.nacos.client.naming.remote.gprc.NamingGrpcClientProxy.getServiceList(NamingGrpcClientProxy.java:368) ~[nacos-client-2.4.2.jar:na]
	at com.alibaba.nacos.client.naming.remote.NamingClientProxyDelegate.getServiceList(NamingClientProxyDelegate.java:159) ~[nacos-client-2.4.2.jar:na]
	at com.alibaba.nacos.client.naming.NacosNamingService.getServicesOfServer(NacosNamingService.java:515) ~[nacos-client-2.4.2.jar:na]
	at com.alibaba.nacos.client.naming.NacosNamingService.getServicesOfServer(NacosNamingService.java:503) ~[nacos-client-2.4.2.jar:na]
	at com.alibaba.cloud.nacos.discovery.NacosServiceDiscovery.getServices(NacosServiceDiscovery.java:70) ~[spring-cloud-starter-alibaba-nacos-discovery-2023.0.3.2.jar:2023.0.3.2]
	at com.alibaba.cloud.nacos.discovery.reactive.NacosReactiveDiscoveryClient.lambda$getServices$3(NacosReactiveDiscoveryClient.java:87) ~[spring-cloud-starter-alibaba-nacos-discovery-2023.0.3.2.jar:2023.0.3.2]
	at reactor.core.publisher.FluxDefer.subscribe(FluxDefer.java:46) ~[reactor-core-3.6.15.jar:3.6.15]
	at reactor.core.publisher.FluxSubscribeOn$SubscribeOnSubscriber.run(FluxSubscribeOn.java:194) ~[reactor-core-3.6.15.jar:3.6.15]
	at reactor.core.scheduler.WorkerTask.call(WorkerTask.java:84) ~[reactor-core-3.6.15.jar:3.6.15]
	at reactor.core.scheduler.WorkerTask.call(WorkerTask.java:37) ~[reactor-core-3.6.15.jar:3.6.15]
	at java.base/java.util.concurrent.FutureTask.run(FutureTask.java:317) ~[na:na]
	at java.base/java.util.concurrent.ScheduledThreadPoolExecutor$ScheduledFutureTask.run(ScheduledThreadPoolExecutor.java:304) ~[na:na]
	at java.base/java.util.concurrent.ThreadPoolExecutor.runWorker(ThreadPoolExecutor.java:1144) ~[na:na]
	at java.base/java.util.concurrent.ThreadPoolExecutor$Worker.run(ThreadPoolExecutor.java:642) ~[na:na]
	at java.base/java.lang.Thread.run(Thread.java:1583) ~[na:na]

2026-07-02T17:39:59.354+08:00 ERROR 15700 --- [gateway-server] [boundedElastic-5] c.a.c.n.d.r.NacosReactiveDiscoveryClient : get services from nacos server fail,

com.alibaba.nacos.api.exception.NacosException: Client not connected, current status:UNHEALTHY
	at com.alibaba.nacos.common.remote.client.RpcClient.request(RpcClient.java:645) ~[nacos-client-2.4.2.jar:na]
	at com.alibaba.nacos.common.remote.client.RpcClient.request(RpcClient.java:624) ~[nacos-client-2.4.2.jar:na]
	at com.alibaba.nacos.client.naming.remote.gprc.NamingGrpcClientProxy.requestToServer(NamingGrpcClientProxy.java:447) ~[nacos-client-2.4.2.jar:na]
	at com.alibaba.nacos.client.naming.remote.gprc.NamingGrpcClientProxy.getServiceList(NamingGrpcClientProxy.java:368) ~[nacos-client-2.4.2.jar:na]
	at com.alibaba.nacos.client.naming.remote.NamingClientProxyDelegate.getServiceList(NamingClientProxyDelegate.java:159) ~[nacos-client-2.4.2.jar:na]
	at com.alibaba.nacos.client.naming.NacosNamingService.getServicesOfServer(NacosNamingService.java:515) ~[nacos-client-2.4.2.jar:na]
	at com.alibaba.nacos.client.naming.NacosNamingService.getServicesOfServer(NacosNamingService.java:503) ~[nacos-client-2.4.2.jar:na]
	at com.alibaba.cloud.nacos.discovery.NacosServiceDiscovery.getServices(NacosServiceDiscovery.java:70) ~[spring-cloud-starter-alibaba-nacos-discovery-2023.0.3.2.jar:2023.0.3.2]
	at com.alibaba.cloud.nacos.discovery.reactive.NacosReactiveDiscoveryClient.lambda$getServices$3(NacosReactiveDiscoveryClient.java:87) ~[spring-cloud-starter-alibaba-nacos-discovery-2023.0.3.2.jar:2023.0.3.2]
	at reactor.core.publisher.FluxDefer.subscribe(FluxDefer.java:46) ~[reactor-core-3.6.15.jar:3.6.15]
	at reactor.core.publisher.FluxSubscribeOn$SubscribeOnSubscriber.run(FluxSubscribeOn.java:194) ~[reactor-core-3.6.15.jar:3.6.15]
	at reactor.core.scheduler.WorkerTask.call(WorkerTask.java:84) ~[reactor-core-3.6.15.jar:3.6.15]
	at reactor.core.scheduler.WorkerTask.call(WorkerTask.java:37) ~[reactor-core-3.6.15.jar:3.6.15]
	at java.base/java.util.concurrent.FutureTask.run(FutureTask.java:317) ~[na:na]
	at java.base/java.util.concurrent.ScheduledThreadPoolExecutor$ScheduledFutureTask.run(ScheduledThreadPoolExecutor.java:304) ~[na:na]
	at java.base/java.util.concurrent.ThreadPoolExecutor.runWorker(ThreadPoolExecutor.java:1144) ~[na:na]
	at java.base/java.util.concurrent.ThreadPoolExecutor$Worker.run(ThreadPoolExecutor.java:642) ~[na:na]
	at java.base/java.lang.Thread.run(Thread.java:1583) ~[na:na]

2026-07-02T17:40:29.370+08:00 ERROR 15700 --- [gateway-server] [boundedElastic-5] c.a.c.n.d.r.NacosReactiveDiscoveryClient : get services from nacos server fail,

com.alibaba.nacos.api.exception.NacosException: Client not connected, current status:UNHEALTHY
	at com.alibaba.nacos.common.remote.client.RpcClient.request(RpcClient.java:645) ~[nacos-client-2.4.2.jar:na]
	at com.alibaba.nacos.common.remote.client.RpcClient.request(RpcClient.java:624) ~[nacos-client-2.4.2.jar:na]
	at com.alibaba.nacos.client.naming.remote.gprc.NamingGrpcClientProxy.requestToServer(NamingGrpcClientProxy.java:447) ~[nacos-client-2.4.2.jar:na]
	at com.alibaba.nacos.client.naming.remote.gprc.NamingGrpcClientProxy.getServiceList(NamingGrpcClientProxy.java:368) ~[nacos-client-2.4.2.jar:na]
	at com.alibaba.nacos.client.naming.remote.NamingClientProxyDelegate.getServiceList(NamingClientProxyDelegate.java:159) ~[nacos-client-2.4.2.jar:na]
	at com.alibaba.nacos.client.naming.NacosNamingService.getServicesOfServer(NacosNamingService.java:515) ~[nacos-client-2.4.2.jar:na]
	at com.alibaba.nacos.client.naming.NacosNamingService.getServicesOfServer(NacosNamingService.java:503) ~[nacos-client-2.4.2.jar:na]
	at com.alibaba.cloud.nacos.discovery.NacosServiceDiscovery.getServices(NacosServiceDiscovery.java:70) ~[spring-cloud-starter-alibaba-nacos-discovery-2023.0.3.2.jar:2023.0.3.2]
	at com.alibaba.cloud.nacos.discovery.reactive.NacosReactiveDiscoveryClient.lambda$getServices$3(NacosReactiveDiscoveryClient.java:87) ~[spring-cloud-starter-alibaba-nacos-discovery-2023.0.3.2.jar:2023.0.3.2]
	at reactor.core.publisher.FluxDefer.subscribe(FluxDefer.java:46) ~[reactor-core-3.6.15.jar:3.6.15]
	at reactor.core.publisher.FluxSubscribeOn$SubscribeOnSubscriber.run(FluxSubscribeOn.java:194) ~[reactor-core-3.6.15.jar:3.6.15]
	at reactor.core.scheduler.WorkerTask.call(WorkerTask.java:84) ~[reactor-core-3.6.15.jar:3.6.15]
	at reactor.core.scheduler.WorkerTask.call(WorkerTask.java:37) ~[reactor-core-3.6.15.jar:3.6.15]
	at java.base/java.util.concurrent.FutureTask.run(FutureTask.java:317) ~[na:na]
	at java.base/java.util.concurrent.ScheduledThreadPoolExecutor$ScheduledFutureTask.run(ScheduledThreadPoolExecutor.java:304) ~[na:na]
	at java.base/java.util.concurrent.ThreadPoolExecutor.runWorker(ThreadPoolExecutor.java:1144) ~[na:na]
	at java.base/java.util.concurrent.ThreadPoolExecutor$Worker.run(ThreadPoolExecutor.java:642) ~[na:na]
	at java.base/java.lang.Thread.run(Thread.java:1583) ~[na:na]

2026-07-02T17:40:59.380+08:00 ERROR 15700 --- [gateway-server] [boundedElastic-5] c.a.c.n.d.r.NacosReactiveDiscoveryClient : get services from nacos server fail,

com.alibaba.nacos.api.exception.NacosException: Client not connected, current status:UNHEALTHY
	at com.alibaba.nacos.common.remote.client.RpcClient.request(RpcClient.java:645) ~[nacos-client-2.4.2.jar:na]
	at com.alibaba.nacos.common.remote.client.RpcClient.request(RpcClient.java:624) ~[nacos-client-2.4.2.jar:na]
	at com.alibaba.nacos.client.naming.remote.gprc.NamingGrpcClientProxy.requestToServer(NamingGrpcClientProxy.java:447) ~[nacos-client-2.4.2.jar:na]
	at com.alibaba.nacos.client.naming.remote.gprc.NamingGrpcClientProxy.getServiceList(NamingGrpcClientProxy.java:368) ~[nacos-client-2.4.2.jar:na]
	at com.alibaba.nacos.client.naming.remote.NamingClientProxyDelegate.getServiceList(NamingClientProxyDelegate.java:159) ~[nacos-client-2.4.2.jar:na]
	at com.alibaba.nacos.client.naming.NacosNamingService.getServicesOfServer(NacosNamingService.java:515) ~[nacos-client-2.4.2.jar:na]
	at com.alibaba.nacos.client.naming.NacosNamingService.getServicesOfServer(NacosNamingService.java:503) ~[nacos-client-2.4.2.jar:na]
	at com.alibaba.cloud.nacos.discovery.NacosServiceDiscovery.getServices(NacosServiceDiscovery.java:70) ~[spring-cloud-starter-alibaba-nacos-discovery-2023.0.3.2.jar:2023.0.3.2]
	at com.alibaba.cloud.nacos.discovery.reactive.NacosReactiveDiscoveryClient.lambda$getServices$3(NacosReactiveDiscoveryClient.java:87) ~[spring-cloud-starter-alibaba-nacos-discovery-2023.0.3.2.jar:2023.0.3.2]
	at reactor.core.publisher.FluxDefer.subscribe(FluxDefer.java:46) ~[reactor-core-3.6.15.jar:3.6.15]
	at reactor.core.publisher.FluxSubscribeOn$SubscribeOnSubscriber.run(FluxSubscribeOn.java:194) ~[reactor-core-3.6.15.jar:3.6.15]
	at reactor.core.scheduler.WorkerTask.call(WorkerTask.java:84) ~[reactor-core-3.6.15.jar:3.6.15]
	at reactor.core.scheduler.WorkerTask.call(WorkerTask.java:37) ~[reactor-core-3.6.15.jar:3.6.15]
	at java.base/java.util.concurrent.FutureTask.run(FutureTask.java:317) ~[na:na]
	at java.base/java.util.concurrent.ScheduledThreadPoolExecutor$ScheduledFutureTask.run(ScheduledThreadPoolExecutor.java:304) ~[na:na]
	at java.base/java.util.concurrent.ThreadPoolExecutor.runWorker(ThreadPoolExecutor.java:1144) ~[na:na]
	at java.base/java.util.concurrent.ThreadPoolExecutor$Worker.run(ThreadPoolExecutor.java:642) ~[na:na]
	at java.base/java.lang.Thread.run(Thread.java:1583) ~[na:na]

2026-07-02T17:41:29.391+08:00 ERROR 15700 --- [gateway-server] [boundedElastic-5] c.a.c.n.d.r.NacosReactiveDiscoveryClient : get services from nacos server fail,

com.alibaba.nacos.api.exception.NacosException: Client not connected, current status:UNHEALTHY
	at com.alibaba.nacos.common.remote.client.RpcClient.request(RpcClient.java:645) ~[nacos-client-2.4.2.jar:na]
	at com.alibaba.nacos.common.remote.client.RpcClient.request(RpcClient.java:624) ~[nacos-client-2.4.2.jar:na]
	at com.alibaba.nacos.client.naming.remote.gprc.NamingGrpcClientProxy.requestToServer(NamingGrpcClientProxy.java:447) ~[nacos-client-2.4.2.jar:na]
	at com.alibaba.nacos.client.naming.remote.gprc.NamingGrpcClientProxy.getServiceList(NamingGrpcClientProxy.java:368) ~[nacos-client-2.4.2.jar:na]
	at com.alibaba.nacos.client.naming.remote.NamingClientProxyDelegate.getServiceList(NamingClientProxyDelegate.java:159) ~[nacos-client-2.4.2.jar:na]
	at com.alibaba.nacos.client.naming.NacosNamingService.getServicesOfServer(NacosNamingService.java:515) ~[nacos-client-2.4.2.jar:na]
	at com.alibaba.nacos.client.naming.NacosNamingService.getServicesOfServer(NacosNamingService.java:503) ~[nacos-client-2.4.2.jar:na]
	at com.alibaba.cloud.nacos.discovery.NacosServiceDiscovery.getServices(NacosServiceDiscovery.java:70) ~[spring-cloud-starter-alibaba-nacos-discovery-2023.0.3.2.jar:2023.0.3.2]
	at com.alibaba.cloud.nacos.discovery.reactive.NacosReactiveDiscoveryClient.lambda$getServices$3(NacosReactiveDiscoveryClient.java:87) ~[spring-cloud-starter-alibaba-nacos-discovery-2023.0.3.2.jar:2023.0.3.2]
	at reactor.core.publisher.FluxDefer.subscribe(FluxDefer.java:46) ~[reactor-core-3.6.15.jar:3.6.15]
	at reactor.core.publisher.FluxSubscribeOn$SubscribeOnSubscriber.run(FluxSubscribeOn.java:194) ~[reactor-core-3.6.15.jar:3.6.15]
	at reactor.core.scheduler.WorkerTask.call(WorkerTask.java:84) ~[reactor-core-3.6.15.jar:3.6.15]
	at reactor.core.scheduler.WorkerTask.call(WorkerTask.java:37) ~[reactor-core-3.6.15.jar:3.6.15]
	at java.base/java.util.concurrent.FutureTask.run(FutureTask.java:317) ~[na:na]
	at java.base/java.util.concurrent.ScheduledThreadPoolExecutor$ScheduledFutureTask.run(ScheduledThreadPoolExecutor.java:304) ~[na:na]
	at java.base/java.util.concurrent.ThreadPoolExecutor.runWorker(ThreadPoolExecutor.java:1144) ~[na:na]
	at java.base/java.util.concurrent.ThreadPoolExecutor$Worker.run(ThreadPoolExecutor.java:642) ~[na:na]
	at java.base/java.lang.Thread.run(Thread.java:1583) ~[na:na]

2026-07-02T17:41:59.393+08:00 ERROR 15700 --- [gateway-server] [boundedElastic-5] c.a.c.n.d.r.NacosReactiveDiscoveryClient : get services from nacos server fail,

com.alibaba.nacos.api.exception.NacosException: Client not connected, current status:UNHEALTHY
	at com.alibaba.nacos.common.remote.client.RpcClient.request(RpcClient.java:645) ~[nacos-client-2.4.2.jar:na]
	at com.alibaba.nacos.common.remote.client.RpcClient.request(RpcClient.java:624) ~[nacos-client-2.4.2.jar:na]
	at com.alibaba.nacos.client.naming.remote.gprc.NamingGrpcClientProxy.requestToServer(NamingGrpcClientProxy.java:447) ~[nacos-client-2.4.2.jar:na]
	at com.alibaba.nacos.client.naming.remote.gprc.NamingGrpcClientProxy.getServiceList(NamingGrpcClientProxy.java:368) ~[nacos-client-2.4.2.jar:na]
	at com.alibaba.nacos.client.naming.remote.NamingClientProxyDelegate.getServiceList(NamingClientProxyDelegate.java:159) ~[nacos-client-2.4.2.jar:na]
	at com.alibaba.nacos.client.naming.NacosNamingService.getServicesOfServer(NacosNamingService.java:515) ~[nacos-client-2.4.2.jar:na]
	at com.alibaba.nacos.client.naming.NacosNamingService.getServicesOfServer(NacosNamingService.java:503) ~[nacos-client-2.4.2.jar:na]
	at com.alibaba.cloud.nacos.discovery.NacosServiceDiscovery.getServices(NacosServiceDiscovery.java:70) ~[spring-cloud-starter-alibaba-nacos-discovery-2023.0.3.2.jar:2023.0.3.2]
	at com.alibaba.cloud.nacos.discovery.reactive.NacosReactiveDiscoveryClient.lambda$getServices$3(NacosReactiveDiscoveryClient.java:87) ~[spring-cloud-starter-alibaba-nacos-discovery-2023.0.3.2.jar:2023.0.3.2]
	at reactor.core.publisher.FluxDefer.subscribe(FluxDefer.java:46) ~[reactor-core-3.6.15.jar:3.6.15]
	at reactor.core.publisher.FluxSubscribeOn$SubscribeOnSubscriber.run(FluxSubscribeOn.java:194) ~[reactor-core-3.6.15.jar:3.6.15]
	at reactor.core.scheduler.WorkerTask.call(WorkerTask.java:84) ~[reactor-core-3.6.15.jar:3.6.15]
	at reactor.core.scheduler.WorkerTask.call(WorkerTask.java:37) ~[reactor-core-3.6.15.jar:3.6.15]
	at java.base/java.util.concurrent.FutureTask.run(FutureTask.java:317) ~[na:na]
	at java.base/java.util.concurrent.ScheduledThreadPoolExecutor$ScheduledFutureTask.run(ScheduledThreadPoolExecutor.java:304) ~[na:na]
	at java.base/java.util.concurrent.ThreadPoolExecutor.runWorker(ThreadPoolExecutor.java:1144) ~[na:na]
	at java.base/java.util.concurrent.ThreadPoolExecutor$Worker.run(ThreadPoolExecutor.java:642) ~[na:na]
	at java.base/java.lang.Thread.run(Thread.java:1583) ~[na:na]

2026-07-02T17:42:29.404+08:00 ERROR 15700 --- [gateway-server] [boundedElastic-5] c.a.c.n.d.r.NacosReactiveDiscoveryClient : get services from nacos server fail,

com.alibaba.nacos.api.exception.NacosException: Client not connected, current status:UNHEALTHY
	at com.alibaba.nacos.common.remote.client.RpcClient.request(RpcClient.java:645) ~[nacos-client-2.4.2.jar:na]
	at com.alibaba.nacos.common.remote.client.RpcClient.request(RpcClient.java:624) ~[nacos-client-2.4.2.jar:na]
	at com.alibaba.nacos.client.naming.remote.gprc.NamingGrpcClientProxy.requestToServer(NamingGrpcClientProxy.java:447) ~[nacos-client-2.4.2.jar:na]
	at com.alibaba.nacos.client.naming.remote.gprc.NamingGrpcClientProxy.getServiceList(NamingGrpcClientProxy.java:368) ~[nacos-client-2.4.2.jar:na]
	at com.alibaba.nacos.client.naming.remote.NamingClientProxyDelegate.getServiceList(NamingClientProxyDelegate.java:159) ~[nacos-client-2.4.2.jar:na]
	at com.alibaba.nacos.client.naming.NacosNamingService.getServicesOfServer(NacosNamingService.java:515) ~[nacos-client-2.4.2.jar:na]
	at com.alibaba.nacos.client.naming.NacosNamingService.getServicesOfServer(NacosNamingService.java:503) ~[nacos-client-2.4.2.jar:na]
	at com.alibaba.cloud.nacos.discovery.NacosServiceDiscovery.getServices(NacosServiceDiscovery.java:70) ~[spring-cloud-starter-alibaba-nacos-discovery-2023.0.3.2.jar:2023.0.3.2]
	at com.alibaba.cloud.nacos.discovery.reactive.NacosReactiveDiscoveryClient.lambda$getServices$3(NacosReactiveDiscoveryClient.java:87) ~[spring-cloud-starter-alibaba-nacos-discovery-2023.0.3.2.jar:2023.0.3.2]
	at reactor.core.publisher.FluxDefer.subscribe(FluxDefer.java:46) ~[reactor-core-3.6.15.jar:3.6.15]
	at reactor.core.publisher.FluxSubscribeOn$SubscribeOnSubscriber.run(FluxSubscribeOn.java:194) ~[reactor-core-3.6.15.jar:3.6.15]
	at reactor.core.scheduler.WorkerTask.call(WorkerTask.java:84) ~[reactor-core-3.6.15.jar:3.6.15]
	at reactor.core.scheduler.WorkerTask.call(WorkerTask.java:37) ~[reactor-core-3.6.15.jar:3.6.15]
	at java.base/java.util.concurrent.FutureTask.run(FutureTask.java:317) ~[na:na]
	at java.base/java.util.concurrent.ScheduledThreadPoolExecutor$ScheduledFutureTask.run(ScheduledThreadPoolExecutor.java:304) ~[na:na]
	at java.base/java.util.concurrent.ThreadPoolExecutor.runWorker(ThreadPoolExecutor.java:1144) ~[na:na]
	at java.base/java.util.concurrent.ThreadPoolExecutor$Worker.run(ThreadPoolExecutor.java:642) ~[na:na]
	at java.base/java.lang.Thread.run(Thread.java:1583) ~[na:na]

2026-07-02T17:42:59.417+08:00 ERROR 15700 --- [gateway-server] [boundedElastic-5] c.a.c.n.d.r.NacosReactiveDiscoveryClient : get services from nacos server fail,

com.alibaba.nacos.api.exception.NacosException: Client not connected, current status:UNHEALTHY
	at com.alibaba.nacos.common.remote.client.RpcClient.request(RpcClient.java:645) ~[nacos-client-2.4.2.jar:na]
	at com.alibaba.nacos.common.remote.client.RpcClient.request(RpcClient.java:624) ~[nacos-client-2.4.2.jar:na]
	at com.alibaba.nacos.client.naming.remote.gprc.NamingGrpcClientProxy.requestToServer(NamingGrpcClientProxy.java:447) ~[nacos-client-2.4.2.jar:na]
	at com.alibaba.nacos.client.naming.remote.gprc.NamingGrpcClientProxy.getServiceList(NamingGrpcClientProxy.java:368) ~[nacos-client-2.4.2.jar:na]
	at com.alibaba.nacos.client.naming.remote.NamingClientProxyDelegate.getServiceList(NamingClientProxyDelegate.java:159) ~[nacos-client-2.4.2.jar:na]
	at com.alibaba.nacos.client.naming.NacosNamingService.getServicesOfServer(NacosNamingService.java:515) ~[nacos-client-2.4.2.jar:na]
	at com.alibaba.nacos.client.naming.NacosNamingService.getServicesOfServer(NacosNamingService.java:503) ~[nacos-client-2.4.2.jar:na]
	at com.alibaba.cloud.nacos.discovery.NacosServiceDiscovery.getServices(NacosServiceDiscovery.java:70) ~[spring-cloud-starter-alibaba-nacos-discovery-2023.0.3.2.jar:2023.0.3.2]
	at com.alibaba.cloud.nacos.discovery.reactive.NacosReactiveDiscoveryClient.lambda$getServices$3(NacosReactiveDiscoveryClient.java:87) ~[spring-cloud-starter-alibaba-nacos-discovery-2023.0.3.2.jar:2023.0.3.2]
	at reactor.core.publisher.FluxDefer.subscribe(FluxDefer.java:46) ~[reactor-core-3.6.15.jar:3.6.15]
	at reactor.core.publisher.FluxSubscribeOn$SubscribeOnSubscriber.run(FluxSubscribeOn.java:194) ~[reactor-core-3.6.15.jar:3.6.15]
	at reactor.core.scheduler.WorkerTask.call(WorkerTask.java:84) ~[reactor-core-3.6.15.jar:3.6.15]
	at reactor.core.scheduler.WorkerTask.call(WorkerTask.java:37) ~[reactor-core-3.6.15.jar:3.6.15]
	at java.base/java.util.concurrent.FutureTask.run(FutureTask.java:317) ~[na:na]
	at java.base/java.util.concurrent.ScheduledThreadPoolExecutor$ScheduledFutureTask.run(ScheduledThreadPoolExecutor.java:304) ~[na:na]
	at java.base/java.util.concurrent.ThreadPoolExecutor.runWorker(ThreadPoolExecutor.java:1144) ~[na:na]
	at java.base/java.util.concurrent.ThreadPoolExecutor$Worker.run(ThreadPoolExecutor.java:642) ~[na:na]
	at java.base/java.lang.Thread.run(Thread.java:1583) ~[na:na]

2026-07-02T17:43:29.416+08:00 ERROR 15700 --- [gateway-server] [boundedElastic-5] c.a.c.n.d.r.NacosReactiveDiscoveryClient : get services from nacos server fail,

com.alibaba.nacos.api.exception.NacosException: Client not connected, current status:UNHEALTHY
	at com.alibaba.nacos.common.remote.client.RpcClient.request(RpcClient.java:645) ~[nacos-client-2.4.2.jar:na]
	at com.alibaba.nacos.common.remote.client.RpcClient.request(RpcClient.java:624) ~[nacos-client-2.4.2.jar:na]
	at com.alibaba.nacos.client.naming.remote.gprc.NamingGrpcClientProxy.requestToServer(NamingGrpcClientProxy.java:447) ~[nacos-client-2.4.2.jar:na]
	at com.alibaba.nacos.client.naming.remote.gprc.NamingGrpcClientProxy.getServiceList(NamingGrpcClientProxy.java:368) ~[nacos-client-2.4.2.jar:na]
	at com.alibaba.nacos.client.naming.remote.NamingClientProxyDelegate.getServiceList(NamingClientProxyDelegate.java:159) ~[nacos-client-2.4.2.jar:na]
	at com.alibaba.nacos.client.naming.NacosNamingService.getServicesOfServer(NacosNamingService.java:515) ~[nacos-client-2.4.2.jar:na]
	at com.alibaba.nacos.client.naming.NacosNamingService.getServicesOfServer(NacosNamingService.java:503) ~[nacos-client-2.4.2.jar:na]
	at com.alibaba.cloud.nacos.discovery.NacosServiceDiscovery.getServices(NacosServiceDiscovery.java:70) ~[spring-cloud-starter-alibaba-nacos-discovery-2023.0.3.2.jar:2023.0.3.2]
	at com.alibaba.cloud.nacos.discovery.reactive.NacosReactiveDiscoveryClient.lambda$getServices$3(NacosReactiveDiscoveryClient.java:87) ~[spring-cloud-starter-alibaba-nacos-discovery-2023.0.3.2.jar:2023.0.3.2]
	at reactor.core.publisher.FluxDefer.subscribe(FluxDefer.java:46) ~[reactor-core-3.6.15.jar:3.6.15]
	at reactor.core.publisher.FluxSubscribeOn$SubscribeOnSubscriber.run(FluxSubscribeOn.java:194) ~[reactor-core-3.6.15.jar:3.6.15]
	at reactor.core.scheduler.WorkerTask.call(WorkerTask.java:84) ~[reactor-core-3.6.15.jar:3.6.15]
	at reactor.core.scheduler.WorkerTask.call(WorkerTask.java:37) ~[reactor-core-3.6.15.jar:3.6.15]
	at java.base/java.util.concurrent.FutureTask.run(FutureTask.java:317) ~[na:na]
	at java.base/java.util.concurrent.ScheduledThreadPoolExecutor$ScheduledFutureTask.run(ScheduledThreadPoolExecutor.java:304) ~[na:na]
	at java.base/java.util.concurrent.ThreadPoolExecutor.runWorker(ThreadPoolExecutor.java:1144) ~[na:na]
	at java.base/java.util.concurrent.ThreadPoolExecutor$Worker.run(ThreadPoolExecutor.java:642) ~[na:na]
	at java.base/java.lang.Thread.run(Thread.java:1583) ~[na:na]

2026-07-02T17:43:59.432+08:00 ERROR 15700 --- [gateway-server] [boundedElastic-5] c.a.c.n.d.r.NacosReactiveDiscoveryClient : get services from nacos server fail,

com.alibaba.nacos.api.exception.NacosException: Client not connected, current status:UNHEALTHY
	at com.alibaba.nacos.common.remote.client.RpcClient.request(RpcClient.java:645) ~[nacos-client-2.4.2.jar:na]
	at com.alibaba.nacos.common.remote.client.RpcClient.request(RpcClient.java:624) ~[nacos-client-2.4.2.jar:na]
	at com.alibaba.nacos.client.naming.remote.gprc.NamingGrpcClientProxy.requestToServer(NamingGrpcClientProxy.java:447) ~[nacos-client-2.4.2.jar:na]
	at com.alibaba.nacos.client.naming.remote.gprc.NamingGrpcClientProxy.getServiceList(NamingGrpcClientProxy.java:368) ~[nacos-client-2.4.2.jar:na]
	at com.alibaba.nacos.client.naming.remote.NamingClientProxyDelegate.getServiceList(NamingClientProxyDelegate.java:159) ~[nacos-client-2.4.2.jar:na]
	at com.alibaba.nacos.client.naming.NacosNamingService.getServicesOfServer(NacosNamingService.java:515) ~[nacos-client-2.4.2.jar:na]
	at com.alibaba.nacos.client.naming.NacosNamingService.getServicesOfServer(NacosNamingService.java:503) ~[nacos-client-2.4.2.jar:na]
	at com.alibaba.cloud.nacos.discovery.NacosServiceDiscovery.getServices(NacosServiceDiscovery.java:70) ~[spring-cloud-starter-alibaba-nacos-discovery-2023.0.3.2.jar:2023.0.3.2]
	at com.alibaba.cloud.nacos.discovery.reactive.NacosReactiveDiscoveryClient.lambda$getServices$3(NacosReactiveDiscoveryClient.java:87) ~[spring-cloud-starter-alibaba-nacos-discovery-2023.0.3.2.jar:2023.0.3.2]
	at reactor.core.publisher.FluxDefer.subscribe(FluxDefer.java:46) ~[reactor-core-3.6.15.jar:3.6.15]
	at reactor.core.publisher.FluxSubscribeOn$SubscribeOnSubscriber.run(FluxSubscribeOn.java:194) ~[reactor-core-3.6.15.jar:3.6.15]
	at reactor.core.scheduler.WorkerTask.call(WorkerTask.java:84) ~[reactor-core-3.6.15.jar:3.6.15]
	at reactor.core.scheduler.WorkerTask.call(WorkerTask.java:37) ~[reactor-core-3.6.15.jar:3.6.15]
	at java.base/java.util.concurrent.FutureTask.run(FutureTask.java:317) ~[na:na]
	at java.base/java.util.concurrent.ScheduledThreadPoolExecutor$ScheduledFutureTask.run(ScheduledThreadPoolExecutor.java:304) ~[na:na]
	at java.base/java.util.concurrent.ThreadPoolExecutor.runWorker(ThreadPoolExecutor.java:1144) ~[na:na]
	at java.base/java.util.concurrent.ThreadPoolExecutor$Worker.run(ThreadPoolExecutor.java:642) ~[na:na]
	at java.base/java.lang.Thread.run(Thread.java:1583) ~[na:na]

2026-07-02T18:13:26.711+08:00 ERROR 15700 --- [gateway-server] [boundedElastic-6] c.a.c.n.d.r.NacosReactiveDiscoveryClient : get services from nacos server fail,

com.alibaba.nacos.api.exception.NacosException: Client not connected, current status:UNHEALTHY
	at com.alibaba.nacos.common.remote.client.RpcClient.request(RpcClient.java:645) ~[nacos-client-2.4.2.jar:na]
	at com.alibaba.nacos.common.remote.client.RpcClient.request(RpcClient.java:624) ~[nacos-client-2.4.2.jar:na]
	at com.alibaba.nacos.client.naming.remote.gprc.NamingGrpcClientProxy.requestToServer(NamingGrpcClientProxy.java:447) ~[nacos-client-2.4.2.jar:na]
	at com.alibaba.nacos.client.naming.remote.gprc.NamingGrpcClientProxy.getServiceList(NamingGrpcClientProxy.java:368) ~[nacos-client-2.4.2.jar:na]
	at com.alibaba.nacos.client.naming.remote.NamingClientProxyDelegate.getServiceList(NamingClientProxyDelegate.java:159) ~[nacos-client-2.4.2.jar:na]
	at com.alibaba.nacos.client.naming.NacosNamingService.getServicesOfServer(NacosNamingService.java:515) ~[nacos-client-2.4.2.jar:na]
	at com.alibaba.nacos.client.naming.NacosNamingService.getServicesOfServer(NacosNamingService.java:503) ~[nacos-client-2.4.2.jar:na]
	at com.alibaba.cloud.nacos.discovery.NacosServiceDiscovery.getServices(NacosServiceDiscovery.java:70) ~[spring-cloud-starter-alibaba-nacos-discovery-2023.0.3.2.jar:2023.0.3.2]
	at com.alibaba.cloud.nacos.discovery.reactive.NacosReactiveDiscoveryClient.lambda$getServices$3(NacosReactiveDiscoveryClient.java:87) ~[spring-cloud-starter-alibaba-nacos-discovery-2023.0.3.2.jar:2023.0.3.2]
	at reactor.core.publisher.FluxDefer.subscribe(FluxDefer.java:46) ~[reactor-core-3.6.15.jar:3.6.15]
	at reactor.core.publisher.FluxSubscribeOn$SubscribeOnSubscriber.run(FluxSubscribeOn.java:194) ~[reactor-core-3.6.15.jar:3.6.15]
	at reactor.core.scheduler.WorkerTask.call(WorkerTask.java:84) ~[reactor-core-3.6.15.jar:3.6.15]
	at reactor.core.scheduler.WorkerTask.call(WorkerTask.java:37) ~[reactor-core-3.6.15.jar:3.6.15]
	at java.base/java.util.concurrent.FutureTask.run(FutureTask.java:317) ~[na:na]
	at java.base/java.util.concurrent.ScheduledThreadPoolExecutor$ScheduledFutureTask.run(ScheduledThreadPoolExecutor.java:304) ~[na:na]
	at java.base/java.util.concurrent.ThreadPoolExecutor.runWorker(ThreadPoolExecutor.java:1144) ~[na:na]
	at java.base/java.util.concurrent.ThreadPoolExecutor$Worker.run(ThreadPoolExecutor.java:642) ~[na:na]
	at java.base/java.lang.Thread.run(Thread.java:1583) ~[na:na]

2026-07-02T18:13:56.720+08:00 ERROR 15700 --- [gateway-server] [boundedElastic-6] c.a.c.n.d.r.NacosReactiveDiscoveryClient : get services from nacos server fail,

com.alibaba.nacos.api.exception.NacosException: Client not connected, current status:UNHEALTHY
	at com.alibaba.nacos.common.remote.client.RpcClient.request(RpcClient.java:645) ~[nacos-client-2.4.2.jar:na]
	at com.alibaba.nacos.common.remote.client.RpcClient.request(RpcClient.java:624) ~[nacos-client-2.4.2.jar:na]
	at com.alibaba.nacos.client.naming.remote.gprc.NamingGrpcClientProxy.requestToServer(NamingGrpcClientProxy.java:447) ~[nacos-client-2.4.2.jar:na]
	at com.alibaba.nacos.client.naming.remote.gprc.NamingGrpcClientProxy.getServiceList(NamingGrpcClientProxy.java:368) ~[nacos-client-2.4.2.jar:na]
	at com.alibaba.nacos.client.naming.remote.NamingClientProxyDelegate.getServiceList(NamingClientProxyDelegate.java:159) ~[nacos-client-2.4.2.jar:na]
	at com.alibaba.nacos.client.naming.NacosNamingService.getServicesOfServer(NacosNamingService.java:515) ~[nacos-client-2.4.2.jar:na]
	at com.alibaba.nacos.client.naming.NacosNamingService.getServicesOfServer(NacosNamingService.java:503) ~[nacos-client-2.4.2.jar:na]
	at com.alibaba.cloud.nacos.discovery.NacosServiceDiscovery.getServices(NacosServiceDiscovery.java:70) ~[spring-cloud-starter-alibaba-nacos-discovery-2023.0.3.2.jar:2023.0.3.2]
	at com.alibaba.cloud.nacos.discovery.reactive.NacosReactiveDiscoveryClient.lambda$getServices$3(NacosReactiveDiscoveryClient.java:87) ~[spring-cloud-starter-alibaba-nacos-discovery-2023.0.3.2.jar:2023.0.3.2]
	at reactor.core.publisher.FluxDefer.subscribe(FluxDefer.java:46) ~[reactor-core-3.6.15.jar:3.6.15]
	at reactor.core.publisher.FluxSubscribeOn$SubscribeOnSubscriber.run(FluxSubscribeOn.java:194) ~[reactor-core-3.6.15.jar:3.6.15]
	at reactor.core.scheduler.WorkerTask.call(WorkerTask.java:84) ~[reactor-core-3.6.15.jar:3.6.15]
	at reactor.core.scheduler.WorkerTask.call(WorkerTask.java:37) ~[reactor-core-3.6.15.jar:3.6.15]
	at java.base/java.util.concurrent.FutureTask.run(FutureTask.java:317) ~[na:na]
	at java.base/java.util.concurrent.ScheduledThreadPoolExecutor$ScheduledFutureTask.run(ScheduledThreadPoolExecutor.java:304) ~[na:na]
	at java.base/java.util.concurrent.ThreadPoolExecutor.runWorker(ThreadPoolExecutor.java:1144) ~[na:na]
	at java.base/java.util.concurrent.ThreadPoolExecutor$Worker.run(ThreadPoolExecutor.java:642) ~[na:na]
	at java.base/java.lang.Thread.run(Thread.java:1583) ~[na:na]

2026-07-02T18:14:26.739+08:00 ERROR 15700 --- [gateway-server] [boundedElastic-6] c.a.c.n.d.r.NacosReactiveDiscoveryClient : get services from nacos server fail,

com.alibaba.nacos.api.exception.NacosException: Client not connected, current status:UNHEALTHY
	at com.alibaba.nacos.common.remote.client.RpcClient.request(RpcClient.java:645) ~[nacos-client-2.4.2.jar:na]
	at com.alibaba.nacos.common.remote.client.RpcClient.request(RpcClient.java:624) ~[nacos-client-2.4.2.jar:na]
	at com.alibaba.nacos.client.naming.remote.gprc.NamingGrpcClientProxy.requestToServer(NamingGrpcClientProxy.java:447) ~[nacos-client-2.4.2.jar:na]
	at com.alibaba.nacos.client.naming.remote.gprc.NamingGrpcClientProxy.getServiceList(NamingGrpcClientProxy.java:368) ~[nacos-client-2.4.2.jar:na]
	at com.alibaba.nacos.client.naming.remote.NamingClientProxyDelegate.getServiceList(NamingClientProxyDelegate.java:159) ~[nacos-client-2.4.2.jar:na]
	at com.alibaba.nacos.client.naming.NacosNamingService.getServicesOfServer(NacosNamingService.java:515) ~[nacos-client-2.4.2.jar:na]
	at com.alibaba.nacos.client.naming.NacosNamingService.getServicesOfServer(NacosNamingService.java:503) ~[nacos-client-2.4.2.jar:na]
	at com.alibaba.cloud.nacos.discovery.NacosServiceDiscovery.getServices(NacosServiceDiscovery.java:70) ~[spring-cloud-starter-alibaba-nacos-discovery-2023.0.3.2.jar:2023.0.3.2]
	at com.alibaba.cloud.nacos.discovery.reactive.NacosReactiveDiscoveryClient.lambda$getServices$3(NacosReactiveDiscoveryClient.java:87) ~[spring-cloud-starter-alibaba-nacos-discovery-2023.0.3.2.jar:2023.0.3.2]
	at reactor.core.publisher.FluxDefer.subscribe(FluxDefer.java:46) ~[reactor-core-3.6.15.jar:3.6.15]
	at reactor.core.publisher.FluxSubscribeOn$SubscribeOnSubscriber.run(FluxSubscribeOn.java:194) ~[reactor-core-3.6.15.jar:3.6.15]
	at reactor.core.scheduler.WorkerTask.call(WorkerTask.java:84) ~[reactor-core-3.6.15.jar:3.6.15]
	at reactor.core.scheduler.WorkerTask.call(WorkerTask.java:37) ~[reactor-core-3.6.15.jar:3.6.15]
	at java.base/java.util.concurrent.FutureTask.run(FutureTask.java:317) ~[na:na]
	at java.base/java.util.concurrent.ScheduledThreadPoolExecutor$ScheduledFutureTask.run(ScheduledThreadPoolExecutor.java:304) ~[na:na]
	at java.base/java.util.concurrent.ThreadPoolExecutor.runWorker(ThreadPoolExecutor.java:1144) ~[na:na]
	at java.base/java.util.concurrent.ThreadPoolExecutor$Worker.run(ThreadPoolExecutor.java:642) ~[na:na]
	at java.base/java.lang.Thread.run(Thread.java:1583) ~[na:na]

2026-07-02T18:14:56.744+08:00 ERROR 15700 --- [gateway-server] [boundedElastic-6] c.a.c.n.d.r.NacosReactiveDiscoveryClient : get services from nacos server fail,

com.alibaba.nacos.api.exception.NacosException: Client not connected, current status:UNHEALTHY
	at com.alibaba.nacos.common.remote.client.RpcClient.request(RpcClient.java:645) ~[nacos-client-2.4.2.jar:na]
	at com.alibaba.nacos.common.remote.client.RpcClient.request(RpcClient.java:624) ~[nacos-client-2.4.2.jar:na]
	at com.alibaba.nacos.client.naming.remote.gprc.NamingGrpcClientProxy.requestToServer(NamingGrpcClientProxy.java:447) ~[nacos-client-2.4.2.jar:na]
	at com.alibaba.nacos.client.naming.remote.gprc.NamingGrpcClientProxy.getServiceList(NamingGrpcClientProxy.java:368) ~[nacos-client-2.4.2.jar:na]
	at com.alibaba.nacos.client.naming.remote.NamingClientProxyDelegate.getServiceList(NamingClientProxyDelegate.java:159) ~[nacos-client-2.4.2.jar:na]
	at com.alibaba.nacos.client.naming.NacosNamingService.getServicesOfServer(NacosNamingService.java:515) ~[nacos-client-2.4.2.jar:na]
	at com.alibaba.nacos.client.naming.NacosNamingService.getServicesOfServer(NacosNamingService.java:503) ~[nacos-client-2.4.2.jar:na]
	at com.alibaba.cloud.nacos.discovery.NacosServiceDiscovery.getServices(NacosServiceDiscovery.java:70) ~[spring-cloud-starter-alibaba-nacos-discovery-2023.0.3.2.jar:2023.0.3.2]
	at com.alibaba.cloud.nacos.discovery.reactive.NacosReactiveDiscoveryClient.lambda$getServices$3(NacosReactiveDiscoveryClient.java:87) ~[spring-cloud-starter-alibaba-nacos-discovery-2023.0.3.2.jar:2023.0.3.2]
	at reactor.core.publisher.FluxDefer.subscribe(FluxDefer.java:46) ~[reactor-core-3.6.15.jar:3.6.15]
	at reactor.core.publisher.FluxSubscribeOn$SubscribeOnSubscriber.run(FluxSubscribeOn.java:194) ~[reactor-core-3.6.15.jar:3.6.15]
	at reactor.core.scheduler.WorkerTask.call(WorkerTask.java:84) ~[reactor-core-3.6.15.jar:3.6.15]
	at reactor.core.scheduler.WorkerTask.call(WorkerTask.java:37) ~[reactor-core-3.6.15.jar:3.6.15]
	at java.base/java.util.concurrent.FutureTask.run(FutureTask.java:317) ~[na:na]
	at java.base/java.util.concurrent.ScheduledThreadPoolExecutor$ScheduledFutureTask.run(ScheduledThreadPoolExecutor.java:304) ~[na:na]
	at java.base/java.util.concurrent.ThreadPoolExecutor.runWorker(ThreadPoolExecutor.java:1144) ~[na:na]
	at java.base/java.util.concurrent.ThreadPoolExecutor$Worker.run(ThreadPoolExecutor.java:642) ~[na:na]
	at java.base/java.lang.Thread.run(Thread.java:1583) ~[na:na]

2026-07-02T18:15:26.761+08:00 ERROR 15700 --- [gateway-server] [boundedElastic-6] c.a.c.n.d.r.NacosReactiveDiscoveryClient : get services from nacos server fail,

com.alibaba.nacos.api.exception.NacosException: Client not connected, current status:UNHEALTHY
	at com.alibaba.nacos.common.remote.client.RpcClient.request(RpcClient.java:645) ~[nacos-client-2.4.2.jar:na]
	at com.alibaba.nacos.common.remote.client.RpcClient.request(RpcClient.java:624) ~[nacos-client-2.4.2.jar:na]
	at com.alibaba.nacos.client.naming.remote.gprc.NamingGrpcClientProxy.requestToServer(NamingGrpcClientProxy.java:447) ~[nacos-client-2.4.2.jar:na]
	at com.alibaba.nacos.client.naming.remote.gprc.NamingGrpcClientProxy.getServiceList(NamingGrpcClientProxy.java:368) ~[nacos-client-2.4.2.jar:na]
	at com.alibaba.nacos.client.naming.remote.NamingClientProxyDelegate.getServiceList(NamingClientProxyDelegate.java:159) ~[nacos-client-2.4.2.jar:na]
	at com.alibaba.nacos.client.naming.NacosNamingService.getServicesOfServer(NacosNamingService.java:515) ~[nacos-client-2.4.2.jar:na]
	at com.alibaba.nacos.client.naming.NacosNamingService.getServicesOfServer(NacosNamingService.java:503) ~[nacos-client-2.4.2.jar:na]
	at com.alibaba.cloud.nacos.discovery.NacosServiceDiscovery.getServices(NacosServiceDiscovery.java:70) ~[spring-cloud-starter-alibaba-nacos-discovery-2023.0.3.2.jar:2023.0.3.2]
	at com.alibaba.cloud.nacos.discovery.reactive.NacosReactiveDiscoveryClient.lambda$getServices$3(NacosReactiveDiscoveryClient.java:87) ~[spring-cloud-starter-alibaba-nacos-discovery-2023.0.3.2.jar:2023.0.3.2]
	at reactor.core.publisher.FluxDefer.subscribe(FluxDefer.java:46) ~[reactor-core-3.6.15.jar:3.6.15]
	at reactor.core.publisher.FluxSubscribeOn$SubscribeOnSubscriber.run(FluxSubscribeOn.java:194) ~[reactor-core-3.6.15.jar:3.6.15]
	at reactor.core.scheduler.WorkerTask.call(WorkerTask.java:84) ~[reactor-core-3.6.15.jar:3.6.15]
	at reactor.core.scheduler.WorkerTask.call(WorkerTask.java:37) ~[reactor-core-3.6.15.jar:3.6.15]
	at java.base/java.util.concurrent.FutureTask.run(FutureTask.java:317) ~[na:na]
	at java.base/java.util.concurrent.ScheduledThreadPoolExecutor$ScheduledFutureTask.run(ScheduledThreadPoolExecutor.java:304) ~[na:na]
	at java.base/java.util.concurrent.ThreadPoolExecutor.runWorker(ThreadPoolExecutor.java:1144) ~[na:na]
	at java.base/java.util.concurrent.ThreadPoolExecutor$Worker.run(ThreadPoolExecutor.java:642) ~[na:na]
	at java.base/java.lang.Thread.run(Thread.java:1583) ~[na:na]

2026-07-02T18:15:56.777+08:00 ERROR 15700 --- [gateway-server] [boundedElastic-6] c.a.c.n.d.r.NacosReactiveDiscoveryClient : get services from nacos server fail,

com.alibaba.nacos.api.exception.NacosException: Client not connected, current status:UNHEALTHY
	at com.alibaba.nacos.common.remote.client.RpcClient.request(RpcClient.java:645) ~[nacos-client-2.4.2.jar:na]
	at com.alibaba.nacos.common.remote.client.RpcClient.request(RpcClient.java:624) ~[nacos-client-2.4.2.jar:na]
	at com.alibaba.nacos.client.naming.remote.gprc.NamingGrpcClientProxy.requestToServer(NamingGrpcClientProxy.java:447) ~[nacos-client-2.4.2.jar:na]
	at com.alibaba.nacos.client.naming.remote.gprc.NamingGrpcClientProxy.getServiceList(NamingGrpcClientProxy.java:368) ~[nacos-client-2.4.2.jar:na]
	at com.alibaba.nacos.client.naming.remote.NamingClientProxyDelegate.getServiceList(NamingClientProxyDelegate.java:159) ~[nacos-client-2.4.2.jar:na]
	at com.alibaba.nacos.client.naming.NacosNamingService.getServicesOfServer(NacosNamingService.java:515) ~[nacos-client-2.4.2.jar:na]
	at com.alibaba.nacos.client.naming.NacosNamingService.getServicesOfServer(NacosNamingService.java:503) ~[nacos-client-2.4.2.jar:na]
	at com.alibaba.cloud.nacos.discovery.NacosServiceDiscovery.getServices(NacosServiceDiscovery.java:70) ~[spring-cloud-starter-alibaba-nacos-discovery-2023.0.3.2.jar:2023.0.3.2]
	at com.alibaba.cloud.nacos.discovery.reactive.NacosReactiveDiscoveryClient.lambda$getServices$3(NacosReactiveDiscoveryClient.java:87) ~[spring-cloud-starter-alibaba-nacos-discovery-2023.0.3.2.jar:2023.0.3.2]
	at reactor.core.publisher.FluxDefer.subscribe(FluxDefer.java:46) ~[reactor-core-3.6.15.jar:3.6.15]
	at reactor.core.publisher.FluxSubscribeOn$SubscribeOnSubscriber.run(FluxSubscribeOn.java:194) ~[reactor-core-3.6.15.jar:3.6.15]
	at reactor.core.scheduler.WorkerTask.call(WorkerTask.java:84) ~[reactor-core-3.6.15.jar:3.6.15]
	at reactor.core.scheduler.WorkerTask.call(WorkerTask.java:37) ~[reactor-core-3.6.15.jar:3.6.15]
	at java.base/java.util.concurrent.FutureTask.run(FutureTask.java:317) ~[na:na]
	at java.base/java.util.concurrent.ScheduledThreadPoolExecutor$ScheduledFutureTask.run(ScheduledThreadPoolExecutor.java:304) ~[na:na]
	at java.base/java.util.concurrent.ThreadPoolExecutor.runWorker(ThreadPoolExecutor.java:1144) ~[na:na]
	at java.base/java.util.concurrent.ThreadPoolExecutor$Worker.run(ThreadPoolExecutor.java:642) ~[na:na]
	at java.base/java.lang.Thread.run(Thread.java:1583) ~[na:na]

2026-07-02T18:16:26.783+08:00 ERROR 15700 --- [gateway-server] [boundedElastic-6] c.a.c.n.d.r.NacosReactiveDiscoveryClient : get services from nacos server fail,

com.alibaba.nacos.api.exception.NacosException: Client not connected, current status:UNHEALTHY
	at com.alibaba.nacos.common.remote.client.RpcClient.request(RpcClient.java:645) ~[nacos-client-2.4.2.jar:na]
	at com.alibaba.nacos.common.remote.client.RpcClient.request(RpcClient.java:624) ~[nacos-client-2.4.2.jar:na]
	at com.alibaba.nacos.client.naming.remote.gprc.NamingGrpcClientProxy.requestToServer(NamingGrpcClientProxy.java:447) ~[nacos-client-2.4.2.jar:na]
	at com.alibaba.nacos.client.naming.remote.gprc.NamingGrpcClientProxy.getServiceList(NamingGrpcClientProxy.java:368) ~[nacos-client-2.4.2.jar:na]
	at com.alibaba.nacos.client.naming.remote.NamingClientProxyDelegate.getServiceList(NamingClientProxyDelegate.java:159) ~[nacos-client-2.4.2.jar:na]
	at com.alibaba.nacos.client.naming.NacosNamingService.getServicesOfServer(NacosNamingService.java:515) ~[nacos-client-2.4.2.jar:na]
	at com.alibaba.nacos.client.naming.NacosNamingService.getServicesOfServer(NacosNamingService.java:503) ~[nacos-client-2.4.2.jar:na]
	at com.alibaba.cloud.nacos.discovery.NacosServiceDiscovery.getServices(NacosServiceDiscovery.java:70) ~[spring-cloud-starter-alibaba-nacos-discovery-2023.0.3.2.jar:2023.0.3.2]
	at com.alibaba.cloud.nacos.discovery.reactive.NacosReactiveDiscoveryClient.lambda$getServices$3(NacosReactiveDiscoveryClient.java:87) ~[spring-cloud-starter-alibaba-nacos-discovery-2023.0.3.2.jar:2023.0.3.2]
	at reactor.core.publisher.FluxDefer.subscribe(FluxDefer.java:46) ~[reactor-core-3.6.15.jar:3.6.15]
	at reactor.core.publisher.FluxSubscribeOn$SubscribeOnSubscriber.run(FluxSubscribeOn.java:194) ~[reactor-core-3.6.15.jar:3.6.15]
	at reactor.core.scheduler.WorkerTask.call(WorkerTask.java:84) ~[reactor-core-3.6.15.jar:3.6.15]
	at reactor.core.scheduler.WorkerTask.call(WorkerTask.java:37) ~[reactor-core-3.6.15.jar:3.6.15]
	at java.base/java.util.concurrent.FutureTask.run(FutureTask.java:317) ~[na:na]
	at java.base/java.util.concurrent.ScheduledThreadPoolExecutor$ScheduledFutureTask.run(ScheduledThreadPoolExecutor.java:304) ~[na:na]
	at java.base/java.util.concurrent.ThreadPoolExecutor.runWorker(ThreadPoolExecutor.java:1144) ~[na:na]
	at java.base/java.util.concurrent.ThreadPoolExecutor$Worker.run(ThreadPoolExecutor.java:642) ~[na:na]
	at java.base/java.lang.Thread.run(Thread.java:1583) ~[na:na]

2026-07-02T18:16:56.782+08:00 ERROR 15700 --- [gateway-server] [boundedElastic-6] c.a.c.n.d.r.NacosReactiveDiscoveryClient : get services from nacos server fail,

com.alibaba.nacos.api.exception.NacosException: Client not connected, current status:UNHEALTHY
	at com.alibaba.nacos.common.remote.client.RpcClient.request(RpcClient.java:645) ~[nacos-client-2.4.2.jar:na]
	at com.alibaba.nacos.common.remote.client.RpcClient.request(RpcClient.java:624) ~[nacos-client-2.4.2.jar:na]
	at com.alibaba.nacos.client.naming.remote.gprc.NamingGrpcClientProxy.requestToServer(NamingGrpcClientProxy.java:447) ~[nacos-client-2.4.2.jar:na]
	at com.alibaba.nacos.client.naming.remote.gprc.NamingGrpcClientProxy.getServiceList(NamingGrpcClientProxy.java:368) ~[nacos-client-2.4.2.jar:na]
	at com.alibaba.nacos.client.naming.remote.NamingClientProxyDelegate.getServiceList(NamingClientProxyDelegate.java:159) ~[nacos-client-2.4.2.jar:na]
	at com.alibaba.nacos.client.naming.NacosNamingService.getServicesOfServer(NacosNamingService.java:515) ~[nacos-client-2.4.2.jar:na]
	at com.alibaba.nacos.client.naming.NacosNamingService.getServicesOfServer(NacosNamingService.java:503) ~[nacos-client-2.4.2.jar:na]
	at com.alibaba.cloud.nacos.discovery.NacosServiceDiscovery.getServices(NacosServiceDiscovery.java:70) ~[spring-cloud-starter-alibaba-nacos-discovery-2023.0.3.2.jar:2023.0.3.2]
	at com.alibaba.cloud.nacos.discovery.reactive.NacosReactiveDiscoveryClient.lambda$getServices$3(NacosReactiveDiscoveryClient.java:87) ~[spring-cloud-starter-alibaba-nacos-discovery-2023.0.3.2.jar:2023.0.3.2]
	at reactor.core.publisher.FluxDefer.subscribe(FluxDefer.java:46) ~[reactor-core-3.6.15.jar:3.6.15]
	at reactor.core.publisher.FluxSubscribeOn$SubscribeOnSubscriber.run(FluxSubscribeOn.java:194) ~[reactor-core-3.6.15.jar:3.6.15]
	at reactor.core.scheduler.WorkerTask.call(WorkerTask.java:84) ~[reactor-core-3.6.15.jar:3.6.15]
	at reactor.core.scheduler.WorkerTask.call(WorkerTask.java:37) ~[reactor-core-3.6.15.jar:3.6.15]
	at java.base/java.util.concurrent.FutureTask.run(FutureTask.java:317) ~[na:na]
	at java.base/java.util.concurrent.ScheduledThreadPoolExecutor$ScheduledFutureTask.run(ScheduledThreadPoolExecutor.java:304) ~[na:na]
	at java.base/java.util.concurrent.ThreadPoolExecutor.runWorker(ThreadPoolExecutor.java:1144) ~[na:na]
	at java.base/java.util.concurrent.ThreadPoolExecutor$Worker.run(ThreadPoolExecutor.java:642) ~[na:na]
	at java.base/java.lang.Thread.run(Thread.java:1583) ~[na:na]

2026-07-02T18:17:26.794+08:00 ERROR 15700 --- [gateway-server] [boundedElastic-6] c.a.c.n.d.r.NacosReactiveDiscoveryClient : get services from nacos server fail,

com.alibaba.nacos.api.exception.NacosException: Client not connected, current status:UNHEALTHY
	at com.alibaba.nacos.common.remote.client.RpcClient.request(RpcClient.java:645) ~[nacos-client-2.4.2.jar:na]
	at com.alibaba.nacos.common.remote.client.RpcClient.request(RpcClient.java:624) ~[nacos-client-2.4.2.jar:na]
	at com.alibaba.nacos.client.naming.remote.gprc.NamingGrpcClientProxy.requestToServer(NamingGrpcClientProxy.java:447) ~[nacos-client-2.4.2.jar:na]
	at com.alibaba.nacos.client.naming.remote.gprc.NamingGrpcClientProxy.getServiceList(NamingGrpcClientProxy.java:368) ~[nacos-client-2.4.2.jar:na]
	at com.alibaba.nacos.client.naming.remote.NamingClientProxyDelegate.getServiceList(NamingClientProxyDelegate.java:159) ~[nacos-client-2.4.2.jar:na]
	at com.alibaba.nacos.client.naming.NacosNamingService.getServicesOfServer(NacosNamingService.java:515) ~[nacos-client-2.4.2.jar:na]
	at com.alibaba.nacos.client.naming.NacosNamingService.getServicesOfServer(NacosNamingService.java:503) ~[nacos-client-2.4.2.jar:na]
	at com.alibaba.cloud.nacos.discovery.NacosServiceDiscovery.getServices(NacosServiceDiscovery.java:70) ~[spring-cloud-starter-alibaba-nacos-discovery-2023.0.3.2.jar:2023.0.3.2]
	at com.alibaba.cloud.nacos.discovery.reactive.NacosReactiveDiscoveryClient.lambda$getServices$3(NacosReactiveDiscoveryClient.java:87) ~[spring-cloud-starter-alibaba-nacos-discovery-2023.0.3.2.jar:2023.0.3.2]
	at reactor.core.publisher.FluxDefer.subscribe(FluxDefer.java:46) ~[reactor-core-3.6.15.jar:3.6.15]
	at reactor.core.publisher.FluxSubscribeOn$SubscribeOnSubscriber.run(FluxSubscribeOn.java:194) ~[reactor-core-3.6.15.jar:3.6.15]
	at reactor.core.scheduler.WorkerTask.call(WorkerTask.java:84) ~[reactor-core-3.6.15.jar:3.6.15]
	at reactor.core.scheduler.WorkerTask.call(WorkerTask.java:37) ~[reactor-core-3.6.15.jar:3.6.15]
	at java.base/java.util.concurrent.FutureTask.run(FutureTask.java:317) ~[na:na]
	at java.base/java.util.concurrent.ScheduledThreadPoolExecutor$ScheduledFutureTask.run(ScheduledThreadPoolExecutor.java:304) ~[na:na]
	at java.base/java.util.concurrent.ThreadPoolExecutor.runWorker(ThreadPoolExecutor.java:1144) ~[na:na]
	at java.base/java.util.concurrent.ThreadPoolExecutor$Worker.run(ThreadPoolExecutor.java:642) ~[na:na]
	at java.base/java.lang.Thread.run(Thread.java:1583) ~[na:na]

2026-07-02T18:17:56.808+08:00 ERROR 15700 --- [gateway-server] [boundedElastic-6] c.a.c.n.d.r.NacosReactiveDiscoveryClient : get services from nacos server fail,

com.alibaba.nacos.api.exception.NacosException: Client not connected, current status:UNHEALTHY
	at com.alibaba.nacos.common.remote.client.RpcClient.request(RpcClient.java:645) ~[nacos-client-2.4.2.jar:na]
	at com.alibaba.nacos.common.remote.client.RpcClient.request(RpcClient.java:624) ~[nacos-client-2.4.2.jar:na]
	at com.alibaba.nacos.client.naming.remote.gprc.NamingGrpcClientProxy.requestToServer(NamingGrpcClientProxy.java:447) ~[nacos-client-2.4.2.jar:na]
	at com.alibaba.nacos.client.naming.remote.gprc.NamingGrpcClientProxy.getServiceList(NamingGrpcClientProxy.java:368) ~[nacos-client-2.4.2.jar:na]
	at com.alibaba.nacos.client.naming.remote.NamingClientProxyDelegate.getServiceList(NamingClientProxyDelegate.java:159) ~[nacos-client-2.4.2.jar:na]
	at com.alibaba.nacos.client.naming.NacosNamingService.getServicesOfServer(NacosNamingService.java:515) ~[nacos-client-2.4.2.jar:na]
	at com.alibaba.nacos.client.naming.NacosNamingService.getServicesOfServer(NacosNamingService.java:503) ~[nacos-client-2.4.2.jar:na]
	at com.alibaba.cloud.nacos.discovery.NacosServiceDiscovery.getServices(NacosServiceDiscovery.java:70) ~[spring-cloud-starter-alibaba-nacos-discovery-2023.0.3.2.jar:2023.0.3.2]
	at com.alibaba.cloud.nacos.discovery.reactive.NacosReactiveDiscoveryClient.lambda$getServices$3(NacosReactiveDiscoveryClient.java:87) ~[spring-cloud-starter-alibaba-nacos-discovery-2023.0.3.2.jar:2023.0.3.2]
	at reactor.core.publisher.FluxDefer.subscribe(FluxDefer.java:46) ~[reactor-core-3.6.15.jar:3.6.15]
	at reactor.core.publisher.FluxSubscribeOn$SubscribeOnSubscriber.run(FluxSubscribeOn.java:194) ~[reactor-core-3.6.15.jar:3.6.15]
	at reactor.core.scheduler.WorkerTask.call(WorkerTask.java:84) ~[reactor-core-3.6.15.jar:3.6.15]
	at reactor.core.scheduler.WorkerTask.call(WorkerTask.java:37) ~[reactor-core-3.6.15.jar:3.6.15]
	at java.base/java.util.concurrent.FutureTask.run(FutureTask.java:317) ~[na:na]
	at java.base/java.util.concurrent.ScheduledThreadPoolExecutor$ScheduledFutureTask.run(ScheduledThreadPoolExecutor.java:304) ~[na:na]
	at java.base/java.util.concurrent.ThreadPoolExecutor.runWorker(ThreadPoolExecutor.java:1144) ~[na:na]
	at java.base/java.util.concurrent.ThreadPoolExecutor$Worker.run(ThreadPoolExecutor.java:642) ~[na:na]
	at java.base/java.lang.Thread.run(Thread.java:1583) ~[na:na]

2026-07-02T18:18:26.816+08:00 ERROR 15700 --- [gateway-server] [boundedElastic-6] c.a.c.n.d.r.NacosReactiveDiscoveryClient : get services from nacos server fail,

com.alibaba.nacos.api.exception.NacosException: Client not connected, current status:UNHEALTHY
	at com.alibaba.nacos.common.remote.client.RpcClient.request(RpcClient.java:645) ~[nacos-client-2.4.2.jar:na]
	at com.alibaba.nacos.common.remote.client.RpcClient.request(RpcClient.java:624) ~[nacos-client-2.4.2.jar:na]
	at com.alibaba.nacos.client.naming.remote.gprc.NamingGrpcClientProxy.requestToServer(NamingGrpcClientProxy.java:447) ~[nacos-client-2.4.2.jar:na]
	at com.alibaba.nacos.client.naming.remote.gprc.NamingGrpcClientProxy.getServiceList(NamingGrpcClientProxy.java:368) ~[nacos-client-2.4.2.jar:na]
	at com.alibaba.nacos.client.naming.remote.NamingClientProxyDelegate.getServiceList(NamingClientProxyDelegate.java:159) ~[nacos-client-2.4.2.jar:na]
	at com.alibaba.nacos.client.naming.NacosNamingService.getServicesOfServer(NacosNamingService.java:515) ~[nacos-client-2.4.2.jar:na]
	at com.alibaba.nacos.client.naming.NacosNamingService.getServicesOfServer(NacosNamingService.java:503) ~[nacos-client-2.4.2.jar:na]
	at com.alibaba.cloud.nacos.discovery.NacosServiceDiscovery.getServices(NacosServiceDiscovery.java:70) ~[spring-cloud-starter-alibaba-nacos-discovery-2023.0.3.2.jar:2023.0.3.2]
	at com.alibaba.cloud.nacos.discovery.reactive.NacosReactiveDiscoveryClient.lambda$getServices$3(NacosReactiveDiscoveryClient.java:87) ~[spring-cloud-starter-alibaba-nacos-discovery-2023.0.3.2.jar:2023.0.3.2]
	at reactor.core.publisher.FluxDefer.subscribe(FluxDefer.java:46) ~[reactor-core-3.6.15.jar:3.6.15]
	at reactor.core.publisher.FluxSubscribeOn$SubscribeOnSubscriber.run(FluxSubscribeOn.java:194) ~[reactor-core-3.6.15.jar:3.6.15]
	at reactor.core.scheduler.WorkerTask.call(WorkerTask.java:84) ~[reactor-core-3.6.15.jar:3.6.15]
	at reactor.core.scheduler.WorkerTask.call(WorkerTask.java:37) ~[reactor-core-3.6.15.jar:3.6.15]
	at java.base/java.util.concurrent.FutureTask.run(FutureTask.java:317) ~[na:na]
	at java.base/java.util.concurrent.ScheduledThreadPoolExecutor$ScheduledFutureTask.run(ScheduledThreadPoolExecutor.java:304) ~[na:na]
	at java.base/java.util.concurrent.ThreadPoolExecutor.runWorker(ThreadPoolExecutor.java:1144) ~[na:na]
	at java.base/java.util.concurrent.ThreadPoolExecutor$Worker.run(ThreadPoolExecutor.java:642) ~[na:na]
	at java.base/java.lang.Thread.run(Thread.java:1583) ~[na:na]

2026-07-02T18:18:56.828+08:00 ERROR 15700 --- [gateway-server] [boundedElastic-6] c.a.c.n.d.r.NacosReactiveDiscoveryClient : get services from nacos server fail,

com.alibaba.nacos.api.exception.NacosException: Client not connected, current status:UNHEALTHY
	at com.alibaba.nacos.common.remote.client.RpcClient.request(RpcClient.java:645) ~[nacos-client-2.4.2.jar:na]
	at com.alibaba.nacos.common.remote.client.RpcClient.request(RpcClient.java:624) ~[nacos-client-2.4.2.jar:na]
	at com.alibaba.nacos.client.naming.remote.gprc.NamingGrpcClientProxy.requestToServer(NamingGrpcClientProxy.java:447) ~[nacos-client-2.4.2.jar:na]
	at com.alibaba.nacos.client.naming.remote.gprc.NamingGrpcClientProxy.getServiceList(NamingGrpcClientProxy.java:368) ~[nacos-client-2.4.2.jar:na]
	at com.alibaba.nacos.client.naming.remote.NamingClientProxyDelegate.getServiceList(NamingClientProxyDelegate.java:159) ~[nacos-client-2.4.2.jar:na]
	at com.alibaba.nacos.client.naming.NacosNamingService.getServicesOfServer(NacosNamingService.java:515) ~[nacos-client-2.4.2.jar:na]
	at com.alibaba.nacos.client.naming.NacosNamingService.getServicesOfServer(NacosNamingService.java:503) ~[nacos-client-2.4.2.jar:na]
	at com.alibaba.cloud.nacos.discovery.NacosServiceDiscovery.getServices(NacosServiceDiscovery.java:70) ~[spring-cloud-starter-alibaba-nacos-discovery-2023.0.3.2.jar:2023.0.3.2]
	at com.alibaba.cloud.nacos.discovery.reactive.NacosReactiveDiscoveryClient.lambda$getServices$3(NacosReactiveDiscoveryClient.java:87) ~[spring-cloud-starter-alibaba-nacos-discovery-2023.0.3.2.jar:2023.0.3.2]
	at reactor.core.publisher.FluxDefer.subscribe(FluxDefer.java:46) ~[reactor-core-3.6.15.jar:3.6.15]
	at reactor.core.publisher.FluxSubscribeOn$SubscribeOnSubscriber.run(FluxSubscribeOn.java:194) ~[reactor-core-3.6.15.jar:3.6.15]
	at reactor.core.scheduler.WorkerTask.call(WorkerTask.java:84) ~[reactor-core-3.6.15.jar:3.6.15]
	at reactor.core.scheduler.WorkerTask.call(WorkerTask.java:37) ~[reactor-core-3.6.15.jar:3.6.15]
	at java.base/java.util.concurrent.FutureTask.run(FutureTask.java:317) ~[na:na]
	at java.base/java.util.concurrent.ScheduledThreadPoolExecutor$ScheduledFutureTask.run(ScheduledThreadPoolExecutor.java:304) ~[na:na]
	at java.base/java.util.concurrent.ThreadPoolExecutor.runWorker(ThreadPoolExecutor.java:1144) ~[na:na]
	at java.base/java.util.concurrent.ThreadPoolExecutor$Worker.run(ThreadPoolExecutor.java:642) ~[na:na]
	at java.base/java.lang.Thread.run(Thread.java:1583) ~[na:na]

2026-07-02T18:19:26.839+08:00 ERROR 15700 --- [gateway-server] [boundedElastic-6] c.a.c.n.d.r.NacosReactiveDiscoveryClient : get services from nacos server fail,

com.alibaba.nacos.api.exception.NacosException: Client not connected, current status:UNHEALTHY
	at com.alibaba.nacos.common.remote.client.RpcClient.request(RpcClient.java:645) ~[nacos-client-2.4.2.jar:na]
	at com.alibaba.nacos.common.remote.client.RpcClient.request(RpcClient.java:624) ~[nacos-client-2.4.2.jar:na]
	at com.alibaba.nacos.client.naming.remote.gprc.NamingGrpcClientProxy.requestToServer(NamingGrpcClientProxy.java:447) ~[nacos-client-2.4.2.jar:na]
	at com.alibaba.nacos.client.naming.remote.gprc.NamingGrpcClientProxy.getServiceList(NamingGrpcClientProxy.java:368) ~[nacos-client-2.4.2.jar:na]
	at com.alibaba.nacos.client.naming.remote.NamingClientProxyDelegate.getServiceList(NamingClientProxyDelegate.java:159) ~[nacos-client-2.4.2.jar:na]
	at com.alibaba.nacos.client.naming.NacosNamingService.getServicesOfServer(NacosNamingService.java:515) ~[nacos-client-2.4.2.jar:na]
	at com.alibaba.nacos.client.naming.NacosNamingService.getServicesOfServer(NacosNamingService.java:503) ~[nacos-client-2.4.2.jar:na]
	at com.alibaba.cloud.nacos.discovery.NacosServiceDiscovery.getServices(NacosServiceDiscovery.java:70) ~[spring-cloud-starter-alibaba-nacos-discovery-2023.0.3.2.jar:2023.0.3.2]
	at com.alibaba.cloud.nacos.discovery.reactive.NacosReactiveDiscoveryClient.lambda$getServices$3(NacosReactiveDiscoveryClient.java:87) ~[spring-cloud-starter-alibaba-nacos-discovery-2023.0.3.2.jar:2023.0.3.2]
	at reactor.core.publisher.FluxDefer.subscribe(FluxDefer.java:46) ~[reactor-core-3.6.15.jar:3.6.15]
	at reactor.core.publisher.FluxSubscribeOn$SubscribeOnSubscriber.run(FluxSubscribeOn.java:194) ~[reactor-core-3.6.15.jar:3.6.15]
	at reactor.core.scheduler.WorkerTask.call(WorkerTask.java:84) ~[reactor-core-3.6.15.jar:3.6.15]
	at reactor.core.scheduler.WorkerTask.call(WorkerTask.java:37) ~[reactor-core-3.6.15.jar:3.6.15]
	at java.base/java.util.concurrent.FutureTask.run(FutureTask.java:317) ~[na:na]
	at java.base/java.util.concurrent.ScheduledThreadPoolExecutor$ScheduledFutureTask.run(ScheduledThreadPoolExecutor.java:304) ~[na:na]
	at java.base/java.util.concurrent.ThreadPoolExecutor.runWorker(ThreadPoolExecutor.java:1144) ~[na:na]
	at java.base/java.util.concurrent.ThreadPoolExecutor$Worker.run(ThreadPoolExecutor.java:642) ~[na:na]
	at java.base/java.lang.Thread.run(Thread.java:1583) ~[na:na]

2026-07-02T18:19:52.612+08:00  WARN 15700 --- [gateway-server] [Thread-22] c.a.n.common.http.HttpClientBeanHolder   : [HttpClientBeanHolder] Start destroying common HttpClient
2026-07-02T18:19:52.611+08:00  WARN 15700 --- [gateway-server] [Thread-20] c.a.nacos.common.notify.NotifyCenter     : [NotifyCenter] Start destroying Publisher
2026-07-02T18:19:52.613+08:00  WARN 15700 --- [gateway-server] [Thread-2] c.a.n.common.executor.ThreadPoolManager  : [ThreadPoolManager] Start destroying ThreadPool
2026-07-02T18:19:52.613+08:00  WARN 15700 --- [gateway-server] [Thread-20] c.a.nacos.common.notify.NotifyCenter     : [NotifyCenter] Destruction of the end
2026-07-02T18:19:52.616+08:00  WARN 15700 --- [gateway-server] [Thread-2] c.a.n.common.executor.ThreadPoolManager  : [ThreadPoolManager] Destruction of the end
2026-07-02T18:19:52.621+08:00  WARN 15700 --- [gateway-server] [Thread-22] c.a.n.common.http.HttpClientBeanHolder   : [HttpClientBeanHolder] Destruction of the end
2026-07-02T18:19:54.871+08:00  INFO 15700 --- [gateway-server] [SpringApplicationShutdownHook] c.a.c.n.registry.NacosServiceRegistry    : De-registering from Nacos Server now...
2026-07-02T18:19:55.421+08:00 ERROR 15700 --- [gateway-server] [SpringApplicationShutdownHook] c.a.c.n.registry.NacosServiceRegistry    : ERR_NACOS_DEREGISTER, de-register failed...NacosRegistration{nacosDiscoveryProperties=NacosDiscoveryProperties{serverAddr='null', username='******', password='******', endpoint='null', namespace='null', watchDelay=30000, logName='null', service='null', weight=1.0, clusterName='null', group='DEFAULT_GROUP', namingLoadCacheAtStart='false', metadata={}, registerEnabled=true, ip='null', networkInterface='', port=-1, secure=false, accessKey='null', secretKey='null', heartBeatInterval=null, heartBeatTimeout=null, ipDeleteTimeout=null, instanceEnabled=true, ephemeral=true, failureToleranceEnabled=false}, ipDeleteTimeout=null, failFast=true}},

com.alibaba.nacos.api.exception.NacosException: Client not connected, current status:UNHEALTHY
	at com.alibaba.nacos.common.remote.client.RpcClient.request(RpcClient.java:645) ~[nacos-client-2.4.2.jar:na]
	at com.alibaba.nacos.common.remote.client.RpcClient.request(RpcClient.java:624) ~[nacos-client-2.4.2.jar:na]
	at com.alibaba.nacos.client.naming.remote.gprc.NamingGrpcClientProxy.requestToServer(NamingGrpcClientProxy.java:447) ~[nacos-client-2.4.2.jar:na]
	at com.alibaba.nacos.client.naming.remote.gprc.NamingGrpcClientProxy.doDeregisterService(NamingGrpcClientProxy.java:308) ~[nacos-client-2.4.2.jar:na]
	at com.alibaba.nacos.client.naming.remote.gprc.NamingGrpcClientProxy.deregisterServiceForEphemeral(NamingGrpcClientProxy.java:293) ~[nacos-client-2.4.2.jar:na]
	at com.alibaba.nacos.client.naming.remote.gprc.NamingGrpcClientProxy.deregisterService(NamingGrpcClientProxy.java:275) ~[nacos-client-2.4.2.jar:na]
	at com.alibaba.nacos.client.naming.remote.NamingClientProxyDelegate.deregisterService(NamingClientProxyDelegate.java:122) ~[nacos-client-2.4.2.jar:na]
	at com.alibaba.nacos.client.naming.NacosNamingService.deregisterInstance(NacosNamingService.java:211) ~[nacos-client-2.4.2.jar:na]
	at com.alibaba.nacos.client.naming.NacosNamingService.deregisterInstance(NacosNamingService.java:199) ~[nacos-client-2.4.2.jar:na]
	at com.alibaba.cloud.nacos.registry.NacosServiceRegistry.deregister(NacosServiceRegistry.java:107) ~[spring-cloud-starter-alibaba-nacos-discovery-2023.0.3.2.jar:2023.0.3.2]
	at org.springframework.cloud.client.serviceregistry.AbstractAutoServiceRegistration.deregister(AbstractAutoServiceRegistration.java:281) ~[spring-cloud-commons-4.1.5.jar:4.1.5]
	at org.springframework.cloud.client.serviceregistry.AbstractAutoServiceRegistration.stop(AbstractAutoServiceRegistration.java:299) ~[spring-cloud-commons-4.1.5.jar:4.1.5]
	at org.springframework.cloud.client.serviceregistry.AbstractAutoServiceRegistration.destroy(AbstractAutoServiceRegistration.java:233) ~[spring-cloud-commons-4.1.5.jar:4.1.5]
	at java.base/jdk.internal.reflect.DirectMethodHandleAccessor.invoke(DirectMethodHandleAccessor.java:103) ~[na:na]
	at java.base/java.lang.reflect.Method.invoke(Method.java:580) ~[na:na]
	at org.springframework.beans.factory.annotation.InitDestroyAnnotationBeanPostProcessor$LifecycleMethod.invoke(InitDestroyAnnotationBeanPostProcessor.java:457) ~[spring-beans-6.1.18.jar:6.1.18]
	at org.springframework.beans.factory.annotation.InitDestroyAnnotationBeanPostProcessor$LifecycleMetadata.invokeDestroyMethods(InitDestroyAnnotationBeanPostProcessor.java:415) ~[spring-beans-6.1.18.jar:6.1.18]
	at org.springframework.beans.factory.annotation.InitDestroyAnnotationBeanPostProcessor.postProcessBeforeDestruction(InitDestroyAnnotationBeanPostProcessor.java:239) ~[spring-beans-6.1.18.jar:6.1.18]
	at org.springframework.beans.factory.support.DisposableBeanAdapter.destroy(DisposableBeanAdapter.java:202) ~[spring-beans-6.1.18.jar:6.1.18]
	at org.springframework.beans.factory.support.DefaultSingletonBeanRegistry.destroyBean(DefaultSingletonBeanRegistry.java:587) ~[spring-beans-6.1.18.jar:6.1.18]
	at org.springframework.beans.factory.support.DefaultSingletonBeanRegistry.destroySingleton(DefaultSingletonBeanRegistry.java:559) ~[spring-beans-6.1.18.jar:6.1.18]
	at org.springframework.beans.factory.support.DefaultListableBeanFactory.destroySingleton(DefaultListableBeanFactory.java:1207) ~[spring-beans-6.1.18.jar:6.1.18]
	at org.springframework.beans.factory.support.DefaultSingletonBeanRegistry.destroySingletons(DefaultSingletonBeanRegistry.java:520) ~[spring-beans-6.1.18.jar:6.1.18]
	at org.springframework.beans.factory.support.DefaultListableBeanFactory.destroySingletons(DefaultListableBeanFactory.java:1200) ~[spring-beans-6.1.18.jar:6.1.18]
	at org.springframework.context.support.AbstractApplicationContext.destroyBeans(AbstractApplicationContext.java:1195) ~[spring-context-6.1.18.jar:6.1.18]
	at org.springframework.context.support.AbstractApplicationContext.doClose(AbstractApplicationContext.java:1156) ~[spring-context-6.1.18.jar:6.1.18]
	at org.springframework.boot.web.reactive.context.ReactiveWebServerApplicationContext.doClose(ReactiveWebServerApplicationContext.java:155) ~[spring-boot-3.3.10.jar:3.3.10]
	at org.springframework.context.support.AbstractApplicationContext.close(AbstractApplicationContext.java:1102) ~[spring-context-6.1.18.jar:6.1.18]
	at org.springframework.boot.SpringApplicationShutdownHook.closeAndWait(SpringApplicationShutdownHook.java:147) ~[spring-boot-3.3.10.jar:3.3.10]
	at java.base/java.lang.Iterable.forEach(Iterable.java:75) ~[na:na]
	at org.springframework.boot.SpringApplicationShutdownHook.run(SpringApplicationShutdownHook.java:116) ~[spring-boot-3.3.10.jar:3.3.10]
	at java.base/java.lang.Thread.run(Thread.java:1583) ~[na:na]

2026-07-02T18:19:55.424+08:00  INFO 15700 --- [gateway-server] [SpringApplicationShutdownHook] c.a.c.n.registry.NacosServiceRegistry    : De-registration finished.
